mark_id,learner_id,subject,teacher_id,term,mark,risk_category
1,1,English,6,1,73,Strong
2,1,English,6,2,80,Strong
3,1,English,6,3,85,Strong
4,1,English,6,4,85,Strong
5,1,Afrikaans,8,1,40,At Risk
6,1,Afrikaans,8,2,50,Passing
7,1,Afrikaans,8,3,48,At Risk
8,1,Afrikaans,8,4,41,At Risk
9,1,Mathematics,2,1,53,Passing
10,1,Mathematics,2,2,49,At Risk
11,1,Mathematics,2,3,51,Passing
12,1,Mathematics,2,4,38,High Risk
13,1,Life Science,14,1,72,Strong
14,1,Life Science,14,2,76,Strong
15,1,Life Science,14,3,81,Strong
16,1,Life Science,14,4,82,Strong
17,1,Geography,21,1,49,At Risk
18,1,Geography,21,2,62,Passing
19,1,Geography,21,3,51,Passing
20,1,Geography,21,4,58,Passing
21,1,Accounting,25,1,55,Passing
22,1,Accounting,25,2,44,At Risk
23,1,Accounting,25,3,40,At Risk
24,1,Accounting,25,4,46,At Risk
25,2,English,6,1,81,Strong
26,2,English,6,2,83,Strong
27,2,English,6,3,83,Strong
28,2,English,6,4,72,Strong
29,2,Afrikaans,8,1,71,Strong
30,2,Afrikaans,8,2,69,Passing
31,2,Afrikaans,8,3,72,Strong
32,2,Afrikaans,8,4,73,Strong
33,2,Mathematics,1,1,54,Passing
34,2,Mathematics,1,2,63,Passing
35,2,Mathematics,1,3,55,Passing
36,2,Mathematics,1,4,63,Passing
37,2,History,17,1,58,Passing
38,2,History,17,2,55,Passing
39,2,History,17,3,54,Passing
40,2,History,17,4,50,Passing
41,2,Geography,19,1,62,Passing
42,2,Geography,19,2,64,Passing
43,2,Geography,19,3,71,Strong
44,2,Geography,19,4,69,Passing
45,2,Information Technology,22,1,64,Passing
46,2,Information Technology,22,2,62,Passing
47,2,Information Technology,22,3,69,Passing
48,2,Information Technology,22,4,72,Strong
49,3,English,4,1,64,Passing
50,3,English,4,2,76,Strong
51,3,English,4,3,62,Passing
52,3,English,4,4,73,Strong
53,3,Afrikaans,8,1,80,Strong
54,3,Afrikaans,8,2,69,Passing
55,3,Afrikaans,8,3,80,Strong
56,3,Afrikaans,8,4,78,Strong
57,3,Mathematics,3,1,49,At Risk
58,3,Mathematics,3,2,53,Passing
59,3,Mathematics,3,3,58,Passing
60,3,Mathematics,3,4,49,At Risk
61,3,Physical Science,12,1,48,At Risk
62,3,Physical Science,12,2,48,At Risk
63,3,Physical Science,12,3,46,At Risk
64,3,Physical Science,12,4,53,Passing
65,3,Geography,21,1,61,Passing
66,3,Geography,21,2,61,Passing
67,3,Geography,21,3,46,At Risk
68,3,Geography,21,4,55,Passing
69,3,History,16,1,83,Strong
70,3,History,16,2,91,Strong
71,3,History,16,3,83,Strong
72,3,History,16,4,84,Strong
73,4,English,4,1,55,Passing
74,4,English,4,2,64,Passing
75,4,English,4,3,51,Passing
76,4,English,4,4,63,Passing
77,4,Afrikaans,7,1,67,Passing
78,4,Afrikaans,7,2,74,Strong
79,4,Afrikaans,7,3,69,Passing
80,4,Afrikaans,7,4,74,Strong
81,4,Mathematics,3,1,53,Passing
82,4,Mathematics,3,2,55,Passing
83,4,Mathematics,3,3,61,Passing
84,4,Mathematics,3,4,52,Passing
85,4,Accounting,25,1,71,Strong
86,4,Accounting,25,2,71,Strong
87,4,Accounting,25,3,66,Passing
88,4,Accounting,25,4,69,Passing
89,4,Geography,21,1,87,Strong
90,4,Geography,21,2,84,Strong
91,4,Geography,21,3,76,Strong
92,4,Geography,21,4,77,Strong
93,4,Life Science,13,1,80,Strong
94,4,Life Science,13,2,84,Strong
95,4,Life Science,13,3,77,Strong
96,4,Life Science,13,4,91,Strong
97,5,English,5,1,65,Passing
98,5,English,5,2,78,Strong
99,5,English,5,3,65,Passing
100,5,English,5,4,71,Strong
101,5,Afrikaans,7,1,47,At Risk
102,5,Afrikaans,7,2,50,Passing
103,5,Afrikaans,7,3,56,Passing
104,5,Afrikaans,7,4,58,Passing
105,5,Mathematics,2,1,54,Passing
106,5,Mathematics,2,2,43,At Risk
107,5,Mathematics,2,3,48,At Risk
108,5,Mathematics,2,4,55,Passing
109,5,Geography,19,1,61,Passing
110,5,Geography,19,2,74,Strong
111,5,Geography,19,3,62,Passing
112,5,Geography,19,4,73,Strong
113,5,Life Science,15,1,81,Strong
114,5,Life Science,15,2,77,Strong
115,5,Life Science,15,3,82,Strong
116,5,Life Science,15,4,72,Strong
117,5,Physical Science,11,1,60,Passing
118,5,Physical Science,11,2,53,Passing
119,5,Physical Science,11,3,63,Passing
120,5,Physical Science,11,4,56,Passing
121,6,English,6,1,64,Passing
122,6,English,6,2,64,Passing
123,6,English,6,3,61,Passing
124,6,English,6,4,69,Passing
125,6,Afrikaans,9,1,71,Strong
126,6,Afrikaans,9,2,82,Strong
127,6,Afrikaans,9,3,81,Strong
128,6,Afrikaans,9,4,67,Passing
129,6,Mathematics,1,1,37,High Risk
130,6,Mathematics,1,2,45,At Risk
131,6,Mathematics,1,3,43,At Risk
132,6,Mathematics,1,4,41,At Risk
133,6,Geography,19,1,90,Strong
134,6,Geography,19,2,87,Strong
135,6,Geography,19,3,77,Strong
136,6,Geography,19,4,83,Strong
137,6,Information Technology,24,1,59,Passing
138,6,Information Technology,24,2,53,Passing
139,6,Information Technology,24,3,51,Passing
140,6,Information Technology,24,4,57,Passing
141,6,Physical Science,10,1,70,Strong
142,6,Physical Science,10,2,58,Passing
143,6,Physical Science,10,3,59,Passing
144,6,Physical Science,10,4,71,Strong
145,7,English,6,1,77,Strong
146,7,English,6,2,93,Strong
147,7,English,6,3,84,Strong
148,7,English,6,4,81,Strong
149,7,Afrikaans,7,1,68,Passing
150,7,Afrikaans,7,2,55,Passing
151,7,Afrikaans,7,3,66,Passing
152,7,Afrikaans,7,4,62,Passing
153,7,Mathematics,3,1,81,Strong
154,7,Mathematics,3,2,73,Strong
155,7,Mathematics,3,3,70,Strong
156,7,Mathematics,3,4,84,Strong
157,7,Physical Science,12,1,55,Passing
158,7,Physical Science,12,2,69,Passing
159,7,Physical Science,12,3,69,Passing
160,7,Physical Science,12,4,69,Passing
161,7,Geography,21,1,74,Strong
162,7,Geography,21,2,86,Strong
163,7,Geography,21,3,89,Strong
164,7,Geography,21,4,75,Strong
165,7,Life Science,15,1,90,Strong
166,7,Life Science,15,2,89,Strong
167,7,Life Science,15,3,86,Strong
168,7,Life Science,15,4,78,Strong
169,8,English,6,1,63,Passing
170,8,English,6,2,72,Strong
171,8,English,6,3,68,Passing
172,8,English,6,4,64,Passing
173,8,Afrikaans,8,1,84,Strong
174,8,Afrikaans,8,2,78,Strong
175,8,Afrikaans,8,3,75,Strong
176,8,Afrikaans,8,4,85,Strong
177,8,Mathematics,2,1,76,Strong
178,8,Mathematics,2,2,71,Strong
179,8,Mathematics,2,3,80,Strong
180,8,Mathematics,2,4,81,Strong
181,8,Geography,19,1,84,Strong
182,8,Geography,19,2,83,Strong
183,8,Geography,19,3,81,Strong
184,8,Geography,19,4,93,Strong
185,8,Life Science,15,1,49,At Risk
186,8,Life Science,15,2,46,At Risk
187,8,Life Science,15,3,41,At Risk
188,8,Life Science,15,4,46,At Risk
189,8,Physical Science,10,1,42,At Risk
190,8,Physical Science,10,2,41,At Risk
191,8,Physical Science,10,3,48,At Risk
192,8,Physical Science,10,4,44,At Risk
193,9,English,5,1,88,Strong
194,9,English,5,2,81,Strong
195,9,English,5,3,74,Strong
196,9,English,5,4,79,Strong
197,9,Afrikaans,9,1,66,Passing
198,9,Afrikaans,9,2,56,Passing
199,9,Afrikaans,9,3,65,Passing
200,9,Afrikaans,9,4,63,Passing
201,9,Mathematics,1,1,50,Passing
202,9,Mathematics,1,2,52,Passing
203,9,Mathematics,1,3,51,Passing
204,9,Mathematics,1,4,53,Passing
205,9,History,18,1,74,Strong
206,9,History,18,2,69,Passing
207,9,History,18,3,79,Strong
208,9,History,18,4,79,Strong
209,9,Geography,20,1,78,Strong
210,9,Geography,20,2,70,Strong
211,9,Geography,20,3,64,Passing
212,9,Geography,20,4,75,Strong
213,9,Accounting,26,1,52,Passing
214,9,Accounting,26,2,44,At Risk
215,9,Accounting,26,3,48,At Risk
216,9,Accounting,26,4,49,At Risk
217,10,English,4,1,47,At Risk
218,10,English,4,2,55,Passing
219,10,English,4,3,54,Passing
220,10,English,4,4,54,Passing
221,10,Afrikaans,7,1,78,Strong
222,10,Afrikaans,7,2,70,Strong
223,10,Afrikaans,7,3,79,Strong
224,10,Afrikaans,7,4,76,Strong
225,10,Mathematics,2,1,61,Passing
226,10,Mathematics,2,2,71,Strong
227,10,Mathematics,2,3,73,Strong
228,10,Mathematics,2,4,68,Passing
229,10,Life Science,14,1,79,Strong
230,10,Life Science,14,2,80,Strong
231,10,Life Science,14,3,90,Strong
232,10,Life Science,14,4,89,Strong
233,10,Geography,20,1,76,Strong
234,10,Geography,20,2,71,Strong
235,10,Geography,20,3,75,Strong
236,10,Geography,20,4,85,Strong
237,10,History,17,1,46,At Risk
238,10,History,17,2,44,At Risk
239,10,History,17,3,49,At Risk
240,10,History,17,4,53,Passing
241,11,English,6,1,74,Strong
242,11,English,6,2,63,Passing
243,11,English,6,3,66,Passing
244,11,English,6,4,76,Strong
245,11,Afrikaans,7,1,71,Strong
246,11,Afrikaans,7,2,74,Strong
247,11,Afrikaans,7,3,62,Passing
248,11,Afrikaans,7,4,64,Passing
249,11,Mathematics,3,1,76,Strong
250,11,Mathematics,3,2,77,Strong
251,11,Mathematics,3,3,75,Strong
252,11,Mathematics,3,4,73,Strong
253,11,History,18,1,58,Passing
254,11,History,18,2,55,Passing
255,11,History,18,3,60,Passing
256,11,History,18,4,70,Strong
257,11,Geography,19,1,84,Strong
258,11,Geography,19,2,75,Strong
259,11,Geography,19,3,80,Strong
260,11,Geography,19,4,80,Strong
261,11,Accounting,26,1,68,Passing
262,11,Accounting,26,2,71,Strong
263,11,Accounting,26,3,77,Strong
264,11,Accounting,26,4,68,Passing
265,12,English,4,1,50,Passing
266,12,English,4,2,48,At Risk
267,12,English,4,3,60,Passing
268,12,English,4,4,51,Passing
269,12,Afrikaans,7,1,67,Passing
270,12,Afrikaans,7,2,75,Strong
271,12,Afrikaans,7,3,76,Strong
272,12,Afrikaans,7,4,67,Passing
273,12,Mathematics,2,1,76,Strong
274,12,Mathematics,2,2,76,Strong
275,12,Mathematics,2,3,72,Strong
276,12,Mathematics,2,4,72,Strong
277,12,Geography,19,1,78,Strong
278,12,Geography,19,2,69,Passing
279,12,Geography,19,3,65,Passing
280,12,Geography,19,4,68,Passing
281,12,History,16,1,55,Passing
282,12,History,16,2,63,Passing
283,12,History,16,3,48,At Risk
284,12,History,16,4,59,Passing
285,12,Physical Science,10,1,76,Strong
286,12,Physical Science,10,2,79,Strong
287,12,Physical Science,10,3,69,Passing
288,12,Physical Science,10,4,67,Passing
289,13,English,5,1,52,Passing
290,13,English,5,2,55,Passing
291,13,English,5,3,58,Passing
292,13,English,5,4,59,Passing
293,13,Afrikaans,9,1,76,Strong
294,13,Afrikaans,9,2,65,Passing
295,13,Afrikaans,9,3,67,Passing
296,13,Afrikaans,9,4,73,Strong
297,13,Mathematics,3,1,50,Passing
298,13,Mathematics,3,2,50,Passing
299,13,Mathematics,3,3,52,Passing
300,13,Mathematics,3,4,47,At Risk
301,13,Geography,20,1,52,Passing
302,13,Geography,20,2,51,Passing
303,13,Geography,20,3,60,Passing
304,13,Geography,20,4,63,Passing
305,13,Physical Science,11,1,36,High Risk
306,13,Physical Science,11,2,49,At Risk
307,13,Physical Science,11,3,37,High Risk
308,13,Physical Science,11,4,42,At Risk
309,13,Information Technology,23,1,50,Passing
310,13,Information Technology,23,2,55,Passing
311,13,Information Technology,23,3,52,Passing
312,13,Information Technology,23,4,56,Passing
313,14,English,4,1,81,Strong
314,14,English,4,2,74,Strong
315,14,English,4,3,80,Strong
316,14,English,4,4,78,Strong
317,14,Afrikaans,7,1,85,Strong
318,14,Afrikaans,7,2,81,Strong
319,14,Afrikaans,7,3,86,Strong
320,14,Afrikaans,7,4,79,Strong
321,14,Mathematics,2,1,69,Passing
322,14,Mathematics,2,2,68,Passing
323,14,Mathematics,2,3,69,Passing
324,14,Mathematics,2,4,74,Strong
325,14,History,16,1,77,Strong
326,14,History,16,2,76,Strong
327,14,History,16,3,78,Strong
328,14,History,16,4,77,Strong
329,14,Life Science,15,1,82,Strong
330,14,Life Science,15,2,80,Strong
331,14,Life Science,15,3,87,Strong
332,14,Life Science,15,4,74,Strong
333,14,Physical Science,10,1,70,Strong
334,14,Physical Science,10,2,70,Strong
335,14,Physical Science,10,3,76,Strong
336,14,Physical Science,10,4,68,Passing
337,15,English,6,1,73,Strong
338,15,English,6,2,78,Strong
339,15,English,6,3,66,Passing
340,15,English,6,4,65,Passing
341,15,Afrikaans,8,1,61,Passing
342,15,Afrikaans,8,2,60,Passing
343,15,Afrikaans,8,3,62,Passing
344,15,Afrikaans,8,4,61,Passing
345,15,Mathematics,2,1,55,Passing
346,15,Mathematics,2,2,49,At Risk
347,15,Mathematics,2,3,55,Passing
348,15,Mathematics,2,4,55,Passing
349,15,Accounting,26,1,68,Passing
350,15,Accounting,26,2,60,Passing
351,15,Accounting,26,3,67,Passing
352,15,Accounting,26,4,72,Strong
353,15,Physical Science,12,1,68,Passing
354,15,Physical Science,12,2,75,Strong
355,15,Physical Science,12,3,72,Strong
356,15,Physical Science,12,4,79,Strong
357,15,Information Technology,23,1,50,Passing
358,15,Information Technology,23,2,56,Passing
359,15,Information Technology,23,3,49,At Risk
360,15,Information Technology,23,4,46,At Risk
361,16,English,5,1,46,At Risk
362,16,English,5,2,54,Passing
363,16,English,5,3,57,Passing
364,16,English,5,4,58,Passing
365,16,Afrikaans,8,1,57,Passing
366,16,Afrikaans,8,2,62,Passing
367,16,Afrikaans,8,3,62,Passing
368,16,Afrikaans,8,4,58,Passing
369,16,Mathematics,1,1,57,Passing
370,16,Mathematics,1,2,58,Passing
371,16,Mathematics,1,3,56,Passing
372,16,Mathematics,1,4,57,Passing
373,16,Life Science,13,1,72,Strong
374,16,Life Science,13,2,57,Passing
375,16,Life Science,13,3,59,Passing
376,16,Life Science,13,4,69,Passing
377,16,Accounting,25,1,80,Strong
378,16,Accounting,25,2,73,Strong
379,16,Accounting,25,3,72,Strong
380,16,Accounting,25,4,77,Strong
381,16,Physical Science,10,1,34,High Risk
382,16,Physical Science,10,2,42,At Risk
383,16,Physical Science,10,3,48,At Risk
384,16,Physical Science,10,4,48,At Risk
385,17,English,6,1,57,Passing
386,17,English,6,2,60,Passing
387,17,English,6,3,70,Strong
388,17,English,6,4,61,Passing
389,17,Afrikaans,8,1,64,Passing
390,17,Afrikaans,8,2,65,Passing
391,17,Afrikaans,8,3,64,Passing
392,17,Afrikaans,8,4,54,Passing
393,17,Mathematics,3,1,58,Passing
394,17,Mathematics,3,2,63,Passing
395,17,Mathematics,3,3,68,Passing
396,17,Mathematics,3,4,66,Passing
397,17,Information Technology,22,1,51,Passing
398,17,Information Technology,22,2,55,Passing
399,17,Information Technology,22,3,53,Passing
400,17,Information Technology,22,4,47,At Risk
401,17,Life Science,13,1,80,Strong
402,17,Life Science,13,2,81,Strong
403,17,Life Science,13,3,80,Strong
404,17,Life Science,13,4,89,Strong
405,17,Accounting,25,1,67,Passing
406,17,Accounting,25,2,68,Passing
407,17,Accounting,25,3,61,Passing
408,17,Accounting,25,4,63,Passing
409,18,English,5,1,93,Strong
410,18,English,5,2,89,Strong
411,18,English,5,3,93,Strong
412,18,English,5,4,78,Strong
413,18,Afrikaans,9,1,40,At Risk
414,18,Afrikaans,9,2,43,At Risk
415,18,Afrikaans,9,3,49,At Risk
416,18,Afrikaans,9,4,54,Passing
417,18,Mathematics,2,1,79,Strong
418,18,Mathematics,2,2,69,Passing
419,18,Mathematics,2,3,81,Strong
420,18,Mathematics,2,4,69,Passing
421,18,Life Science,15,1,68,Passing
422,18,Life Science,15,2,63,Passing
423,18,Life Science,15,3,70,Strong
424,18,Life Science,15,4,67,Passing
425,18,Geography,21,1,86,Strong
426,18,Geography,21,2,92,Strong
427,18,Geography,21,3,92,Strong
428,18,Geography,21,4,91,Strong
429,18,Physical Science,10,1,75,Strong
430,18,Physical Science,10,2,81,Strong
431,18,Physical Science,10,3,66,Passing
432,18,Physical Science,10,4,77,Strong
433,19,English,4,1,63,Passing
434,19,English,4,2,73,Strong
435,19,English,4,3,69,Passing
436,19,English,4,4,60,Passing
437,19,Afrikaans,7,1,90,Strong
438,19,Afrikaans,7,2,83,Strong
439,19,Afrikaans,7,3,82,Strong
440,19,Afrikaans,7,4,76,Strong
441,19,Mathematics,3,1,84,Strong
442,19,Mathematics,3,2,74,Strong
443,19,Mathematics,3,3,85,Strong
444,19,Mathematics,3,4,81,Strong
445,19,Information Technology,24,1,51,Passing
446,19,Information Technology,24,2,45,At Risk
447,19,Information Technology,24,3,47,At Risk
448,19,Information Technology,24,4,50,Passing
449,19,Life Science,13,1,53,Passing
450,19,Life Science,13,2,49,At Risk
451,19,Life Science,13,3,52,Passing
452,19,Life Science,13,4,43,At Risk
453,19,Geography,20,1,71,Strong
454,19,Geography,20,2,78,Strong
455,19,Geography,20,3,81,Strong
456,19,Geography,20,4,80,Strong
457,20,English,5,1,46,At Risk
458,20,English,5,2,58,Passing
459,20,English,5,3,48,At Risk
460,20,English,5,4,52,Passing
461,20,Afrikaans,9,1,83,Strong
462,20,Afrikaans,9,2,79,Strong
463,20,Afrikaans,9,3,77,Strong
464,20,Afrikaans,9,4,72,Strong
465,20,Mathematics,3,1,71,Strong
466,20,Mathematics,3,2,72,Strong
467,20,Mathematics,3,3,69,Passing
468,20,Mathematics,3,4,76,Strong
469,20,Accounting,26,1,53,Passing
470,20,Accounting,26,2,54,Passing
471,20,Accounting,26,3,55,Passing
472,20,Accounting,26,4,53,Passing
473,20,History,16,1,68,Passing
474,20,History,16,2,65,Passing
475,20,History,16,3,74,Strong
476,20,History,16,4,69,Passing
477,20,Information Technology,22,1,76,Strong
478,20,Information Technology,22,2,73,Strong
479,20,Information Technology,22,3,74,Strong
480,20,Information Technology,22,4,68,Passing
481,21,English,4,1,87,Strong
482,21,English,4,2,87,Strong
483,21,English,4,3,86,Strong
484,21,English,4,4,79,Strong
485,21,Afrikaans,7,1,56,Passing
486,21,Afrikaans,7,2,64,Passing
487,21,Afrikaans,7,3,57,Passing
488,21,Afrikaans,7,4,66,Passing
489,21,Mathematics,3,1,68,Passing
490,21,Mathematics,3,2,75,Strong
491,21,Mathematics,3,3,66,Passing
492,21,Mathematics,3,4,66,Passing
493,21,Life Science,15,1,80,Strong
494,21,Life Science,15,2,80,Strong
495,21,Life Science,15,3,76,Strong
496,21,Life Science,15,4,75,Strong
497,21,Information Technology,24,1,81,Strong
498,21,Information Technology,24,2,81,Strong
499,21,Information Technology,24,3,75,Strong
500,21,Information Technology,24,4,90,Strong
501,21,Physical Science,11,1,51,Passing
502,21,Physical Science,11,2,45,At Risk
503,21,Physical Science,11,3,47,At Risk
504,21,Physical Science,11,4,57,Passing
505,22,English,4,1,75,Strong
506,22,English,4,2,63,Passing
507,22,English,4,3,64,Passing
508,22,English,4,4,60,Passing
509,22,Afrikaans,9,1,77,Strong
510,22,Afrikaans,9,2,85,Strong
511,22,Afrikaans,9,3,87,Strong
512,22,Afrikaans,9,4,87,Strong
513,22,Mathematics,2,1,53,Passing
514,22,Mathematics,2,2,54,Passing
515,22,Mathematics,2,3,53,Passing
516,22,Mathematics,2,4,45,At Risk
517,22,Life Science,13,1,50,Passing
518,22,Life Science,13,2,44,At Risk
519,22,Life Science,13,3,48,At Risk
520,22,Life Science,13,4,56,Passing
521,22,History,18,1,52,Passing
522,22,History,18,2,63,Passing
523,22,History,18,3,66,Passing
524,22,History,18,4,56,Passing
525,22,Physical Science,10,1,49,At Risk
526,22,Physical Science,10,2,48,At Risk
527,22,Physical Science,10,3,57,Passing
528,22,Physical Science,10,4,51,Passing
529,23,English,6,1,69,Passing
530,23,English,6,2,74,Strong
531,23,English,6,3,76,Strong
532,23,English,6,4,75,Strong
533,23,Afrikaans,8,1,61,Passing
534,23,Afrikaans,8,2,59,Passing
535,23,Afrikaans,8,3,53,Passing
536,23,Afrikaans,8,4,51,Passing
537,23,Mathematics,1,1,49,At Risk
538,23,Mathematics,1,2,44,At Risk
539,23,Mathematics,1,3,53,Passing
540,23,Mathematics,1,4,47,At Risk
541,23,Information Technology,23,1,46,At Risk
542,23,Information Technology,23,2,56,Passing
543,23,Information Technology,23,3,55,Passing
544,23,Information Technology,23,4,52,Passing
545,23,Physical Science,11,1,53,Passing
546,23,Physical Science,11,2,54,Passing
547,23,Physical Science,11,3,57,Passing
548,23,Physical Science,11,4,51,Passing
549,23,History,18,1,57,Passing
550,23,History,18,2,48,At Risk
551,23,History,18,3,50,Passing
552,23,History,18,4,49,At Risk
553,24,English,4,1,79,Strong
554,24,English,4,2,76,Strong
555,24,English,4,3,69,Passing
556,24,English,4,4,77,Strong
557,24,Afrikaans,9,1,68,Passing
558,24,Afrikaans,9,2,75,Strong
559,24,Afrikaans,9,3,69,Passing
560,24,Afrikaans,9,4,71,Strong
561,24,Mathematics,2,1,51,Passing
562,24,Mathematics,2,2,59,Passing
563,24,Mathematics,2,3,62,Passing
564,24,Mathematics,2,4,58,Passing
565,24,Information Technology,22,1,41,At Risk
566,24,Information Technology,22,2,52,Passing
567,24,Information Technology,22,3,47,At Risk
568,24,Information Technology,22,4,43,At Risk
569,24,Geography,19,1,80,Strong
570,24,Geography,19,2,73,Strong
571,24,Geography,19,3,67,Passing
572,24,Geography,19,4,73,Strong
573,24,Accounting,26,1,64,Passing
574,24,Accounting,26,2,64,Passing
575,24,Accounting,26,3,61,Passing
576,24,Accounting,26,4,72,Strong
577,25,English,4,1,62,Passing
578,25,English,4,2,59,Passing
579,25,English,4,3,61,Passing
580,25,English,4,4,63,Passing
581,25,Afrikaans,9,1,77,Strong
582,25,Afrikaans,9,2,78,Strong
583,25,Afrikaans,9,3,73,Strong
584,25,Afrikaans,9,4,87,Strong
585,25,Mathematics,3,1,76,Strong
586,25,Mathematics,3,2,71,Strong
587,25,Mathematics,3,3,62,Passing
588,25,Mathematics,3,4,63,Passing
589,25,Accounting,27,1,53,Passing
590,25,Accounting,27,2,43,At Risk
591,25,Accounting,27,3,41,At Risk
592,25,Accounting,27,4,42,At Risk
593,25,Life Science,14,1,74,Strong
594,25,Life Science,14,2,72,Strong
595,25,Life Science,14,3,61,Passing
596,25,Life Science,14,4,64,Passing
597,25,Physical Science,12,1,82,Strong
598,25,Physical Science,12,2,69,Passing
599,25,Physical Science,12,3,83,Strong
600,25,Physical Science,12,4,81,Strong
601,26,English,5,1,56,Passing
602,26,English,5,2,46,At Risk
603,26,English,5,3,58,Passing
604,26,English,5,4,55,Passing
605,26,Afrikaans,9,1,67,Passing
606,26,Afrikaans,9,2,80,Strong
607,26,Afrikaans,9,3,75,Strong
608,26,Afrikaans,9,4,66,Passing
609,26,Mathematics,1,1,65,Passing
610,26,Mathematics,1,2,57,Passing
611,26,Mathematics,1,3,63,Passing
612,26,Mathematics,1,4,59,Passing
613,26,Information Technology,24,1,50,Passing
614,26,Information Technology,24,2,48,At Risk
615,26,Information Technology,24,3,39,High Risk
616,26,Information Technology,24,4,38,High Risk
617,26,Life Science,14,1,57,Passing
618,26,Life Science,14,2,43,At Risk
619,26,Life Science,14,3,51,Passing
620,26,Life Science,14,4,55,Passing
621,26,Physical Science,10,1,45,At Risk
622,26,Physical Science,10,2,54,Passing
623,26,Physical Science,10,3,52,Passing
624,26,Physical Science,10,4,53,Passing
625,27,English,4,1,79,Strong
626,27,English,4,2,79,Strong
627,27,English,4,3,69,Passing
628,27,English,4,4,71,Strong
629,27,Afrikaans,7,1,62,Passing
630,27,Afrikaans,7,2,64,Passing
631,27,Afrikaans,7,3,71,Strong
632,27,Afrikaans,7,4,75,Strong
633,27,Mathematics,3,1,47,At Risk
634,27,Mathematics,3,2,40,At Risk
635,27,Mathematics,3,3,40,At Risk
636,27,Mathematics,3,4,49,At Risk
637,27,Accounting,26,1,76,Strong
638,27,Accounting,26,2,75,Strong
639,27,Accounting,26,3,70,Strong
640,27,Accounting,26,4,70,Strong
641,27,History,18,1,80,Strong
642,27,History,18,2,73,Strong
643,27,History,18,3,77,Strong
644,27,History,18,4,75,Strong
645,27,Physical Science,12,1,38,High Risk
646,27,Physical Science,12,2,50,Passing
647,27,Physical Science,12,3,37,High Risk
648,27,Physical Science,12,4,44,At Risk
649,28,English,4,1,54,Passing
650,28,English,4,2,55,Passing
651,28,English,4,3,53,Passing
652,28,English,4,4,66,Passing
653,28,Afrikaans,8,1,76,Strong
654,28,Afrikaans,8,2,82,Strong
655,28,Afrikaans,8,3,76,Strong
656,28,Afrikaans,8,4,87,Strong
657,28,Mathematics,1,1,67,Passing
658,28,Mathematics,1,2,66,Passing
659,28,Mathematics,1,3,61,Passing
660,28,Mathematics,1,4,64,Passing
661,28,Information Technology,23,1,76,Strong
662,28,Information Technology,23,2,74,Strong
663,28,Information Technology,23,3,77,Strong
664,28,Information Technology,23,4,77,Strong
665,28,Physical Science,12,1,54,Passing
666,28,Physical Science,12,2,49,At Risk
667,28,Physical Science,12,3,61,Passing
668,28,Physical Science,12,4,52,Passing
669,28,History,17,1,75,Strong
670,28,History,17,2,74,Strong
671,28,History,17,3,67,Passing
672,28,History,17,4,71,Strong
673,29,English,6,1,92,Strong
674,29,English,6,2,94,Strong
675,29,English,6,3,80,Strong
676,29,English,6,4,90,Strong
677,29,Afrikaans,8,1,77,Strong
678,29,Afrikaans,8,2,71,Strong
679,29,Afrikaans,8,3,74,Strong
680,29,Afrikaans,8,4,74,Strong
681,29,Mathematics,2,1,50,Passing
682,29,Mathematics,2,2,53,Passing
683,29,Mathematics,2,3,46,At Risk
684,29,Mathematics,2,4,56,Passing
685,29,Information Technology,22,1,57,Passing
686,29,Information Technology,22,2,59,Passing
687,29,Information Technology,22,3,54,Passing
688,29,Information Technology,22,4,64,Passing
689,29,Geography,21,1,55,Passing
690,29,Geography,21,2,55,Passing
691,29,Geography,21,3,58,Passing
692,29,Geography,21,4,46,At Risk
693,29,History,17,1,71,Strong
694,29,History,17,2,72,Strong
695,29,History,17,3,70,Strong
696,29,History,17,4,74,Strong
697,30,English,6,1,58,Passing
698,30,English,6,2,55,Passing
699,30,English,6,3,46,At Risk
700,30,English,6,4,50,Passing
701,30,Afrikaans,9,1,48,At Risk
702,30,Afrikaans,9,2,52,Passing
703,30,Afrikaans,9,3,41,At Risk
704,30,Afrikaans,9,4,42,At Risk
705,30,Mathematics,2,1,50,Passing
706,30,Mathematics,2,2,59,Passing
707,30,Mathematics,2,3,50,Passing
708,30,Mathematics,2,4,54,Passing
709,30,Physical Science,10,1,49,At Risk
710,30,Physical Science,10,2,55,Passing
711,30,Physical Science,10,3,55,Passing
712,30,Physical Science,10,4,52,Passing
713,30,Information Technology,23,1,72,Strong
714,30,Information Technology,23,2,71,Strong
715,30,Information Technology,23,3,77,Strong
716,30,Information Technology,23,4,72,Strong
717,30,History,16,1,85,Strong
718,30,History,16,2,84,Strong
719,30,History,16,3,87,Strong
720,30,History,16,4,89,Strong
721,31,English,6,1,84,Strong
722,31,English,6,2,82,Strong
723,31,English,6,3,81,Strong
724,31,English,6,4,84,Strong
725,31,Afrikaans,9,1,84,Strong
726,31,Afrikaans,9,2,83,Strong
727,31,Afrikaans,9,3,72,Strong
728,31,Afrikaans,9,4,84,Strong
729,31,Mathematics,3,1,58,Passing
730,31,Mathematics,3,2,63,Passing
731,31,Mathematics,3,3,62,Passing
732,31,Mathematics,3,4,65,Passing
733,31,Physical Science,10,1,39,High Risk
734,31,Physical Science,10,2,36,High Risk
735,31,Physical Science,10,3,32,High Risk
736,31,Physical Science,10,4,40,At Risk
737,31,Geography,20,1,87,Strong
738,31,Geography,20,2,83,Strong
739,31,Geography,20,3,78,Strong
740,31,Geography,20,4,80,Strong
741,31,Information Technology,24,1,63,Passing
742,31,Information Technology,24,2,68,Passing
743,31,Information Technology,24,3,63,Passing
744,31,Information Technology,24,4,71,Strong
745,32,English,6,1,84,Strong
746,32,English,6,2,82,Strong
747,32,English,6,3,89,Strong
748,32,English,6,4,89,Strong
749,32,Afrikaans,9,1,71,Strong
750,32,Afrikaans,9,2,77,Strong
751,32,Afrikaans,9,3,71,Strong
752,32,Afrikaans,9,4,70,Strong
753,32,Mathematics,3,1,81,Strong
754,32,Mathematics,3,2,71,Strong
755,32,Mathematics,3,3,67,Passing
756,32,Mathematics,3,4,82,Strong
757,32,Physical Science,12,1,34,High Risk
758,32,Physical Science,12,2,33,High Risk
759,32,Physical Science,12,3,32,High Risk
760,32,Physical Science,12,4,45,At Risk
761,32,Geography,19,1,54,Passing
762,32,Geography,19,2,49,At Risk
763,32,Geography,19,3,51,Passing
764,32,Geography,19,4,47,At Risk
765,32,History,16,1,69,Passing
766,32,History,16,2,67,Passing
767,32,History,16,3,64,Passing
768,32,History,16,4,54,Passing
769,33,English,4,1,93,Strong
770,33,English,4,2,93,Strong
771,33,English,4,3,78,Strong
772,33,English,4,4,78,Strong
773,33,Afrikaans,8,1,84,Strong
774,33,Afrikaans,8,2,71,Strong
775,33,Afrikaans,8,3,71,Strong
776,33,Afrikaans,8,4,87,Strong
777,33,Mathematics,3,1,58,Passing
778,33,Mathematics,3,2,49,At Risk
779,33,Mathematics,3,3,65,Passing
780,33,Mathematics,3,4,62,Passing
781,33,Accounting,27,1,48,At Risk
782,33,Accounting,27,2,48,At Risk
783,33,Accounting,27,3,61,Passing
784,33,Accounting,27,4,49,At Risk
785,33,Geography,20,1,60,Passing
786,33,Geography,20,2,70,Strong
787,33,Geography,20,3,62,Passing
788,33,Geography,20,4,65,Passing
789,33,Life Science,15,1,67,Passing
790,33,Life Science,15,2,57,Passing
791,33,Life Science,15,3,66,Passing
792,33,Life Science,15,4,67,Passing
793,34,English,5,1,75,Strong
794,34,English,5,2,75,Strong
795,34,English,5,3,77,Strong
796,34,English,5,4,70,Strong
797,34,Afrikaans,9,1,41,At Risk
798,34,Afrikaans,9,2,51,Passing
799,34,Afrikaans,9,3,51,Passing
800,34,Afrikaans,9,4,51,Passing
801,34,Mathematics,1,1,82,Strong
802,34,Mathematics,1,2,68,Passing
803,34,Mathematics,1,3,67,Passing
804,34,Mathematics,1,4,72,Strong
805,34,Geography,21,1,59,Passing
806,34,Geography,21,2,57,Passing
807,34,Geography,21,3,54,Passing
808,34,Geography,21,4,47,At Risk
809,34,Life Science,15,1,72,Strong
810,34,Life Science,15,2,78,Strong
811,34,Life Science,15,3,77,Strong
812,34,Life Science,15,4,86,Strong
813,34,History,16,1,58,Passing
814,34,History,16,2,59,Passing
815,34,History,16,3,65,Passing
816,34,History,16,4,58,Passing
817,35,English,4,1,60,Passing
818,35,English,4,2,50,Passing
819,35,English,4,3,56,Passing
820,35,English,4,4,54,Passing
821,35,Afrikaans,7,1,64,Passing
822,35,Afrikaans,7,2,71,Strong
823,35,Afrikaans,7,3,67,Passing
824,35,Afrikaans,7,4,69,Passing
825,35,Mathematics,3,1,80,Strong
826,35,Mathematics,3,2,78,Strong
827,35,Mathematics,3,3,80,Strong
828,35,Mathematics,3,4,72,Strong
829,35,Information Technology,22,1,56,Passing
830,35,Information Technology,22,2,51,Passing
831,35,Information Technology,22,3,41,At Risk
832,35,Information Technology,22,4,43,At Risk
833,35,Accounting,26,1,68,Passing
834,35,Accounting,26,2,63,Passing
835,35,Accounting,26,3,71,Strong
836,35,Accounting,26,4,73,Strong
837,35,Geography,19,1,59,Passing
838,35,Geography,19,2,67,Passing
839,35,Geography,19,3,73,Strong
840,35,Geography,19,4,74,Strong
841,36,English,5,1,64,Passing
842,36,English,5,2,65,Passing
843,36,English,5,3,66,Passing
844,36,English,5,4,58,Passing
845,36,Afrikaans,7,1,86,Strong
846,36,Afrikaans,7,2,76,Strong
847,36,Afrikaans,7,3,83,Strong
848,36,Afrikaans,7,4,81,Strong
849,36,Mathematics,3,1,38,High Risk
850,36,Mathematics,3,2,44,At Risk
851,36,Mathematics,3,3,40,At Risk
852,36,Mathematics,3,4,48,At Risk
853,36,Geography,20,1,83,Strong
854,36,Geography,20,2,91,Strong
855,36,Geography,20,3,89,Strong
856,36,Geography,20,4,90,Strong
857,36,Accounting,25,1,42,At Risk
858,36,Accounting,25,2,40,At Risk
859,36,Accounting,25,3,49,At Risk
860,36,Accounting,25,4,54,Passing
861,36,History,16,1,71,Strong
862,36,History,16,2,66,Passing
863,36,History,16,3,67,Passing
864,36,History,16,4,65,Passing
865,37,English,6,1,63,Passing
866,37,English,6,2,64,Passing
867,37,English,6,3,66,Passing
868,37,English,6,4,63,Passing
869,37,Afrikaans,8,1,43,At Risk
870,37,Afrikaans,8,2,45,At Risk
871,37,Afrikaans,8,3,54,Passing
872,37,Afrikaans,8,4,45,At Risk
873,37,Mathematics,2,1,80,Strong
874,37,Mathematics,2,2,82,Strong
875,37,Mathematics,2,3,70,Strong
876,37,Mathematics,2,4,79,Strong
877,37,History,17,1,78,Strong
878,37,History,17,2,68,Passing
879,37,History,17,3,73,Strong
880,37,History,17,4,82,Strong
881,37,Life Science,15,1,60,Passing
882,37,Life Science,15,2,53,Passing
883,37,Life Science,15,3,52,Passing
884,37,Life Science,15,4,56,Passing
885,37,Physical Science,11,1,57,Passing
886,37,Physical Science,11,2,64,Passing
887,37,Physical Science,11,3,53,Passing
888,37,Physical Science,11,4,51,Passing
889,38,English,6,1,62,Passing
890,38,English,6,2,57,Passing
891,38,English,6,3,62,Passing
892,38,English,6,4,58,Passing
893,38,Afrikaans,7,1,69,Passing
894,38,Afrikaans,7,2,78,Strong
895,38,Afrikaans,7,3,75,Strong
896,38,Afrikaans,7,4,74,Strong
897,38,Mathematics,1,1,87,Strong
898,38,Mathematics,1,2,78,Strong
899,38,Mathematics,1,3,86,Strong
900,38,Mathematics,1,4,75,Strong
901,38,History,16,1,57,Passing
902,38,History,16,2,48,At Risk
903,38,History,16,3,60,Passing
904,38,History,16,4,58,Passing
905,38,Geography,19,1,90,Strong
906,38,Geography,19,2,88,Strong
907,38,Geography,19,3,92,Strong
908,38,Geography,19,4,88,Strong
909,38,Life Science,15,1,69,Passing
910,38,Life Science,15,2,74,Strong
911,38,Life Science,15,3,75,Strong
912,38,Life Science,15,4,71,Strong
913,39,English,5,1,79,Strong
914,39,English,5,2,74,Strong
915,39,English,5,3,81,Strong
916,39,English,5,4,79,Strong
917,39,Afrikaans,8,1,70,Strong
918,39,Afrikaans,8,2,62,Passing
919,39,Afrikaans,8,3,65,Passing
920,39,Afrikaans,8,4,67,Passing
921,39,Mathematics,3,1,61,Passing
922,39,Mathematics,3,2,60,Passing
923,39,Mathematics,3,3,52,Passing
924,39,Mathematics,3,4,55,Passing
925,39,Geography,21,1,81,Strong
926,39,Geography,21,2,76,Strong
927,39,Geography,21,3,90,Strong
928,39,Geography,21,4,82,Strong
929,39,Information Technology,24,1,72,Strong
930,39,Information Technology,24,2,65,Passing
931,39,Information Technology,24,3,76,Strong
932,39,Information Technology,24,4,78,Strong
933,39,Accounting,26,1,51,Passing
934,39,Accounting,26,2,49,At Risk
935,39,Accounting,26,3,50,Passing
936,39,Accounting,26,4,46,At Risk
937,40,English,5,1,78,Strong
938,40,English,5,2,68,Passing
939,40,English,5,3,80,Strong
940,40,English,5,4,81,Strong
941,40,Afrikaans,9,1,86,Strong
942,40,Afrikaans,9,2,90,Strong
943,40,Afrikaans,9,3,87,Strong
944,40,Afrikaans,9,4,75,Strong
945,40,Mathematics,3,1,57,Passing
946,40,Mathematics,3,2,58,Passing
947,40,Mathematics,3,3,62,Passing
948,40,Mathematics,3,4,66,Passing
949,40,History,18,1,51,Passing
950,40,History,18,2,62,Passing
951,40,History,18,3,60,Passing
952,40,History,18,4,63,Passing
953,40,Physical Science,12,1,36,High Risk
954,40,Physical Science,12,2,39,High Risk
955,40,Physical Science,12,3,44,At Risk
956,40,Physical Science,12,4,43,At Risk
957,40,Geography,19,1,87,Strong
958,40,Geography,19,2,78,Strong
959,40,Geography,19,3,85,Strong
960,40,Geography,19,4,82,Strong
961,41,English,4,1,78,Strong
962,41,English,4,2,80,Strong
963,41,English,4,3,68,Passing
964,41,English,4,4,75,Strong
965,41,Afrikaans,8,1,53,Passing
966,41,Afrikaans,8,2,41,At Risk
967,41,Afrikaans,8,3,47,At Risk
968,41,Afrikaans,8,4,51,Passing
969,41,Mathematics,2,1,40,At Risk
970,41,Mathematics,2,2,41,At Risk
971,41,Mathematics,2,3,48,At Risk
972,41,Mathematics,2,4,46,At Risk
973,41,History,18,1,75,Strong
974,41,History,18,2,67,Passing
975,41,History,18,3,77,Strong
976,41,History,18,4,76,Strong
977,41,Life Science,15,1,75,Strong
978,41,Life Science,15,2,63,Passing
979,41,Life Science,15,3,74,Strong
980,41,Life Science,15,4,74,Strong
981,41,Geography,21,1,61,Passing
982,41,Geography,21,2,68,Passing
983,41,Geography,21,3,60,Passing
984,41,Geography,21,4,62,Passing
985,42,English,4,1,50,Passing
986,42,English,4,2,43,At Risk
987,42,English,4,3,45,At Risk
988,42,English,4,4,47,At Risk
989,42,Afrikaans,9,1,75,Strong
990,42,Afrikaans,9,2,75,Strong
991,42,Afrikaans,9,3,80,Strong
992,42,Afrikaans,9,4,83,Strong
993,42,Mathematics,1,1,68,Passing
994,42,Mathematics,1,2,73,Strong
995,42,Mathematics,1,3,66,Passing
996,42,Mathematics,1,4,66,Passing
997,42,Life Science,13,1,91,Strong
998,42,Life Science,13,2,90,Strong
999,42,Life Science,13,3,78,Strong
1000,42,Life Science,13,4,84,Strong
1001,42,History,17,1,81,Strong
1002,42,History,17,2,80,Strong
1003,42,History,17,3,68,Passing
1004,42,History,17,4,74,Strong
1005,42,Information Technology,23,1,56,Passing
1006,42,Information Technology,23,2,50,Passing
1007,42,Information Technology,23,3,51,Passing
1008,42,Information Technology,23,4,53,Passing
1009,43,English,4,1,72,Strong
1010,43,English,4,2,68,Passing
1011,43,English,4,3,76,Strong
1012,43,English,4,4,65,Passing
1013,43,Afrikaans,9,1,68,Passing
1014,43,Afrikaans,9,2,69,Passing
1015,43,Afrikaans,9,3,63,Passing
1016,43,Afrikaans,9,4,65,Passing
1017,43,Mathematics,3,1,83,Strong
1018,43,Mathematics,3,2,74,Strong
1019,43,Mathematics,3,3,82,Strong
1020,43,Mathematics,3,4,82,Strong
1021,43,History,16,1,74,Strong
1022,43,History,16,2,78,Strong
1023,43,History,16,3,71,Strong
1024,43,History,16,4,73,Strong
1025,43,Accounting,25,1,57,Passing
1026,43,Accounting,25,2,61,Passing
1027,43,Accounting,25,3,63,Passing
1028,43,Accounting,25,4,57,Passing
1029,43,Information Technology,22,1,57,Passing
1030,43,Information Technology,22,2,50,Passing
1031,43,Information Technology,22,3,62,Passing
1032,43,Information Technology,22,4,58,Passing
1033,44,English,5,1,69,Passing
1034,44,English,5,2,77,Strong
1035,44,English,5,3,78,Strong
1036,44,English,5,4,70,Strong
1037,44,Afrikaans,7,1,73,Strong
1038,44,Afrikaans,7,2,73,Strong
1039,44,Afrikaans,7,3,83,Strong
1040,44,Afrikaans,7,4,77,Strong
1041,44,Mathematics,3,1,45,At Risk
1042,44,Mathematics,3,2,50,Passing
1043,44,Mathematics,3,3,54,Passing
1044,44,Mathematics,3,4,41,At Risk
1045,44,Information Technology,23,1,57,Passing
1046,44,Information Technology,23,2,72,Strong
1047,44,Information Technology,23,3,61,Passing
1048,44,Information Technology,23,4,63,Passing
1049,44,Physical Science,12,1,70,Strong
1050,44,Physical Science,12,2,69,Passing
1051,44,Physical Science,12,3,67,Passing
1052,44,Physical Science,12,4,69,Passing
1053,44,Life Science,14,1,78,Strong
1054,44,Life Science,14,2,79,Strong
1055,44,Life Science,14,3,69,Passing
1056,44,Life Science,14,4,66,Passing
1057,45,English,5,1,75,Strong
1058,45,English,5,2,82,Strong
1059,45,English,5,3,84,Strong
1060,45,English,5,4,76,Strong
1061,45,Afrikaans,8,1,61,Passing
1062,45,Afrikaans,8,2,63,Passing
1063,45,Afrikaans,8,3,59,Passing
1064,45,Afrikaans,8,4,68,Passing
1065,45,Mathematics,2,1,83,Strong
1066,45,Mathematics,2,2,84,Strong
1067,45,Mathematics,2,3,71,Strong
1068,45,Mathematics,2,4,71,Strong
1069,45,Physical Science,11,1,58,Passing
1070,45,Physical Science,11,2,48,At Risk
1071,45,Physical Science,11,3,61,Passing
1072,45,Physical Science,11,4,53,Passing
1073,45,Life Science,13,1,68,Passing
1074,45,Life Science,13,2,72,Strong
1075,45,Life Science,13,3,74,Strong
1076,45,Life Science,13,4,66,Passing
1077,45,Geography,20,1,75,Strong
1078,45,Geography,20,2,78,Strong
1079,45,Geography,20,3,69,Passing
1080,45,Geography,20,4,81,Strong
1081,46,English,4,1,53,Passing
1082,46,English,4,2,52,Passing
1083,46,English,4,3,57,Passing
1084,46,English,4,4,59,Passing
1085,46,Afrikaans,8,1,51,Passing
1086,46,Afrikaans,8,2,53,Passing
1087,46,Afrikaans,8,3,53,Passing
1088,46,Afrikaans,8,4,48,At Risk
1089,46,Mathematics,1,1,79,Strong
1090,46,Mathematics,1,2,76,Strong
1091,46,Mathematics,1,3,73,Strong
1092,46,Mathematics,1,4,78,Strong
1093,46,Geography,20,1,66,Passing
1094,46,Geography,20,2,65,Passing
1095,46,Geography,20,3,73,Strong
1096,46,Geography,20,4,60,Passing
1097,46,Information Technology,24,1,56,Passing
1098,46,Information Technology,24,2,44,At Risk
1099,46,Information Technology,24,3,51,Passing
1100,46,Information Technology,24,4,47,At Risk
1101,46,Life Science,13,1,53,Passing
1102,46,Life Science,13,2,50,Passing
1103,46,Life Science,13,3,56,Passing
1104,46,Life Science,13,4,53,Passing
1105,47,English,6,1,79,Strong
1106,47,English,6,2,68,Passing
1107,47,English,6,3,72,Strong
1108,47,English,6,4,77,Strong
1109,47,Afrikaans,7,1,75,Strong
1110,47,Afrikaans,7,2,63,Passing
1111,47,Afrikaans,7,3,63,Passing
1112,47,Afrikaans,7,4,73,Strong
1113,47,Mathematics,1,1,72,Strong
1114,47,Mathematics,1,2,75,Strong
1115,47,Mathematics,1,3,78,Strong
1116,47,Mathematics,1,4,79,Strong
1117,47,Accounting,27,1,54,Passing
1118,47,Accounting,27,2,56,Passing
1119,47,Accounting,27,3,68,Passing
1120,47,Accounting,27,4,65,Passing
1121,47,Geography,21,1,55,Passing
1122,47,Geography,21,2,49,At Risk
1123,47,Geography,21,3,56,Passing
1124,47,Geography,21,4,49,At Risk
1125,47,Information Technology,22,1,74,Strong
1126,47,Information Technology,22,2,76,Strong
1127,47,Information Technology,22,3,75,Strong
1128,47,Information Technology,22,4,76,Strong
1129,48,English,5,1,78,Strong
1130,48,English,5,2,89,Strong
1131,48,English,5,3,84,Strong
1132,48,English,5,4,75,Strong
1133,48,Afrikaans,8,1,42,At Risk
1134,48,Afrikaans,8,2,53,Passing
1135,48,Afrikaans,8,3,39,High Risk
1136,48,Afrikaans,8,4,42,At Risk
1137,48,Mathematics,2,1,56,Passing
1138,48,Mathematics,2,2,56,Passing
1139,48,Mathematics,2,3,42,At Risk
1140,48,Mathematics,2,4,55,Passing
1141,48,Geography,19,1,55,Passing
1142,48,Geography,19,2,60,Passing
1143,48,Geography,19,3,56,Passing
1144,48,Geography,19,4,59,Passing
1145,48,Physical Science,10,1,46,At Risk
1146,48,Physical Science,10,2,43,At Risk
1147,48,Physical Science,10,3,37,High Risk
1148,48,Physical Science,10,4,46,At Risk
1149,48,Information Technology,24,1,46,At Risk
1150,48,Information Technology,24,2,57,Passing
1151,48,Information Technology,24,3,54,Passing
1152,48,Information Technology,24,4,52,Passing
1153,49,English,5,1,68,Passing
1154,49,English,5,2,69,Passing
1155,49,English,5,3,66,Passing
1156,49,English,5,4,72,Strong
1157,49,Afrikaans,8,1,69,Passing
1158,49,Afrikaans,8,2,71,Strong
1159,49,Afrikaans,8,3,74,Strong
1160,49,Afrikaans,8,4,83,Strong
1161,49,Mathematics,2,1,60,Passing
1162,49,Mathematics,2,2,60,Passing
1163,49,Mathematics,2,3,70,Strong
1164,49,Mathematics,2,4,63,Passing
1165,49,History,18,1,71,Strong
1166,49,History,18,2,82,Strong
1167,49,History,18,3,69,Passing
1168,49,History,18,4,74,Strong
1169,49,Life Science,15,1,64,Passing
1170,49,Life Science,15,2,65,Passing
1171,49,Life Science,15,3,65,Passing
1172,49,Life Science,15,4,72,Strong
1173,49,Geography,21,1,71,Strong
1174,49,Geography,21,2,66,Passing
1175,49,Geography,21,3,74,Strong
1176,49,Geography,21,4,66,Passing
1177,50,English,5,1,50,Passing
1178,50,English,5,2,64,Passing
1179,50,English,5,3,48,At Risk
1180,50,English,5,4,53,Passing
1181,50,Afrikaans,8,1,76,Strong
1182,50,Afrikaans,8,2,71,Strong
1183,50,Afrikaans,8,3,69,Passing
1184,50,Afrikaans,8,4,78,Strong
1185,50,Mathematics,3,1,85,Strong
1186,50,Mathematics,3,2,77,Strong
1187,50,Mathematics,3,3,73,Strong
1188,50,Mathematics,3,4,74,Strong
1189,50,Accounting,25,1,45,At Risk
1190,50,Accounting,25,2,54,Passing
1191,50,Accounting,25,3,53,Passing
1192,50,Accounting,25,4,55,Passing
1193,50,Life Science,14,1,62,Passing
1194,50,Life Science,14,2,65,Passing
1195,50,Life Science,14,3,66,Passing
1196,50,Life Science,14,4,60,Passing
1197,50,History,18,1,64,Passing
1198,50,History,18,2,55,Passing
1199,50,History,18,3,64,Passing
1200,50,History,18,4,61,Passing
1201,51,English,6,1,88,Strong
1202,51,English,6,2,78,Strong
1203,51,English,6,3,84,Strong
1204,51,English,6,4,81,Strong
1205,51,Afrikaans,9,1,47,At Risk
1206,51,Afrikaans,9,2,55,Passing
1207,51,Afrikaans,9,3,52,Passing
1208,51,Afrikaans,9,4,43,At Risk
1209,51,Mathematics,2,1,62,Passing
1210,51,Mathematics,2,2,49,At Risk
1211,51,Mathematics,2,3,63,Passing
1212,51,Mathematics,2,4,47,At Risk
1213,51,Accounting,27,1,67,Passing
1214,51,Accounting,27,2,61,Passing
1215,51,Accounting,27,3,69,Passing
1216,51,Accounting,27,4,70,Strong
1217,51,Information Technology,24,1,63,Passing
1218,51,Information Technology,24,2,73,Strong
1219,51,Information Technology,24,3,60,Passing
1220,51,Information Technology,24,4,58,Passing
1221,51,History,16,1,79,Strong
1222,51,History,16,2,77,Strong
1223,51,History,16,3,85,Strong
1224,51,History,16,4,83,Strong
1225,52,English,4,1,42,At Risk
1226,52,English,4,2,53,Passing
1227,52,English,4,3,57,Passing
1228,52,English,4,4,50,Passing
1229,52,Afrikaans,7,1,93,Strong
1230,52,Afrikaans,7,2,90,Strong
1231,52,Afrikaans,7,3,90,Strong
1232,52,Afrikaans,7,4,89,Strong
1233,52,Mathematics,1,1,41,At Risk
1234,52,Mathematics,1,2,45,At Risk
1235,52,Mathematics,1,3,39,High Risk
1236,52,Mathematics,1,4,46,At Risk
1237,52,Geography,19,1,60,Passing
1238,52,Geography,19,2,50,Passing
1239,52,Geography,19,3,48,At Risk
1240,52,Geography,19,4,54,Passing
1241,52,Information Technology,23,1,62,Passing
1242,52,Information Technology,23,2,69,Passing
1243,52,Information Technology,23,3,73,Strong
1244,52,Information Technology,23,4,67,Passing
1245,52,History,17,1,50,Passing
1246,52,History,17,2,45,At Risk
1247,52,History,17,3,56,Passing
1248,52,History,17,4,46,At Risk
1249,53,English,5,1,69,Passing
1250,53,English,5,2,77,Strong
1251,53,English,5,3,73,Strong
1252,53,English,5,4,71,Strong
1253,53,Afrikaans,9,1,41,At Risk
1254,53,Afrikaans,9,2,37,High Risk
1255,53,Afrikaans,9,3,42,At Risk
1256,53,Afrikaans,9,4,52,Passing
1257,53,Mathematics,3,1,70,Strong
1258,53,Mathematics,3,2,70,Strong
1259,53,Mathematics,3,3,62,Passing
1260,53,Mathematics,3,4,59,Passing
1261,53,Geography,19,1,66,Passing
1262,53,Geography,19,2,70,Strong
1263,53,Geography,19,3,65,Passing
1264,53,Geography,19,4,62,Passing
1265,53,Information Technology,23,1,69,Passing
1266,53,Information Technology,23,2,64,Passing
1267,53,Information Technology,23,3,72,Strong
1268,53,Information Technology,23,4,58,Passing
1269,53,History,18,1,58,Passing
1270,53,History,18,2,71,Strong
1271,53,History,18,3,70,Strong
1272,53,History,18,4,72,Strong
1273,54,English,4,1,63,Passing
1274,54,English,4,2,77,Strong
1275,54,English,4,3,67,Passing
1276,54,English,4,4,73,Strong
1277,54,Afrikaans,7,1,55,Passing
1278,54,Afrikaans,7,2,50,Passing
1279,54,Afrikaans,7,3,50,Passing
1280,54,Afrikaans,7,4,54,Passing
1281,54,Mathematics,2,1,64,Passing
1282,54,Mathematics,2,2,65,Passing
1283,54,Mathematics,2,3,64,Passing
1284,54,Mathematics,2,4,71,Strong
1285,54,History,16,1,57,Passing
1286,54,History,16,2,53,Passing
1287,54,History,16,3,54,Passing
1288,54,History,16,4,46,At Risk
1289,54,Geography,21,1,51,Passing
1290,54,Geography,21,2,63,Passing
1291,54,Geography,21,3,57,Passing
1292,54,Geography,21,4,60,Passing
1293,54,Accounting,27,1,62,Passing
1294,54,Accounting,27,2,59,Passing
1295,54,Accounting,27,3,57,Passing
1296,54,Accounting,27,4,51,Passing
1297,55,English,4,1,86,Strong
1298,55,English,4,2,78,Strong
1299,55,English,4,3,91,Strong
1300,55,English,4,4,76,Strong
1301,55,Afrikaans,8,1,55,Passing
1302,55,Afrikaans,8,2,64,Passing
1303,55,Afrikaans,8,3,49,At Risk
1304,55,Afrikaans,8,4,60,Passing
1305,55,Mathematics,3,1,50,Passing
1306,55,Mathematics,3,2,45,At Risk
1307,55,Mathematics,3,3,45,At Risk
1308,55,Mathematics,3,4,46,At Risk
1309,55,History,17,1,59,Passing
1310,55,History,17,2,45,At Risk
1311,55,History,17,3,56,Passing
1312,55,History,17,4,51,Passing
1313,55,Accounting,26,1,61,Passing
1314,55,Accounting,26,2,59,Passing
1315,55,Accounting,26,3,66,Passing
1316,55,Accounting,26,4,63,Passing
1317,55,Life Science,14,1,90,Strong
1318,55,Life Science,14,2,81,Strong
1319,55,Life Science,14,3,82,Strong
1320,55,Life Science,14,4,79,Strong
1321,56,English,4,1,52,Passing
1322,56,English,4,2,39,High Risk
1323,56,English,4,3,46,At Risk
1324,56,English,4,4,50,Passing
1325,56,Afrikaans,9,1,77,Strong
1326,56,Afrikaans,9,2,87,Strong
1327,56,Afrikaans,9,3,77,Strong
1328,56,Afrikaans,9,4,89,Strong
1329,56,Mathematics,2,1,54,Passing
1330,56,Mathematics,2,2,57,Passing
1331,56,Mathematics,2,3,67,Passing
1332,56,Mathematics,2,4,58,Passing
1333,56,Physical Science,10,1,71,Strong
1334,56,Physical Science,10,2,57,Passing
1335,56,Physical Science,10,3,60,Passing
1336,56,Physical Science,10,4,64,Passing
1337,56,Life Science,13,1,44,At Risk
1338,56,Life Science,13,2,50,Passing
1339,56,Life Science,13,3,59,Passing
1340,56,Life Science,13,4,56,Passing
1341,56,History,17,1,77,Strong
1342,56,History,17,2,65,Passing
1343,56,History,17,3,66,Passing
1344,56,History,17,4,79,Strong
1345,57,English,5,1,59,Passing
1346,57,English,5,2,49,At Risk
1347,57,English,5,3,48,At Risk
1348,57,English,5,4,60,Passing
1349,57,Afrikaans,7,1,52,Passing
1350,57,Afrikaans,7,2,54,Passing
1351,57,Afrikaans,7,3,53,Passing
1352,57,Afrikaans,7,4,55,Passing
1353,57,Mathematics,2,1,67,Passing
1354,57,Mathematics,2,2,67,Passing
1355,57,Mathematics,2,3,71,Strong
1356,57,Mathematics,2,4,65,Passing
1357,57,Physical Science,10,1,46,At Risk
1358,57,Physical Science,10,2,50,Passing
1359,57,Physical Science,10,3,48,At Risk
1360,57,Physical Science,10,4,47,At Risk
1361,57,Information Technology,22,1,47,At Risk
1362,57,Information Technology,22,2,49,At Risk
1363,57,Information Technology,22,3,58,Passing
1364,57,Information Technology,22,4,58,Passing
1365,57,Life Science,14,1,71,Strong
1366,57,Life Science,14,2,61,Passing
1367,57,Life Science,14,3,69,Passing
1368,57,Life Science,14,4,64,Passing
1369,58,English,5,1,76,Strong
1370,58,English,5,2,81,Strong
1371,58,English,5,3,75,Strong
1372,58,English,5,4,70,Strong
1373,58,Afrikaans,9,1,47,At Risk
1374,58,Afrikaans,9,2,51,Passing
1375,58,Afrikaans,9,3,43,At Risk
1376,58,Afrikaans,9,4,48,At Risk
1377,58,Mathematics,1,1,56,Passing
1378,58,Mathematics,1,2,54,Passing
1379,58,Mathematics,1,3,59,Passing
1380,58,Mathematics,1,4,63,Passing
1381,58,Life Science,13,1,79,Strong
1382,58,Life Science,13,2,64,Passing
1383,58,Life Science,13,3,72,Strong
1384,58,Life Science,13,4,71,Strong
1385,58,Accounting,26,1,45,At Risk
1386,58,Accounting,26,2,57,Passing
1387,58,Accounting,26,3,59,Passing
1388,58,Accounting,26,4,52,Passing
1389,58,Geography,19,1,59,Passing
1390,58,Geography,19,2,48,At Risk
1391,58,Geography,19,3,49,At Risk
1392,58,Geography,19,4,48,At Risk
1393,59,English,5,1,40,At Risk
1394,59,English,5,2,46,At Risk
1395,59,English,5,3,43,At Risk
1396,59,English,5,4,45,At Risk
1397,59,Afrikaans,8,1,73,Strong
1398,59,Afrikaans,8,2,64,Passing
1399,59,Afrikaans,8,3,70,Strong
1400,59,Afrikaans,8,4,64,Passing
1401,59,Mathematics,3,1,35,High Risk
1402,59,Mathematics,3,2,39,High Risk
1403,59,Mathematics,3,3,47,At Risk
1404,59,Mathematics,3,4,37,High Risk
1405,59,History,17,1,55,Passing
1406,59,History,17,2,48,At Risk
1407,59,History,17,3,46,At Risk
1408,59,History,17,4,59,Passing
1409,59,Information Technology,24,1,43,At Risk
1410,59,Information Technology,24,2,51,Passing
1411,59,Information Technology,24,3,50,Passing
1412,59,Information Technology,24,4,53,Passing
1413,59,Accounting,25,1,47,At Risk
1414,59,Accounting,25,2,48,At Risk
1415,59,Accounting,25,3,40,At Risk
1416,59,Accounting,25,4,46,At Risk
1417,60,English,6,1,57,Passing
1418,60,English,6,2,60,Passing
1419,60,English,6,3,60,Passing
1420,60,English,6,4,66,Passing
1421,60,Afrikaans,8,1,47,At Risk
1422,60,Afrikaans,8,2,53,Passing
1423,60,Afrikaans,8,3,55,Passing
1424,60,Afrikaans,8,4,61,Passing
1425,60,Mathematics,2,1,73,Strong
1426,60,Mathematics,2,2,59,Passing
1427,60,Mathematics,2,3,60,Passing
1428,60,Mathematics,2,4,66,Passing
1429,60,Physical Science,12,1,58,Passing
1430,60,Physical Science,12,2,67,Passing
1431,60,Physical Science,12,3,60,Passing
1432,60,Physical Science,12,4,70,Strong
1433,60,Life Science,13,1,53,Passing
1434,60,Life Science,13,2,65,Passing
1435,60,Life Science,13,3,64,Passing
1436,60,Life Science,13,4,68,Passing
1437,60,History,18,1,89,Strong
1438,60,History,18,2,85,Strong
1439,60,History,18,3,90,Strong
1440,60,History,18,4,84,Strong
1441,61,English,4,1,71,Strong
1442,61,English,4,2,68,Passing
1443,61,English,4,3,63,Passing
1444,61,English,4,4,73,Strong
1445,61,Afrikaans,9,1,82,Strong
1446,61,Afrikaans,9,2,75,Strong
1447,61,Afrikaans,9,3,83,Strong
1448,61,Afrikaans,9,4,76,Strong
1449,61,Mathematics,1,1,78,Strong
1450,61,Mathematics,1,2,73,Strong
1451,61,Mathematics,1,3,69,Passing
1452,61,Mathematics,1,4,67,Passing
1453,61,Life Science,13,1,51,Passing
1454,61,Life Science,13,2,51,Passing
1455,61,Life Science,13,3,52,Passing
1456,61,Life Science,13,4,45,At Risk
1457,61,History,17,1,66,Passing
1458,61,History,17,2,65,Passing
1459,61,History,17,3,59,Passing
1460,61,History,17,4,59,Passing
1461,61,Accounting,25,1,59,Passing
1462,61,Accounting,25,2,60,Passing
1463,61,Accounting,25,3,49,At Risk
1464,61,Accounting,25,4,60,Passing
1465,62,English,4,1,79,Strong
1466,62,English,4,2,81,Strong
1467,62,English,4,3,90,Strong
1468,62,English,4,4,84,Strong
1469,62,Afrikaans,9,1,63,Passing
1470,62,Afrikaans,9,2,49,At Risk
1471,62,Afrikaans,9,3,50,Passing
1472,62,Afrikaans,9,4,49,At Risk
1473,62,Mathematics,2,1,53,Passing
1474,62,Mathematics,2,2,46,At Risk
1475,62,Mathematics,2,3,62,Passing
1476,62,Mathematics,2,4,61,Passing
1477,62,History,18,1,50,Passing
1478,62,History,18,2,46,At Risk
1479,62,History,18,3,44,At Risk
1480,62,History,18,4,50,Passing
1481,62,Physical Science,10,1,51,Passing
1482,62,Physical Science,10,2,42,At Risk
1483,62,Physical Science,10,3,41,At Risk
1484,62,Physical Science,10,4,45,At Risk
1485,62,Life Science,14,1,79,Strong
1486,62,Life Science,14,2,78,Strong
1487,62,Life Science,14,3,91,Strong
1488,62,Life Science,14,4,86,Strong
1489,63,English,6,1,54,Passing
1490,63,English,6,2,55,Passing
1491,63,English,6,3,46,At Risk
1492,63,English,6,4,53,Passing
1493,63,Afrikaans,8,1,66,Passing
1494,63,Afrikaans,8,2,60,Passing
1495,63,Afrikaans,8,3,61,Passing
1496,63,Afrikaans,8,4,69,Passing
1497,63,Mathematics,2,1,87,Strong
1498,63,Mathematics,2,2,82,Strong
1499,63,Mathematics,2,3,77,Strong
1500,63,Mathematics,2,4,83,Strong
1501,63,History,18,1,59,Passing
1502,63,History,18,2,66,Passing
1503,63,History,18,3,63,Passing
1504,63,History,18,4,63,Passing
1505,63,Physical Science,11,1,43,At Risk
1506,63,Physical Science,11,2,38,High Risk
1507,63,Physical Science,11,3,50,Passing
1508,63,Physical Science,11,4,39,High Risk
1509,63,Information Technology,23,1,56,Passing
1510,63,Information Technology,23,2,53,Passing
1511,63,Information Technology,23,3,49,At Risk
1512,63,Information Technology,23,4,61,Passing
1513,64,English,5,1,58,Passing
1514,64,English,5,2,50,Passing
1515,64,English,5,3,55,Passing
1516,64,English,5,4,59,Passing
1517,64,Afrikaans,8,1,62,Passing
1518,64,Afrikaans,8,2,59,Passing
1519,64,Afrikaans,8,3,67,Passing
1520,64,Afrikaans,8,4,71,Strong
1521,64,Mathematics,1,1,40,At Risk
1522,64,Mathematics,1,2,38,High Risk
1523,64,Mathematics,1,3,39,High Risk
1524,64,Mathematics,1,4,34,High Risk
1525,64,Information Technology,23,1,65,Passing
1526,64,Information Technology,23,2,60,Passing
1527,64,Information Technology,23,3,57,Passing
1528,64,Information Technology,23,4,58,Passing
1529,64,History,16,1,78,Strong
1530,64,History,16,2,77,Strong
1531,64,History,16,3,69,Passing
1532,64,History,16,4,77,Strong
1533,64,Life Science,15,1,81,Strong
1534,64,Life Science,15,2,80,Strong
1535,64,Life Science,15,3,81,Strong
1536,64,Life Science,15,4,72,Strong
1537,65,English,4,1,76,Strong
1538,65,English,4,2,74,Strong
1539,65,English,4,3,83,Strong
1540,65,English,4,4,71,Strong
1541,65,Afrikaans,8,1,48,At Risk
1542,65,Afrikaans,8,2,39,High Risk
1543,65,Afrikaans,8,3,49,At Risk
1544,65,Afrikaans,8,4,47,At Risk
1545,65,Mathematics,3,1,40,At Risk
1546,65,Mathematics,3,2,48,At Risk
1547,65,Mathematics,3,3,43,At Risk
1548,65,Mathematics,3,4,50,Passing
1549,65,Accounting,25,1,46,At Risk
1550,65,Accounting,25,2,46,At Risk
1551,65,Accounting,25,3,54,Passing
1552,65,Accounting,25,4,59,Passing
1553,65,Geography,20,1,53,Passing
1554,65,Geography,20,2,45,At Risk
1555,65,Geography,20,3,53,Passing
1556,65,Geography,20,4,45,At Risk
1557,65,Physical Science,11,1,36,High Risk
1558,65,Physical Science,11,2,43,At Risk
1559,65,Physical Science,11,3,39,High Risk
1560,65,Physical Science,11,4,39,High Risk
1561,66,English,5,1,73,Strong
1562,66,English,5,2,74,Strong
1563,66,English,5,3,74,Strong
1564,66,English,5,4,72,Strong
1565,66,Afrikaans,9,1,44,At Risk
1566,66,Afrikaans,9,2,55,Passing
1567,66,Afrikaans,9,3,58,Passing
1568,66,Afrikaans,9,4,47,At Risk
1569,66,Mathematics,1,1,46,At Risk
1570,66,Mathematics,1,2,35,High Risk
1571,66,Mathematics,1,3,48,At Risk
1572,66,Mathematics,1,4,37,High Risk
1573,66,Physical Science,10,1,63,Passing
1574,66,Physical Science,10,2,54,Passing
1575,66,Physical Science,10,3,51,Passing
1576,66,Physical Science,10,4,48,At Risk
1577,66,Information Technology,24,1,53,Passing
1578,66,Information Technology,24,2,57,Passing
1579,66,Information Technology,24,3,50,Passing
1580,66,Information Technology,24,4,63,Passing
1581,66,History,18,1,56,Passing
1582,66,History,18,2,59,Passing
1583,66,History,18,3,62,Passing
1584,66,History,18,4,62,Passing
1585,67,English,6,1,57,Passing
1586,67,English,6,2,67,Passing
1587,67,English,6,3,60,Passing
1588,67,English,6,4,66,Passing
1589,67,Afrikaans,7,1,72,Strong
1590,67,Afrikaans,7,2,66,Passing
1591,67,Afrikaans,7,3,75,Strong
1592,67,Afrikaans,7,4,62,Passing
1593,67,Mathematics,1,1,62,Passing
1594,67,Mathematics,1,2,62,Passing
1595,67,Mathematics,1,3,56,Passing
1596,67,Mathematics,1,4,55,Passing
1597,67,Geography,21,1,57,Passing
1598,67,Geography,21,2,60,Passing
1599,67,Geography,21,3,59,Passing
1600,67,Geography,21,4,58,Passing
1601,67,Accounting,26,1,69,Passing
1602,67,Accounting,26,2,63,Passing
1603,67,Accounting,26,3,57,Passing
1604,67,Accounting,26,4,68,Passing
1605,67,Information Technology,22,1,81,Strong
1606,67,Information Technology,22,2,83,Strong
1607,67,Information Technology,22,3,75,Strong
1608,67,Information Technology,22,4,83,Strong
1609,68,English,4,1,60,Passing
1610,68,English,4,2,70,Strong
1611,68,English,4,3,59,Passing
1612,68,English,4,4,74,Strong
1613,68,Afrikaans,7,1,89,Strong
1614,68,Afrikaans,7,2,77,Strong
1615,68,Afrikaans,7,3,76,Strong
1616,68,Afrikaans,7,4,87,Strong
1617,68,Mathematics,1,1,48,At Risk
1618,68,Mathematics,1,2,49,At Risk
1619,68,Mathematics,1,3,49,At Risk
1620,68,Mathematics,1,4,47,At Risk
1621,68,History,17,1,55,Passing
1622,68,History,17,2,44,At Risk
1623,68,History,17,3,55,Passing
1624,68,History,17,4,48,At Risk
1625,68,Life Science,13,1,82,Strong
1626,68,Life Science,13,2,86,Strong
1627,68,Life Science,13,3,88,Strong
1628,68,Life Science,13,4,80,Strong
1629,68,Physical Science,12,1,47,At Risk
1630,68,Physical Science,12,2,47,At Risk
1631,68,Physical Science,12,3,45,At Risk
1632,68,Physical Science,12,4,43,At Risk
1633,69,English,4,1,86,Strong
1634,69,English,4,2,72,Strong
1635,69,English,4,3,88,Strong
1636,69,English,4,4,85,Strong
1637,69,Afrikaans,7,1,57,Passing
1638,69,Afrikaans,7,2,48,At Risk
1639,69,Afrikaans,7,3,48,At Risk
1640,69,Afrikaans,7,4,47,At Risk
1641,69,Mathematics,2,1,41,At Risk
1642,69,Mathematics,2,2,47,At Risk
1643,69,Mathematics,2,3,49,At Risk
1644,69,Mathematics,2,4,51,Passing
1645,69,History,18,1,68,Passing
1646,69,History,18,2,71,Strong
1647,69,History,18,3,71,Strong
1648,69,History,18,4,57,Passing
1649,69,Geography,19,1,58,Passing
1650,69,Geography,19,2,62,Passing
1651,69,Geography,19,3,54,Passing
1652,69,Geography,19,4,62,Passing
1653,69,Physical Science,12,1,44,At Risk
1654,69,Physical Science,12,2,42,At Risk
1655,69,Physical Science,12,3,39,High Risk
1656,69,Physical Science,12,4,33,High Risk
1657,70,English,4,1,77,Strong
1658,70,English,4,2,80,Strong
1659,70,English,4,3,69,Passing
1660,70,English,4,4,79,Strong
1661,70,Afrikaans,9,1,65,Passing
1662,70,Afrikaans,9,2,64,Passing
1663,70,Afrikaans,9,3,71,Strong
1664,70,Afrikaans,9,4,59,Passing
1665,70,Mathematics,1,1,50,Passing
1666,70,Mathematics,1,2,55,Passing
1667,70,Mathematics,1,3,60,Passing
1668,70,Mathematics,1,4,56,Passing
1669,70,Physical Science,10,1,60,Passing
1670,70,Physical Science,10,2,49,At Risk
1671,70,Physical Science,10,3,53,Passing
1672,70,Physical Science,10,4,61,Passing
1673,70,Geography,21,1,65,Passing
1674,70,Geography,21,2,67,Passing
1675,70,Geography,21,3,68,Passing
1676,70,Geography,21,4,63,Passing
1677,70,Information Technology,24,1,54,Passing
1678,70,Information Technology,24,2,43,At Risk
1679,70,Information Technology,24,3,40,At Risk
1680,70,Information Technology,24,4,47,At Risk
1681,71,English,6,1,83,Strong
1682,71,English,6,2,75,Strong
1683,71,English,6,3,87,Strong
1684,71,English,6,4,71,Strong
1685,71,Afrikaans,7,1,54,Passing
1686,71,Afrikaans,7,2,54,Passing
1687,71,Afrikaans,7,3,49,At Risk
1688,71,Afrikaans,7,4,55,Passing
1689,71,Mathematics,1,1,48,At Risk
1690,71,Mathematics,1,2,35,High Risk
1691,71,Mathematics,1,3,45,At Risk
1692,71,Mathematics,1,4,40,At Risk
1693,71,Physical Science,11,1,58,Passing
1694,71,Physical Science,11,2,61,Passing
1695,71,Physical Science,11,3,63,Passing
1696,71,Physical Science,11,4,59,Passing
1697,71,Information Technology,24,1,78,Strong
1698,71,Information Technology,24,2,75,Strong
1699,71,Information Technology,24,3,82,Strong
1700,71,Information Technology,24,4,86,Strong
1701,71,Accounting,25,1,79,Strong
1702,71,Accounting,25,2,70,Strong
1703,71,Accounting,25,3,80,Strong
1704,71,Accounting,25,4,76,Strong
1705,72,English,5,1,66,Passing
1706,72,English,5,2,69,Passing
1707,72,English,5,3,63,Passing
1708,72,English,5,4,70,Strong
1709,72,Afrikaans,7,1,50,Passing
1710,72,Afrikaans,7,2,39,High Risk
1711,72,Afrikaans,7,3,43,At Risk
1712,72,Afrikaans,7,4,44,At Risk
1713,72,Mathematics,3,1,53,Passing
1714,72,Mathematics,3,2,52,Passing
1715,72,Mathematics,3,3,54,Passing
1716,72,Mathematics,3,4,59,Passing
1717,72,Life Science,13,1,70,Strong
1718,72,Life Science,13,2,70,Strong
1719,72,Life Science,13,3,85,Strong
1720,72,Life Science,13,4,74,Strong
1721,72,Accounting,25,1,45,At Risk
1722,72,Accounting,25,2,52,Passing
1723,72,Accounting,25,3,53,Passing
1724,72,Accounting,25,4,54,Passing
1725,72,History,18,1,70,Strong
1726,72,History,18,2,69,Passing
1727,72,History,18,3,68,Passing
1728,72,History,18,4,71,Strong
1729,73,English,5,1,61,Passing
1730,73,English,5,2,69,Passing
1731,73,English,5,3,64,Passing
1732,73,English,5,4,71,Strong
1733,73,Afrikaans,7,1,88,Strong
1734,73,Afrikaans,7,2,79,Strong
1735,73,Afrikaans,7,3,76,Strong
1736,73,Afrikaans,7,4,92,Strong
1737,73,Mathematics,2,1,64,Passing
1738,73,Mathematics,2,2,64,Passing
1739,73,Mathematics,2,3,58,Passing
1740,73,Mathematics,2,4,70,Strong
1741,73,Physical Science,12,1,44,At Risk
1742,73,Physical Science,12,2,42,At Risk
1743,73,Physical Science,12,3,44,At Risk
1744,73,Physical Science,12,4,42,At Risk
1745,73,Life Science,13,1,63,Passing
1746,73,Life Science,13,2,60,Passing
1747,73,Life Science,13,3,58,Passing
1748,73,Life Science,13,4,70,Strong
1749,73,Accounting,26,1,50,Passing
1750,73,Accounting,26,2,61,Passing
1751,73,Accounting,26,3,59,Passing
1752,73,Accounting,26,4,53,Passing
1753,74,English,6,1,55,Passing
1754,74,English,6,2,49,At Risk
1755,74,English,6,3,48,At Risk
1756,74,English,6,4,53,Passing
1757,74,Afrikaans,9,1,74,Strong
1758,74,Afrikaans,9,2,63,Passing
1759,74,Afrikaans,9,3,68,Passing
1760,74,Afrikaans,9,4,72,Strong
1761,74,Mathematics,3,1,61,Passing
1762,74,Mathematics,3,2,57,Passing
1763,74,Mathematics,3,3,62,Passing
1764,74,Mathematics,3,4,55,Passing
1765,74,Information Technology,24,1,50,Passing
1766,74,Information Technology,24,2,54,Passing
1767,74,Information Technology,24,3,48,At Risk
1768,74,Information Technology,24,4,60,Passing
1769,74,Geography,19,1,55,Passing
1770,74,Geography,19,2,52,Passing
1771,74,Geography,19,3,57,Passing
1772,74,Geography,19,4,49,At Risk
1773,74,Life Science,14,1,63,Passing
1774,74,Life Science,14,2,59,Passing
1775,74,Life Science,14,3,61,Passing
1776,74,Life Science,14,4,65,Passing
1777,75,English,6,1,71,Strong
1778,75,English,6,2,68,Passing
1779,75,English,6,3,69,Passing
1780,75,English,6,4,74,Strong
1781,75,Afrikaans,8,1,59,Passing
1782,75,Afrikaans,8,2,45,At Risk
1783,75,Afrikaans,8,3,46,At Risk
1784,75,Afrikaans,8,4,59,Passing
1785,75,Mathematics,3,1,60,Passing
1786,75,Mathematics,3,2,47,At Risk
1787,75,Mathematics,3,3,56,Passing
1788,75,Mathematics,3,4,60,Passing
1789,75,Information Technology,24,1,67,Passing
1790,75,Information Technology,24,2,55,Passing
1791,75,Information Technology,24,3,58,Passing
1792,75,Information Technology,24,4,58,Passing
1793,75,Geography,19,1,61,Passing
1794,75,Geography,19,2,64,Passing
1795,75,Geography,19,3,65,Passing
1796,75,Geography,19,4,55,Passing
1797,75,Accounting,25,1,59,Passing
1798,75,Accounting,25,2,56,Passing
1799,75,Accounting,25,3,69,Passing
1800,75,Accounting,25,4,64,Passing
1801,76,English,4,1,84,Strong
1802,76,English,4,2,89,Strong
1803,76,English,4,3,80,Strong
1804,76,English,4,4,79,Strong
1805,76,Afrikaans,8,1,73,Strong
1806,76,Afrikaans,8,2,71,Strong
1807,76,Afrikaans,8,3,70,Strong
1808,76,Afrikaans,8,4,70,Strong
1809,76,Mathematics,3,1,65,Passing
1810,76,Mathematics,3,2,67,Passing
1811,76,Mathematics,3,3,76,Strong
1812,76,Mathematics,3,4,76,Strong
1813,76,Geography,19,1,77,Strong
1814,76,Geography,19,2,79,Strong
1815,76,Geography,19,3,76,Strong
1816,76,Geography,19,4,64,Passing
1817,76,History,17,1,48,At Risk
1818,76,History,17,2,53,Passing
1819,76,History,17,3,42,At Risk
1820,76,History,17,4,52,Passing
1821,76,Accounting,26,1,73,Strong
1822,76,Accounting,26,2,67,Passing
1823,76,Accounting,26,3,67,Passing
1824,76,Accounting,26,4,74,Strong
1825,77,English,6,1,64,Passing
1826,77,English,6,2,62,Passing
1827,77,English,6,3,57,Passing
1828,77,English,6,4,56,Passing
1829,77,Afrikaans,8,1,77,Strong
1830,77,Afrikaans,8,2,70,Strong
1831,77,Afrikaans,8,3,66,Passing
1832,77,Afrikaans,8,4,63,Passing
1833,77,Mathematics,2,1,43,At Risk
1834,77,Mathematics,2,2,43,At Risk
1835,77,Mathematics,2,3,48,At Risk
1836,77,Mathematics,2,4,50,Passing
1837,77,History,17,1,94,Strong
1838,77,History,17,2,88,Strong
1839,77,History,17,3,91,Strong
1840,77,History,17,4,82,Strong
1841,77,Information Technology,23,1,71,Strong
1842,77,Information Technology,23,2,67,Passing
1843,77,Information Technology,23,3,62,Passing
1844,77,Information Technology,23,4,61,Passing
1845,77,Physical Science,12,1,55,Passing
1846,77,Physical Science,12,2,62,Passing
1847,77,Physical Science,12,3,62,Passing
1848,77,Physical Science,12,4,59,Passing
1849,78,English,4,1,52,Passing
1850,78,English,4,2,68,Passing
1851,78,English,4,3,57,Passing
1852,78,English,4,4,55,Passing
1853,78,Afrikaans,8,1,61,Passing
1854,78,Afrikaans,8,2,72,Strong
1855,78,Afrikaans,8,3,68,Passing
1856,78,Afrikaans,8,4,61,Passing
1857,78,Mathematics,1,1,71,Strong
1858,78,Mathematics,1,2,73,Strong
1859,78,Mathematics,1,3,70,Strong
1860,78,Mathematics,1,4,71,Strong
1861,78,Information Technology,24,1,55,Passing
1862,78,Information Technology,24,2,56,Passing
1863,78,Information Technology,24,3,54,Passing
1864,78,Information Technology,24,4,45,At Risk
1865,78,Physical Science,12,1,73,Strong
1866,78,Physical Science,12,2,80,Strong
1867,78,Physical Science,12,3,69,Passing
1868,78,Physical Science,12,4,71,Strong
1869,78,Life Science,15,1,78,Strong
1870,78,Life Science,15,2,87,Strong
1871,78,Life Science,15,3,91,Strong
1872,78,Life Science,15,4,81,Strong
1873,79,English,4,1,80,Strong
1874,79,English,4,2,76,Strong
1875,79,English,4,3,85,Strong
1876,79,English,4,4,75,Strong
1877,79,Afrikaans,9,1,72,Strong
1878,79,Afrikaans,9,2,78,Strong
1879,79,Afrikaans,9,3,72,Strong
1880,79,Afrikaans,9,4,72,Strong
1881,79,Mathematics,2,1,69,Passing
1882,79,Mathematics,2,2,69,Passing
1883,79,Mathematics,2,3,71,Strong
1884,79,Mathematics,2,4,79,Strong
1885,79,Accounting,25,1,57,Passing
1886,79,Accounting,25,2,59,Passing
1887,79,Accounting,25,3,55,Passing
1888,79,Accounting,25,4,51,Passing
1889,79,Life Science,15,1,55,Passing
1890,79,Life Science,15,2,46,At Risk
1891,79,Life Science,15,3,55,Passing
1892,79,Life Science,15,4,50,Passing
1893,79,History,17,1,55,Passing
1894,79,History,17,2,55,Passing
1895,79,History,17,3,57,Passing
1896,79,History,17,4,58,Passing
1897,80,English,5,1,90,Strong
1898,80,English,5,2,79,Strong
1899,80,English,5,3,77,Strong
1900,80,English,5,4,91,Strong
1901,80,Afrikaans,8,1,44,At Risk
1902,80,Afrikaans,8,2,49,At Risk
1903,80,Afrikaans,8,3,48,At Risk
1904,80,Afrikaans,8,4,55,Passing
1905,80,Mathematics,1,1,58,Passing
1906,80,Mathematics,1,2,64,Passing
1907,80,Mathematics,1,3,51,Passing
1908,80,Mathematics,1,4,53,Passing
1909,80,Accounting,27,1,46,At Risk
1910,80,Accounting,27,2,54,Passing
1911,80,Accounting,27,3,56,Passing
1912,80,Accounting,27,4,55,Passing
1913,80,Physical Science,12,1,60,Passing
1914,80,Physical Science,12,2,60,Passing
1915,80,Physical Science,12,3,58,Passing
1916,80,Physical Science,12,4,57,Passing
1917,80,Life Science,14,1,51,Passing
1918,80,Life Science,14,2,56,Passing
1919,80,Life Science,14,3,57,Passing
1920,80,Life Science,14,4,60,Passing
1921,81,English,6,1,86,Strong
1922,81,English,6,2,80,Strong
1923,81,English,6,3,89,Strong
1924,81,English,6,4,88,Strong
1925,81,Afrikaans,7,1,51,Passing
1926,81,Afrikaans,7,2,60,Passing
1927,81,Afrikaans,7,3,60,Passing
1928,81,Afrikaans,7,4,62,Passing
1929,81,Mathematics,1,1,61,Passing
1930,81,Mathematics,1,2,64,Passing
1931,81,Mathematics,1,3,62,Passing
1932,81,Mathematics,1,4,54,Passing
1933,81,Life Science,14,1,49,At Risk
1934,81,Life Science,14,2,46,At Risk
1935,81,Life Science,14,3,50,Passing
1936,81,Life Science,14,4,48,At Risk
1937,81,Accounting,25,1,75,Strong
1938,81,Accounting,25,2,74,Strong
1939,81,Accounting,25,3,65,Passing
1940,81,Accounting,25,4,72,Strong
1941,81,Physical Science,11,1,52,Passing
1942,81,Physical Science,11,2,56,Passing
1943,81,Physical Science,11,3,67,Passing
1944,81,Physical Science,11,4,67,Passing
1945,82,English,5,1,59,Passing
1946,82,English,5,2,60,Passing
1947,82,English,5,3,47,At Risk
1948,82,English,5,4,48,At Risk
1949,82,Afrikaans,8,1,63,Passing
1950,82,Afrikaans,8,2,53,Passing
1951,82,Afrikaans,8,3,69,Passing
1952,82,Afrikaans,8,4,60,Passing
1953,82,Mathematics,2,1,69,Passing
1954,82,Mathematics,2,2,69,Passing
1955,82,Mathematics,2,3,56,Passing
1956,82,Mathematics,2,4,66,Passing
1957,82,Life Science,14,1,68,Passing
1958,82,Life Science,14,2,64,Passing
1959,82,Life Science,14,3,65,Passing
1960,82,Life Science,14,4,57,Passing
1961,82,Physical Science,11,1,66,Passing
1962,82,Physical Science,11,2,65,Passing
1963,82,Physical Science,11,3,70,Strong
1964,82,Physical Science,11,4,81,Strong
1965,82,Geography,19,1,84,Strong
1966,82,Geography,19,2,74,Strong
1967,82,Geography,19,3,71,Strong
1968,82,Geography,19,4,84,Strong
1969,83,English,4,1,66,Passing
1970,83,English,4,2,69,Passing
1971,83,English,4,3,67,Passing
1972,83,English,4,4,60,Passing
1973,83,Afrikaans,7,1,76,Strong
1974,83,Afrikaans,7,2,81,Strong
1975,83,Afrikaans,7,3,81,Strong
1976,83,Afrikaans,7,4,76,Strong
1977,83,Mathematics,1,1,51,Passing
1978,83,Mathematics,1,2,51,Passing
1979,83,Mathematics,1,3,51,Passing
1980,83,Mathematics,1,4,39,High Risk
1981,83,Geography,19,1,84,Strong
1982,83,Geography,19,2,80,Strong
1983,83,Geography,19,3,73,Strong
1984,83,Geography,19,4,85,Strong
1985,83,Information Technology,24,1,39,High Risk
1986,83,Information Technology,24,2,48,At Risk
1987,83,Information Technology,24,3,49,At Risk
1988,83,Information Technology,24,4,37,High Risk
1989,83,Accounting,27,1,69,Passing
1990,83,Accounting,27,2,71,Strong
1991,83,Accounting,27,3,78,Strong
1992,83,Accounting,27,4,85,Strong
1993,84,English,4,1,80,Strong
1994,84,English,4,2,88,Strong
1995,84,English,4,3,84,Strong
1996,84,English,4,4,85,Strong
1997,84,Afrikaans,9,1,47,At Risk
1998,84,Afrikaans,9,2,54,Passing
1999,84,Afrikaans,9,3,50,Passing
2000,84,Afrikaans,9,4,55,Passing
2001,84,Mathematics,1,1,69,Passing
2002,84,Mathematics,1,2,58,Passing
2003,84,Mathematics,1,3,58,Passing
2004,84,Mathematics,1,4,62,Passing
2005,84,History,17,1,50,Passing
2006,84,History,17,2,51,Passing
2007,84,History,17,3,49,At Risk
2008,84,History,17,4,56,Passing
2009,84,Physical Science,11,1,56,Passing
2010,84,Physical Science,11,2,54,Passing
2011,84,Physical Science,11,3,58,Passing
2012,84,Physical Science,11,4,68,Passing
2013,84,Life Science,13,1,59,Passing
2014,84,Life Science,13,2,49,At Risk
2015,84,Life Science,13,3,54,Passing
2016,84,Life Science,13,4,52,Passing
2017,85,English,6,1,54,Passing
2018,85,English,6,2,63,Passing
2019,85,English,6,3,57,Passing
2020,85,English,6,4,65,Passing
2021,85,Afrikaans,7,1,59,Passing
2022,85,Afrikaans,7,2,52,Passing
2023,85,Afrikaans,7,3,62,Passing
2024,85,Afrikaans,7,4,50,Passing
2025,85,Mathematics,3,1,75,Strong
2026,85,Mathematics,3,2,86,Strong
2027,85,Mathematics,3,3,86,Strong
2028,85,Mathematics,3,4,88,Strong
2029,85,History,16,1,63,Passing
2030,85,History,16,2,48,At Risk
2031,85,History,16,3,64,Passing
2032,85,History,16,4,49,At Risk
2033,85,Accounting,26,1,82,Strong
2034,85,Accounting,26,2,84,Strong
2035,85,Accounting,26,3,85,Strong
2036,85,Accounting,26,4,74,Strong
2037,85,Geography,20,1,81,Strong
2038,85,Geography,20,2,80,Strong
2039,85,Geography,20,3,79,Strong
2040,85,Geography,20,4,88,Strong
2041,86,English,4,1,87,Strong
2042,86,English,4,2,93,Strong
2043,86,English,4,3,89,Strong
2044,86,English,4,4,90,Strong
2045,86,Afrikaans,8,1,82,Strong
2046,86,Afrikaans,8,2,83,Strong
2047,86,Afrikaans,8,3,87,Strong
2048,86,Afrikaans,8,4,85,Strong
2049,86,Mathematics,1,1,64,Passing
2050,86,Mathematics,1,2,54,Passing
2051,86,Mathematics,1,3,54,Passing
2052,86,Mathematics,1,4,63,Passing
2053,86,Physical Science,11,1,84,Strong
2054,86,Physical Science,11,2,77,Strong
2055,86,Physical Science,11,3,78,Strong
2056,86,Physical Science,11,4,74,Strong
2057,86,Life Science,13,1,56,Passing
2058,86,Life Science,13,2,59,Passing
2059,86,Life Science,13,3,61,Passing
2060,86,Life Science,13,4,54,Passing
2061,86,History,17,1,67,Passing
2062,86,History,17,2,61,Passing
2063,86,History,17,3,54,Passing
2064,86,History,17,4,62,Passing
2065,87,English,4,1,89,Strong
2066,87,English,4,2,87,Strong
2067,87,English,4,3,83,Strong
2068,87,English,4,4,87,Strong
2069,87,Afrikaans,7,1,53,Passing
2070,87,Afrikaans,7,2,40,At Risk
2071,87,Afrikaans,7,3,37,High Risk
2072,87,Afrikaans,7,4,49,At Risk
2073,87,Mathematics,3,1,42,At Risk
2074,87,Mathematics,3,2,42,At Risk
2075,87,Mathematics,3,3,47,At Risk
2076,87,Mathematics,3,4,49,At Risk
2077,87,Accounting,25,1,53,Passing
2078,87,Accounting,25,2,52,Passing
2079,87,Accounting,25,3,48,At Risk
2080,87,Accounting,25,4,45,At Risk
2081,87,Information Technology,24,1,59,Passing
2082,87,Information Technology,24,2,54,Passing
2083,87,Information Technology,24,3,64,Passing
2084,87,Information Technology,24,4,67,Passing
2085,87,Life Science,15,1,51,Passing
2086,87,Life Science,15,2,56,Passing
2087,87,Life Science,15,3,51,Passing
2088,87,Life Science,15,4,60,Passing
2089,88,English,6,1,58,Passing
2090,88,English,6,2,69,Passing
2091,88,English,6,3,69,Passing
2092,88,English,6,4,70,Strong
2093,88,Afrikaans,8,1,58,Passing
2094,88,Afrikaans,8,2,57,Passing
2095,88,Afrikaans,8,3,65,Passing
2096,88,Afrikaans,8,4,63,Passing
2097,88,Mathematics,2,1,85,Strong
2098,88,Mathematics,2,2,78,Strong
2099,88,Mathematics,2,3,82,Strong
2100,88,Mathematics,2,4,77,Strong
2101,88,Geography,20,1,60,Passing
2102,88,Geography,20,2,65,Passing
2103,88,Geography,20,3,56,Passing
2104,88,Geography,20,4,53,Passing
2105,88,Physical Science,10,1,46,At Risk
2106,88,Physical Science,10,2,57,Passing
2107,88,Physical Science,10,3,44,At Risk
2108,88,Physical Science,10,4,53,Passing
2109,88,Life Science,15,1,53,Passing
2110,88,Life Science,15,2,48,At Risk
2111,88,Life Science,15,3,48,At Risk
2112,88,Life Science,15,4,44,At Risk
2113,89,English,6,1,57,Passing
2114,89,English,6,2,49,At Risk
2115,89,English,6,3,59,Passing
2116,89,English,6,4,63,Passing
2117,89,Afrikaans,9,1,47,At Risk
2118,89,Afrikaans,9,2,50,Passing
2119,89,Afrikaans,9,3,56,Passing
2120,89,Afrikaans,9,4,47,At Risk
2121,89,Mathematics,1,1,81,Strong
2122,89,Mathematics,1,2,87,Strong
2123,89,Mathematics,1,3,83,Strong
2124,89,Mathematics,1,4,74,Strong
2125,89,Accounting,26,1,70,Strong
2126,89,Accounting,26,2,61,Passing
2127,89,Accounting,26,3,59,Passing
2128,89,Accounting,26,4,70,Strong
2129,89,Life Science,15,1,58,Passing
2130,89,Life Science,15,2,47,At Risk
2131,89,Life Science,15,3,55,Passing
2132,89,Life Science,15,4,54,Passing
2133,89,History,17,1,56,Passing
2134,89,History,17,2,52,Passing
2135,89,History,17,3,51,Passing
2136,89,History,17,4,55,Passing
2137,90,English,5,1,71,Strong
2138,90,English,5,2,69,Passing
2139,90,English,5,3,66,Passing
2140,90,English,5,4,76,Strong
2141,90,Afrikaans,9,1,67,Passing
2142,90,Afrikaans,9,2,70,Strong
2143,90,Afrikaans,9,3,78,Strong
2144,90,Afrikaans,9,4,81,Strong
2145,90,Mathematics,3,1,54,Passing
2146,90,Mathematics,3,2,48,At Risk
2147,90,Mathematics,3,3,57,Passing
2148,90,Mathematics,3,4,59,Passing
2149,90,Life Science,13,1,57,Passing
2150,90,Life Science,13,2,53,Passing
2151,90,Life Science,13,3,54,Passing
2152,90,Life Science,13,4,45,At Risk
2153,90,Physical Science,12,1,74,Strong
2154,90,Physical Science,12,2,79,Strong
2155,90,Physical Science,12,3,79,Strong
2156,90,Physical Science,12,4,77,Strong
2157,90,Information Technology,22,1,67,Passing
2158,90,Information Technology,22,2,75,Strong
2159,90,Information Technology,22,3,72,Strong
2160,90,Information Technology,22,4,76,Strong
2161,91,English,5,1,73,Strong
2162,91,English,5,2,74,Strong
2163,91,English,5,3,76,Strong
2164,91,English,5,4,71,Strong
2165,91,Afrikaans,8,1,79,Strong
2166,91,Afrikaans,8,2,83,Strong
2167,91,Afrikaans,8,3,83,Strong
2168,91,Afrikaans,8,4,90,Strong
2169,91,Mathematics,1,1,44,At Risk
2170,91,Mathematics,1,2,51,Passing
2171,91,Mathematics,1,3,40,At Risk
2172,91,Mathematics,1,4,42,At Risk
2173,91,Life Science,15,1,53,Passing
2174,91,Life Science,15,2,49,At Risk
2175,91,Life Science,15,3,40,At Risk
2176,91,Life Science,15,4,41,At Risk
2177,91,History,18,1,45,At Risk
2178,91,History,18,2,49,At Risk
2179,91,History,18,3,52,Passing
2180,91,History,18,4,46,At Risk
2181,91,Information Technology,24,1,78,Strong
2182,91,Information Technology,24,2,79,Strong
2183,91,Information Technology,24,3,84,Strong
2184,91,Information Technology,24,4,83,Strong
2185,92,English,4,1,79,Strong
2186,92,English,4,2,80,Strong
2187,92,English,4,3,77,Strong
2188,92,English,4,4,67,Passing
2189,92,Afrikaans,9,1,64,Passing
2190,92,Afrikaans,9,2,61,Passing
2191,92,Afrikaans,9,3,63,Passing
2192,92,Afrikaans,9,4,62,Passing
2193,92,Mathematics,2,1,47,At Risk
2194,92,Mathematics,2,2,52,Passing
2195,92,Mathematics,2,3,39,High Risk
2196,92,Mathematics,2,4,45,At Risk
2197,92,Geography,20,1,60,Passing
2198,92,Geography,20,2,67,Passing
2199,92,Geography,20,3,72,Strong
2200,92,Geography,20,4,70,Strong
2201,92,Physical Science,10,1,55,Passing
2202,92,Physical Science,10,2,70,Strong
2203,92,Physical Science,10,3,60,Passing
2204,92,Physical Science,10,4,62,Passing
2205,92,Accounting,27,1,54,Passing
2206,92,Accounting,27,2,51,Passing
2207,92,Accounting,27,3,46,At Risk
2208,92,Accounting,27,4,51,Passing
2209,93,English,4,1,62,Passing
2210,93,English,4,2,66,Passing
2211,93,English,4,3,65,Passing
2212,93,English,4,4,63,Passing
2213,93,Afrikaans,8,1,49,At Risk
2214,93,Afrikaans,8,2,39,High Risk
2215,93,Afrikaans,8,3,46,At Risk
2216,93,Afrikaans,8,4,43,At Risk
2217,93,Mathematics,3,1,60,Passing
2218,93,Mathematics,3,2,67,Passing
2219,93,Mathematics,3,3,70,Strong
2220,93,Mathematics,3,4,58,Passing
2221,93,Accounting,26,1,49,At Risk
2222,93,Accounting,26,2,51,Passing
2223,93,Accounting,26,3,52,Passing
2224,93,Accounting,26,4,50,Passing
2225,93,History,17,1,52,Passing
2226,93,History,17,2,48,At Risk
2227,93,History,17,3,61,Passing
2228,93,History,17,4,49,At Risk
2229,93,Geography,19,1,59,Passing
2230,93,Geography,19,2,65,Passing
2231,93,Geography,19,3,60,Passing
2232,93,Geography,19,4,63,Passing
2233,94,English,6,1,91,Strong
2234,94,English,6,2,86,Strong
2235,94,English,6,3,87,Strong
2236,94,English,6,4,80,Strong
2237,94,Afrikaans,9,1,55,Passing
2238,94,Afrikaans,9,2,61,Passing
2239,94,Afrikaans,9,3,54,Passing
2240,94,Afrikaans,9,4,58,Passing
2241,94,Mathematics,1,1,67,Passing
2242,94,Mathematics,1,2,66,Passing
2243,94,Mathematics,1,3,62,Passing
2244,94,Mathematics,1,4,61,Passing
2245,94,History,18,1,81,Strong
2246,94,History,18,2,88,Strong
2247,94,History,18,3,87,Strong
2248,94,History,18,4,90,Strong
2249,94,Information Technology,23,1,45,At Risk
2250,94,Information Technology,23,2,55,Passing
2251,94,Information Technology,23,3,52,Passing
2252,94,Information Technology,23,4,52,Passing
2253,94,Geography,21,1,74,Strong
2254,94,Geography,21,2,77,Strong
2255,94,Geography,21,3,70,Strong
2256,94,Geography,21,4,76,Strong
2257,95,English,6,1,83,Strong
2258,95,English,6,2,83,Strong
2259,95,English,6,3,80,Strong
2260,95,English,6,4,78,Strong
2261,95,Afrikaans,7,1,71,Strong
2262,95,Afrikaans,7,2,73,Strong
2263,95,Afrikaans,7,3,70,Strong
2264,95,Afrikaans,7,4,76,Strong
2265,95,Mathematics,3,1,46,At Risk
2266,95,Mathematics,3,2,48,At Risk
2267,95,Mathematics,3,3,42,At Risk
2268,95,Mathematics,3,4,42,At Risk
2269,95,Geography,19,1,56,Passing
2270,95,Geography,19,2,40,At Risk
2271,95,Geography,19,3,52,Passing
2272,95,Geography,19,4,46,At Risk
2273,95,Physical Science,11,1,40,At Risk
2274,95,Physical Science,11,2,47,At Risk
2275,95,Physical Science,11,3,36,High Risk
2276,95,Physical Science,11,4,43,At Risk
2277,95,Information Technology,22,1,67,Passing
2278,95,Information Technology,22,2,69,Passing
2279,95,Information Technology,22,3,64,Passing
2280,95,Information Technology,22,4,74,Strong
2281,96,English,6,1,87,Strong
2282,96,English,6,2,73,Strong
2283,96,English,6,3,83,Strong
2284,96,English,6,4,82,Strong
2285,96,Afrikaans,8,1,69,Passing
2286,96,Afrikaans,8,2,76,Strong
2287,96,Afrikaans,8,3,74,Strong
2288,96,Afrikaans,8,4,85,Strong
2289,96,Mathematics,1,1,54,Passing
2290,96,Mathematics,1,2,45,At Risk
2291,96,Mathematics,1,3,45,At Risk
2292,96,Mathematics,1,4,44,At Risk
2293,96,Geography,19,1,80,Strong
2294,96,Geography,19,2,70,Strong
2295,96,Geography,19,3,76,Strong
2296,96,Geography,19,4,84,Strong
2297,96,History,17,1,56,Passing
2298,96,History,17,2,62,Passing
2299,96,History,17,3,65,Passing
2300,96,History,17,4,61,Passing
2301,96,Information Technology,23,1,43,At Risk
2302,96,Information Technology,23,2,53,Passing
2303,96,Information Technology,23,3,48,At Risk
2304,96,Information Technology,23,4,49,At Risk
2305,97,English,4,1,83,Strong
2306,97,English,4,2,70,Strong
2307,97,English,4,3,70,Strong
2308,97,English,4,4,79,Strong
2309,97,Afrikaans,8,1,59,Passing
2310,97,Afrikaans,8,2,51,Passing
2311,97,Afrikaans,8,3,51,Passing
2312,97,Afrikaans,8,4,48,At Risk
2313,97,Mathematics,3,1,68,Passing
2314,97,Mathematics,3,2,67,Passing
2315,97,Mathematics,3,3,58,Passing
2316,97,Mathematics,3,4,72,Strong
2317,97,Physical Science,11,1,58,Passing
2318,97,Physical Science,11,2,53,Passing
2319,97,Physical Science,11,3,62,Passing
2320,97,Physical Science,11,4,58,Passing
2321,97,Accounting,26,1,67,Passing
2322,97,Accounting,26,2,71,Strong
2323,97,Accounting,26,3,71,Strong
2324,97,Accounting,26,4,56,Passing
2325,97,Life Science,13,1,74,Strong
2326,97,Life Science,13,2,84,Strong
2327,97,Life Science,13,3,75,Strong
2328,97,Life Science,13,4,77,Strong
2329,98,English,5,1,59,Passing
2330,98,English,5,2,51,Passing
2331,98,English,5,3,49,At Risk
2332,98,English,5,4,47,At Risk
2333,98,Afrikaans,9,1,53,Passing
2334,98,Afrikaans,9,2,59,Passing
2335,98,Afrikaans,9,3,51,Passing
2336,98,Afrikaans,9,4,55,Passing
2337,98,Mathematics,3,1,68,Passing
2338,98,Mathematics,3,2,61,Passing
2339,98,Mathematics,3,3,73,Strong
2340,98,Mathematics,3,4,73,Strong
2341,98,Accounting,26,1,70,Strong
2342,98,Accounting,26,2,69,Passing
2343,98,Accounting,26,3,77,Strong
2344,98,Accounting,26,4,64,Passing
2345,98,Information Technology,24,1,51,Passing
2346,98,Information Technology,24,2,54,Passing
2347,98,Information Technology,24,3,55,Passing
2348,98,Information Technology,24,4,54,Passing
2349,98,Physical Science,10,1,86,Strong
2350,98,Physical Science,10,2,71,Strong
2351,98,Physical Science,10,3,74,Strong
2352,98,Physical Science,10,4,71,Strong
2353,99,English,6,1,57,Passing
2354,99,English,6,2,54,Passing
2355,99,English,6,3,65,Passing
2356,99,English,6,4,61,Passing
2357,99,Afrikaans,9,1,75,Strong
2358,99,Afrikaans,9,2,84,Strong
2359,99,Afrikaans,9,3,77,Strong
2360,99,Afrikaans,9,4,81,Strong
2361,99,Mathematics,3,1,75,Strong
2362,99,Mathematics,3,2,75,Strong
2363,99,Mathematics,3,3,65,Passing
2364,99,Mathematics,3,4,67,Passing
2365,99,Accounting,27,1,64,Passing
2366,99,Accounting,27,2,65,Passing
2367,99,Accounting,27,3,76,Strong
2368,99,Accounting,27,4,68,Passing
2369,99,History,18,1,60,Passing
2370,99,History,18,2,64,Passing
2371,99,History,18,3,52,Passing
2372,99,History,18,4,57,Passing
2373,99,Physical Science,11,1,66,Passing
2374,99,Physical Science,11,2,58,Passing
2375,99,Physical Science,11,3,57,Passing
2376,99,Physical Science,11,4,54,Passing
2377,100,English,5,1,67,Passing
2378,100,English,5,2,67,Passing
2379,100,English,5,3,64,Passing
2380,100,English,5,4,55,Passing
2381,100,Afrikaans,7,1,78,Strong
2382,100,Afrikaans,7,2,80,Strong
2383,100,Afrikaans,7,3,90,Strong
2384,100,Afrikaans,7,4,76,Strong
2385,100,Mathematics,1,1,82,Strong
2386,100,Mathematics,1,2,69,Passing
2387,100,Mathematics,1,3,68,Passing
2388,100,Mathematics,1,4,81,Strong
2389,100,Life Science,13,1,46,At Risk
2390,100,Life Science,13,2,59,Passing
2391,100,Life Science,13,3,62,Passing
2392,100,Life Science,13,4,59,Passing
2393,100,Geography,21,1,63,Passing
2394,100,Geography,21,2,78,Strong
2395,100,Geography,21,3,75,Strong
2396,100,Geography,21,4,69,Passing
2397,100,Information Technology,23,1,77,Strong
2398,100,Information Technology,23,2,76,Strong
2399,100,Information Technology,23,3,68,Passing
2400,100,Information Technology,23,4,78,Strong
2401,101,English,6,1,55,Passing
2402,101,English,6,2,62,Passing
2403,101,English,6,3,54,Passing
2404,101,English,6,4,49,At Risk
2405,101,Afrikaans,7,1,68,Passing
2406,101,Afrikaans,7,2,63,Passing
2407,101,Afrikaans,7,3,61,Passing
2408,101,Afrikaans,7,4,55,Passing
2409,101,Mathematics,2,1,48,At Risk
2410,101,Mathematics,2,2,35,High Risk
2411,101,Mathematics,2,3,48,At Risk
2412,101,Mathematics,2,4,32,High Risk
2413,101,History,17,1,70,Strong
2414,101,History,17,2,74,Strong
2415,101,History,17,3,77,Strong
2416,101,History,17,4,75,Strong
2417,101,Life Science,15,1,48,At Risk
2418,101,Life Science,15,2,57,Passing
2419,101,Life Science,15,3,52,Passing
2420,101,Life Science,15,4,52,Passing
2421,101,Geography,21,1,86,Strong
2422,101,Geography,21,2,84,Strong
2423,101,Geography,21,3,81,Strong
2424,101,Geography,21,4,85,Strong
2425,102,English,5,1,65,Passing
2426,102,English,5,2,67,Passing
2427,102,English,5,3,57,Passing
2428,102,English,5,4,63,Passing
2429,102,Afrikaans,7,1,87,Strong
2430,102,Afrikaans,7,2,80,Strong
2431,102,Afrikaans,7,3,81,Strong
2432,102,Afrikaans,7,4,83,Strong
2433,102,Mathematics,3,1,61,Passing
2434,102,Mathematics,3,2,60,Passing
2435,102,Mathematics,3,3,64,Passing
2436,102,Mathematics,3,4,71,Strong
2437,102,Accounting,27,1,47,At Risk
2438,102,Accounting,27,2,50,Passing
2439,102,Accounting,27,3,60,Passing
2440,102,Accounting,27,4,56,Passing
2441,102,Geography,20,1,61,Passing
2442,102,Geography,20,2,65,Passing
2443,102,Geography,20,3,72,Strong
2444,102,Geography,20,4,60,Passing
2445,102,Physical Science,10,1,39,High Risk
2446,102,Physical Science,10,2,50,Passing
2447,102,Physical Science,10,3,48,At Risk
2448,102,Physical Science,10,4,37,High Risk
2449,103,English,6,1,51,Passing
2450,103,English,6,2,50,Passing
2451,103,English,6,3,54,Passing
2452,103,English,6,4,45,At Risk
2453,103,Afrikaans,9,1,76,Strong
2454,103,Afrikaans,9,2,87,Strong
2455,103,Afrikaans,9,3,87,Strong
2456,103,Afrikaans,9,4,91,Strong
2457,103,Mathematics,1,1,51,Passing
2458,103,Mathematics,1,2,55,Passing
2459,103,Mathematics,1,3,65,Passing
2460,103,Mathematics,1,4,64,Passing
2461,103,Geography,19,1,45,At Risk
2462,103,Geography,19,2,55,Passing
2463,103,Geography,19,3,48,At Risk
2464,103,Geography,19,4,45,At Risk
2465,103,History,18,1,58,Passing
2466,103,History,18,2,58,Passing
2467,103,History,18,3,49,At Risk
2468,103,History,18,4,47,At Risk
2469,103,Accounting,26,1,47,At Risk
2470,103,Accounting,26,2,43,At Risk
2471,103,Accounting,26,3,36,High Risk
2472,103,Accounting,26,4,41,At Risk
2473,104,English,5,1,52,Passing
2474,104,English,5,2,56,Passing
2475,104,English,5,3,55,Passing
2476,104,English,5,4,56,Passing
2477,104,Afrikaans,9,1,68,Passing
2478,104,Afrikaans,9,2,78,Strong
2479,104,Afrikaans,9,3,62,Passing
2480,104,Afrikaans,9,4,64,Passing
2481,104,Mathematics,1,1,46,At Risk
2482,104,Mathematics,1,2,48,At Risk
2483,104,Mathematics,1,3,48,At Risk
2484,104,Mathematics,1,4,45,At Risk
2485,104,History,17,1,60,Passing
2486,104,History,17,2,68,Passing
2487,104,History,17,3,66,Passing
2488,104,History,17,4,54,Passing
2489,104,Accounting,26,1,55,Passing
2490,104,Accounting,26,2,63,Passing
2491,104,Accounting,26,3,66,Passing
2492,104,Accounting,26,4,53,Passing
2493,104,Physical Science,10,1,67,Passing
2494,104,Physical Science,10,2,81,Strong
2495,104,Physical Science,10,3,74,Strong
2496,104,Physical Science,10,4,75,Strong
2497,105,English,6,1,62,Passing
2498,105,English,6,2,54,Passing
2499,105,English,6,3,54,Passing
2500,105,English,6,4,60,Passing
2501,105,Afrikaans,8,1,76,Strong
2502,105,Afrikaans,8,2,68,Passing
2503,105,Afrikaans,8,3,71,Strong
2504,105,Afrikaans,8,4,75,Strong
2505,105,Mathematics,2,1,61,Passing
2506,105,Mathematics,2,2,76,Strong
2507,105,Mathematics,2,3,64,Passing
2508,105,Mathematics,2,4,69,Passing
2509,105,Life Science,13,1,54,Passing
2510,105,Life Science,13,2,49,At Risk
2511,105,Life Science,13,3,49,At Risk
2512,105,Life Science,13,4,52,Passing
2513,105,History,17,1,77,Strong
2514,105,History,17,2,82,Strong
2515,105,History,17,3,66,Passing
2516,105,History,17,4,74,Strong
2517,105,Geography,19,1,63,Passing
2518,105,Geography,19,2,56,Passing
2519,105,Geography,19,3,66,Passing
2520,105,Geography,19,4,64,Passing
2521,106,English,5,1,48,At Risk
2522,106,English,5,2,58,Passing
2523,106,English,5,3,53,Passing
2524,106,English,5,4,54,Passing
2525,106,Afrikaans,7,1,58,Passing
2526,106,Afrikaans,7,2,55,Passing
2527,106,Afrikaans,7,3,56,Passing
2528,106,Afrikaans,7,4,65,Passing
2529,106,Mathematics,1,1,51,Passing
2530,106,Mathematics,1,2,51,Passing
2531,106,Mathematics,1,3,52,Passing
2532,106,Mathematics,1,4,50,Passing
2533,106,Accounting,26,1,54,Passing
2534,106,Accounting,26,2,55,Passing
2535,106,Accounting,26,3,59,Passing
2536,106,Accounting,26,4,52,Passing
2537,106,Geography,21,1,48,At Risk
2538,106,Geography,21,2,47,At Risk
2539,106,Geography,21,3,60,Passing
2540,106,Geography,21,4,45,At Risk
2541,106,History,16,1,75,Strong
2542,106,History,16,2,89,Strong
2543,106,History,16,3,85,Strong
2544,106,History,16,4,84,Strong
2545,107,English,6,1,78,Strong
2546,107,English,6,2,85,Strong
2547,107,English,6,3,75,Strong
2548,107,English,6,4,86,Strong
2549,107,Afrikaans,8,1,66,Passing
2550,107,Afrikaans,8,2,61,Passing
2551,107,Afrikaans,8,3,58,Passing
2552,107,Afrikaans,8,4,55,Passing
2553,107,Mathematics,3,1,78,Strong
2554,107,Mathematics,3,2,80,Strong
2555,107,Mathematics,3,3,66,Passing
2556,107,Mathematics,3,4,81,Strong
2557,107,Accounting,27,1,68,Passing
2558,107,Accounting,27,2,61,Passing
2559,107,Accounting,27,3,70,Strong
2560,107,Accounting,27,4,59,Passing
2561,107,Geography,21,1,86,Strong
2562,107,Geography,21,2,82,Strong
2563,107,Geography,21,3,72,Strong
2564,107,Geography,21,4,72,Strong
2565,107,Physical Science,10,1,55,Passing
2566,107,Physical Science,10,2,46,At Risk
2567,107,Physical Science,10,3,53,Passing
2568,107,Physical Science,10,4,54,Passing
2569,108,English,5,1,86,Strong
2570,108,English,5,2,83,Strong
2571,108,English,5,3,86,Strong
2572,108,English,5,4,85,Strong
2573,108,Afrikaans,7,1,69,Passing
2574,108,Afrikaans,7,2,64,Passing
2575,108,Afrikaans,7,3,65,Passing
2576,108,Afrikaans,7,4,59,Passing
2577,108,Mathematics,2,1,76,Strong
2578,108,Mathematics,2,2,69,Passing
2579,108,Mathematics,2,3,76,Strong
2580,108,Mathematics,2,4,74,Strong
2581,108,Geography,19,1,74,Strong
2582,108,Geography,19,2,70,Strong
2583,108,Geography,19,3,76,Strong
2584,108,Geography,19,4,67,Passing
2585,108,Physical Science,12,1,70,Strong
2586,108,Physical Science,12,2,73,Strong
2587,108,Physical Science,12,3,69,Passing
2588,108,Physical Science,12,4,74,Strong
2589,108,History,16,1,68,Passing
2590,108,History,16,2,67,Passing
2591,108,History,16,3,61,Passing
2592,108,History,16,4,59,Passing
2593,109,English,5,1,63,Passing
2594,109,English,5,2,48,At Risk
2595,109,English,5,3,53,Passing
2596,109,English,5,4,61,Passing
2597,109,Afrikaans,9,1,72,Strong
2598,109,Afrikaans,9,2,84,Strong
2599,109,Afrikaans,9,3,78,Strong
2600,109,Afrikaans,9,4,83,Strong
2601,109,Mathematics,1,1,59,Passing
2602,109,Mathematics,1,2,52,Passing
2603,109,Mathematics,1,3,63,Passing
2604,109,Mathematics,1,4,54,Passing
2605,109,History,18,1,51,Passing
2606,109,History,18,2,56,Passing
2607,109,History,18,3,58,Passing
2608,109,History,18,4,65,Passing
2609,109,Accounting,26,1,77,Strong
2610,109,Accounting,26,2,88,Strong
2611,109,Accounting,26,3,84,Strong
2612,109,Accounting,26,4,82,Strong
2613,109,Physical Science,10,1,64,Passing
2614,109,Physical Science,10,2,61,Passing
2615,109,Physical Science,10,3,64,Passing
2616,109,Physical Science,10,4,53,Passing
2617,110,English,6,1,68,Passing
2618,110,English,6,2,76,Strong
2619,110,English,6,3,71,Strong
2620,110,English,6,4,70,Strong
2621,110,Afrikaans,9,1,66,Passing
2622,110,Afrikaans,9,2,65,Passing
2623,110,Afrikaans,9,3,71,Strong
2624,110,Afrikaans,9,4,70,Strong
2625,110,Mathematics,1,1,62,Passing
2626,110,Mathematics,1,2,72,Strong
2627,110,Mathematics,1,3,69,Passing
2628,110,Mathematics,1,4,74,Strong
2629,110,Geography,21,1,83,Strong
2630,110,Geography,21,2,84,Strong
2631,110,Geography,21,3,89,Strong
2632,110,Geography,21,4,92,Strong
2633,110,Information Technology,24,1,87,Strong
2634,110,Information Technology,24,2,77,Strong
2635,110,Information Technology,24,3,77,Strong
2636,110,Information Technology,24,4,80,Strong
2637,110,Physical Science,10,1,58,Passing
2638,110,Physical Science,10,2,61,Passing
2639,110,Physical Science,10,3,61,Passing
2640,110,Physical Science,10,4,60,Passing
2641,111,English,5,1,68,Passing
2642,111,English,5,2,64,Passing
2643,111,English,5,3,70,Strong
2644,111,English,5,4,67,Passing
2645,111,Afrikaans,7,1,90,Strong
2646,111,Afrikaans,7,2,88,Strong
2647,111,Afrikaans,7,3,87,Strong
2648,111,Afrikaans,7,4,79,Strong
2649,111,Mathematics,3,1,43,At Risk
2650,111,Mathematics,3,2,47,At Risk
2651,111,Mathematics,3,3,50,Passing
2652,111,Mathematics,3,4,51,Passing
2653,111,Accounting,26,1,45,At Risk
2654,111,Accounting,26,2,44,At Risk
2655,111,Accounting,26,3,51,Passing
2656,111,Accounting,26,4,42,At Risk
2657,111,Information Technology,23,1,43,At Risk
2658,111,Information Technology,23,2,56,Passing
2659,111,Information Technology,23,3,42,At Risk
2660,111,Information Technology,23,4,41,At Risk
2661,111,Geography,21,1,80,Strong
2662,111,Geography,21,2,66,Passing
2663,111,Geography,21,3,67,Passing
2664,111,Geography,21,4,72,Strong
2665,112,English,4,1,82,Strong
2666,112,English,4,2,80,Strong
2667,112,English,4,3,90,Strong
2668,112,English,4,4,87,Strong
2669,112,Afrikaans,7,1,58,Passing
2670,112,Afrikaans,7,2,60,Passing
2671,112,Afrikaans,7,3,65,Passing
2672,112,Afrikaans,7,4,55,Passing
2673,112,Mathematics,1,1,56,Passing
2674,112,Mathematics,1,2,45,At Risk
2675,112,Mathematics,1,3,40,At Risk
2676,112,Mathematics,1,4,41,At Risk
2677,112,Geography,21,1,71,Strong
2678,112,Geography,21,2,76,Strong
2679,112,Geography,21,3,75,Strong
2680,112,Geography,21,4,69,Passing
2681,112,Physical Science,11,1,79,Strong
2682,112,Physical Science,11,2,69,Passing
2683,112,Physical Science,11,3,70,Strong
2684,112,Physical Science,11,4,79,Strong
2685,112,Life Science,15,1,91,Strong
2686,112,Life Science,15,2,94,Strong
2687,112,Life Science,15,3,87,Strong
2688,112,Life Science,15,4,89,Strong
2689,113,English,5,1,76,Strong
2690,113,English,5,2,71,Strong
2691,113,English,5,3,83,Strong
2692,113,English,5,4,78,Strong
2693,113,Afrikaans,8,1,73,Strong
2694,113,Afrikaans,8,2,68,Passing
2695,113,Afrikaans,8,3,64,Passing
2696,113,Afrikaans,8,4,69,Passing
2697,113,Mathematics,2,1,32,High Risk
2698,113,Mathematics,2,2,48,At Risk
2699,113,Mathematics,2,3,36,High Risk
2700,113,Mathematics,2,4,43,At Risk
2701,113,Information Technology,22,1,68,Passing
2702,113,Information Technology,22,2,53,Passing
2703,113,Information Technology,22,3,68,Passing
2704,113,Information Technology,22,4,68,Passing
2705,113,History,17,1,59,Passing
2706,113,History,17,2,72,Strong
2707,113,History,17,3,68,Passing
2708,113,History,17,4,66,Passing
2709,113,Geography,20,1,50,Passing
2710,113,Geography,20,2,45,At Risk
2711,113,Geography,20,3,52,Passing
2712,113,Geography,20,4,52,Passing
2713,114,English,5,1,71,Strong
2714,114,English,5,2,69,Passing
2715,114,English,5,3,76,Strong
2716,114,English,5,4,76,Strong
2717,114,Afrikaans,7,1,59,Passing
2718,114,Afrikaans,7,2,53,Passing
2719,114,Afrikaans,7,3,64,Passing
2720,114,Afrikaans,7,4,58,Passing
2721,114,Mathematics,1,1,73,Strong
2722,114,Mathematics,1,2,74,Strong
2723,114,Mathematics,1,3,73,Strong
2724,114,Mathematics,1,4,78,Strong
2725,114,Accounting,25,1,48,At Risk
2726,114,Accounting,25,2,51,Passing
2727,114,Accounting,25,3,50,Passing
2728,114,Accounting,25,4,55,Passing
2729,114,Geography,19,1,60,Passing
2730,114,Geography,19,2,60,Passing
2731,114,Geography,19,3,54,Passing
2732,114,Geography,19,4,61,Passing
2733,114,Physical Science,12,1,52,Passing
2734,114,Physical Science,12,2,42,At Risk
2735,114,Physical Science,12,3,46,At Risk
2736,114,Physical Science,12,4,43,At Risk
2737,115,English,4,1,73,Strong
2738,115,English,4,2,78,Strong
2739,115,English,4,3,76,Strong
2740,115,English,4,4,82,Strong
2741,115,Afrikaans,7,1,58,Passing
2742,115,Afrikaans,7,2,68,Passing
2743,115,Afrikaans,7,3,54,Passing
2744,115,Afrikaans,7,4,61,Passing
2745,115,Mathematics,3,1,41,At Risk
2746,115,Mathematics,3,2,37,High Risk
2747,115,Mathematics,3,3,52,Passing
2748,115,Mathematics,3,4,43,At Risk
2749,115,Life Science,13,1,72,Strong
2750,115,Life Science,13,2,68,Passing
2751,115,Life Science,13,3,74,Strong
2752,115,Life Science,13,4,70,Strong
2753,115,History,18,1,70,Strong
2754,115,History,18,2,79,Strong
2755,115,History,18,3,71,Strong
2756,115,History,18,4,73,Strong
2757,115,Accounting,26,1,45,At Risk
2758,115,Accounting,26,2,49,At Risk
2759,115,Accounting,26,3,39,High Risk
2760,115,Accounting,26,4,52,Passing
2761,116,English,4,1,56,Passing
2762,116,English,4,2,58,Passing
2763,116,English,4,3,62,Passing
2764,116,English,4,4,50,Passing
2765,116,Afrikaans,9,1,51,Passing
2766,116,Afrikaans,9,2,56,Passing
2767,116,Afrikaans,9,3,58,Passing
2768,116,Afrikaans,9,4,51,Passing
2769,116,Mathematics,1,1,40,At Risk
2770,116,Mathematics,1,2,48,At Risk
2771,116,Mathematics,1,3,37,High Risk
2772,116,Mathematics,1,4,50,Passing
2773,116,History,18,1,68,Passing
2774,116,History,18,2,65,Passing
2775,116,History,18,3,62,Passing
2776,116,History,18,4,63,Passing
2777,116,Geography,19,1,50,Passing
2778,116,Geography,19,2,65,Passing
2779,116,Geography,19,3,52,Passing
2780,116,Geography,19,4,57,Passing
2781,116,Information Technology,23,1,74,Strong
2782,116,Information Technology,23,2,71,Strong
2783,116,Information Technology,23,3,76,Strong
2784,116,Information Technology,23,4,66,Passing
2785,117,English,5,1,55,Passing
2786,117,English,5,2,59,Passing
2787,117,English,5,3,65,Passing
2788,117,English,5,4,62,Passing
2789,117,Afrikaans,7,1,42,At Risk
2790,117,Afrikaans,7,2,45,At Risk
2791,117,Afrikaans,7,3,40,At Risk
2792,117,Afrikaans,7,4,49,At Risk
2793,117,Mathematics,3,1,47,At Risk
2794,117,Mathematics,3,2,48,At Risk
2795,117,Mathematics,3,3,62,Passing
2796,117,Mathematics,3,4,51,Passing
2797,117,Physical Science,10,1,55,Passing
2798,117,Physical Science,10,2,60,Passing
2799,117,Physical Science,10,3,58,Passing
2800,117,Physical Science,10,4,68,Passing
2801,117,Accounting,26,1,49,At Risk
2802,117,Accounting,26,2,40,At Risk
2803,117,Accounting,26,3,40,At Risk
2804,117,Accounting,26,4,50,Passing
2805,117,Life Science,13,1,50,Passing
2806,117,Life Science,13,2,51,Passing
2807,117,Life Science,13,3,62,Passing
2808,117,Life Science,13,4,54,Passing
2809,118,English,4,1,70,Strong
2810,118,English,4,2,73,Strong
2811,118,English,4,3,65,Passing
2812,118,English,4,4,59,Passing
2813,118,Afrikaans,9,1,72,Strong
2814,118,Afrikaans,9,2,65,Passing
2815,118,Afrikaans,9,3,69,Passing
2816,118,Afrikaans,9,4,62,Passing
2817,118,Mathematics,1,1,77,Strong
2818,118,Mathematics,1,2,72,Strong
2819,118,Mathematics,1,3,78,Strong
2820,118,Mathematics,1,4,69,Passing
2821,118,Accounting,25,1,75,Strong
2822,118,Accounting,25,2,81,Strong
2823,118,Accounting,25,3,80,Strong
2824,118,Accounting,25,4,84,Strong
2825,118,Life Science,15,1,60,Passing
2826,118,Life Science,15,2,57,Passing
2827,118,Life Science,15,3,71,Strong
2828,118,Life Science,15,4,59,Passing
2829,118,History,18,1,77,Strong
2830,118,History,18,2,76,Strong
2831,118,History,18,3,79,Strong
2832,118,History,18,4,82,Strong
2833,119,English,5,1,55,Passing
2834,119,English,5,2,51,Passing
2835,119,English,5,3,44,At Risk
2836,119,English,5,4,39,High Risk
2837,119,Afrikaans,7,1,87,Strong
2838,119,Afrikaans,7,2,83,Strong
2839,119,Afrikaans,7,3,86,Strong
2840,119,Afrikaans,7,4,78,Strong
2841,119,Mathematics,3,1,78,Strong
2842,119,Mathematics,3,2,72,Strong
2843,119,Mathematics,3,3,82,Strong
2844,119,Mathematics,3,4,81,Strong
2845,119,Information Technology,24,1,74,Strong
2846,119,Information Technology,24,2,79,Strong
2847,119,Information Technology,24,3,80,Strong
2848,119,Information Technology,24,4,83,Strong
2849,119,Physical Science,12,1,53,Passing
2850,119,Physical Science,12,2,53,Passing
2851,119,Physical Science,12,3,66,Passing
2852,119,Physical Science,12,4,52,Passing
2853,119,Geography,20,1,45,At Risk
2854,119,Geography,20,2,46,At Risk
2855,119,Geography,20,3,42,At Risk
2856,119,Geography,20,4,47,At Risk
2857,120,English,6,1,60,Passing
2858,120,English,6,2,51,Passing
2859,120,English,6,3,48,At Risk
2860,120,English,6,4,46,At Risk
2861,120,Afrikaans,9,1,85,Strong
2862,120,Afrikaans,9,2,88,Strong
2863,120,Afrikaans,9,3,89,Strong
2864,120,Afrikaans,9,4,81,Strong
2865,120,Mathematics,3,1,46,At Risk
2866,120,Mathematics,3,2,42,At Risk
2867,120,Mathematics,3,3,37,High Risk
2868,120,Mathematics,3,4,35,High Risk
2869,120,Physical Science,12,1,58,Passing
2870,120,Physical Science,12,2,45,At Risk
2871,120,Physical Science,12,3,57,Passing
2872,120,Physical Science,12,4,44,At Risk
2873,120,Life Science,14,1,74,Strong
2874,120,Life Science,14,2,72,Strong
2875,120,Life Science,14,3,62,Passing
2876,120,Life Science,14,4,69,Passing
2877,120,Accounting,27,1,68,Passing
2878,120,Accounting,27,2,69,Passing
2879,120,Accounting,27,3,76,Strong
2880,120,Accounting,27,4,69,Passing
2881,121,English,5,1,68,Passing
2882,121,English,5,2,55,Passing
2883,121,English,5,3,55,Passing
2884,121,English,5,4,59,Passing
2885,121,Afrikaans,9,1,83,Strong
2886,121,Afrikaans,9,2,77,Strong
2887,121,Afrikaans,9,3,77,Strong
2888,121,Afrikaans,9,4,87,Strong
2889,121,Mathematics,2,1,52,Passing
2890,121,Mathematics,2,2,60,Passing
2891,121,Mathematics,2,3,50,Passing
2892,121,Mathematics,2,4,58,Passing
2893,121,Geography,21,1,81,Strong
2894,121,Geography,21,2,71,Strong
2895,121,Geography,21,3,73,Strong
2896,121,Geography,21,4,73,Strong
2897,121,Physical Science,10,1,77,Strong
2898,121,Physical Science,10,2,81,Strong
2899,121,Physical Science,10,3,75,Strong
2900,121,Physical Science,10,4,70,Strong
2901,121,Life Science,13,1,86,Strong
2902,121,Life Science,13,2,83,Strong
2903,121,Life Science,13,3,82,Strong
2904,121,Life Science,13,4,82,Strong
2905,122,English,4,1,75,Strong
2906,122,English,4,2,75,Strong
2907,122,English,4,3,72,Strong
2908,122,English,4,4,69,Passing
2909,122,Afrikaans,7,1,79,Strong
2910,122,Afrikaans,7,2,85,Strong
2911,122,Afrikaans,7,3,81,Strong
2912,122,Afrikaans,7,4,84,Strong
2913,122,Mathematics,2,1,74,Strong
2914,122,Mathematics,2,2,72,Strong
2915,122,Mathematics,2,3,60,Passing
2916,122,Mathematics,2,4,61,Passing
2917,122,Geography,19,1,57,Passing
2918,122,Geography,19,2,73,Strong
2919,122,Geography,19,3,61,Passing
2920,122,Geography,19,4,66,Passing
2921,122,History,16,1,49,At Risk
2922,122,History,16,2,47,At Risk
2923,122,History,16,3,46,At Risk
2924,122,History,16,4,50,Passing
2925,122,Information Technology,23,1,44,At Risk
2926,122,Information Technology,23,2,52,Passing
2927,122,Information Technology,23,3,40,At Risk
2928,122,Information Technology,23,4,39,High Risk
2929,123,English,4,1,55,Passing
2930,123,English,4,2,52,Passing
2931,123,English,4,3,45,At Risk
2932,123,English,4,4,45,At Risk
2933,123,Afrikaans,9,1,64,Passing
2934,123,Afrikaans,9,2,60,Passing
2935,123,Afrikaans,9,3,60,Passing
2936,123,Afrikaans,9,4,61,Passing
2937,123,Mathematics,1,1,53,Passing
2938,123,Mathematics,1,2,63,Passing
2939,123,Mathematics,1,3,57,Passing
2940,123,Mathematics,1,4,53,Passing
2941,123,Geography,19,1,74,Strong
2942,123,Geography,19,2,64,Passing
2943,123,Geography,19,3,74,Strong
2944,123,Geography,19,4,62,Passing
2945,123,Accounting,27,1,81,Strong
2946,123,Accounting,27,2,73,Strong
2947,123,Accounting,27,3,84,Strong
2948,123,Accounting,27,4,74,Strong
2949,123,Information Technology,22,1,48,At Risk
2950,123,Information Technology,22,2,49,At Risk
2951,123,Information Technology,22,3,51,Passing
2952,123,Information Technology,22,4,51,Passing
2953,124,English,5,1,53,Passing
2954,124,English,5,2,46,At Risk
2955,124,English,5,3,58,Passing
2956,124,English,5,4,47,At Risk
2957,124,Afrikaans,9,1,72,Strong
2958,124,Afrikaans,9,2,57,Passing
2959,124,Afrikaans,9,3,66,Passing
2960,124,Afrikaans,9,4,60,Passing
2961,124,Mathematics,1,1,68,Passing
2962,124,Mathematics,1,2,59,Passing
2963,124,Mathematics,1,3,56,Passing
2964,124,Mathematics,1,4,53,Passing
2965,124,Life Science,14,1,77,Strong
2966,124,Life Science,14,2,79,Strong
2967,124,Life Science,14,3,65,Passing
2968,124,Life Science,14,4,70,Strong
2969,124,Geography,19,1,75,Strong
2970,124,Geography,19,2,78,Strong
2971,124,Geography,19,3,70,Strong
2972,124,Geography,19,4,70,Strong
2973,124,Accounting,25,1,57,Passing
2974,124,Accounting,25,2,70,Strong
2975,124,Accounting,25,3,56,Passing
2976,124,Accounting,25,4,67,Passing
2977,125,English,4,1,57,Passing
2978,125,English,4,2,67,Passing
2979,125,English,4,3,71,Strong
2980,125,English,4,4,68,Passing
2981,125,Afrikaans,8,1,49,At Risk
2982,125,Afrikaans,8,2,60,Passing
2983,125,Afrikaans,8,3,51,Passing
2984,125,Afrikaans,8,4,60,Passing
2985,125,Mathematics,2,1,63,Passing
2986,125,Mathematics,2,2,73,Strong
2987,125,Mathematics,2,3,64,Passing
2988,125,Mathematics,2,4,64,Passing
2989,125,Geography,21,1,51,Passing
2990,125,Geography,21,2,56,Passing
2991,125,Geography,21,3,53,Passing
2992,125,Geography,21,4,45,At Risk
2993,125,Life Science,13,1,58,Passing
2994,125,Life Science,13,2,58,Passing
2995,125,Life Science,13,3,56,Passing
2996,125,Life Science,13,4,56,Passing
2997,125,Information Technology,23,1,57,Passing
2998,125,Information Technology,23,2,58,Passing
2999,125,Information Technology,23,3,47,At Risk
3000,125,Information Technology,23,4,56,Passing
3001,126,English,4,1,60,Passing
3002,126,English,4,2,63,Passing
3003,126,English,4,3,53,Passing
3004,126,English,4,4,63,Passing
3005,126,Afrikaans,8,1,46,At Risk
3006,126,Afrikaans,8,2,45,At Risk
3007,126,Afrikaans,8,3,50,Passing
3008,126,Afrikaans,8,4,43,At Risk
3009,126,Mathematics,1,1,40,At Risk
3010,126,Mathematics,1,2,38,High Risk
3011,126,Mathematics,1,3,44,At Risk
3012,126,Mathematics,1,4,41,At Risk
3013,126,Physical Science,12,1,48,At Risk
3014,126,Physical Science,12,2,58,Passing
3015,126,Physical Science,12,3,51,Passing
3016,126,Physical Science,12,4,57,Passing
3017,126,History,17,1,83,Strong
3018,126,History,17,2,68,Passing
3019,126,History,17,3,78,Strong
3020,126,History,17,4,74,Strong
3021,126,Geography,21,1,79,Strong
3022,126,Geography,21,2,79,Strong
3023,126,Geography,21,3,89,Strong
3024,126,Geography,21,4,81,Strong
3025,127,English,6,1,89,Strong
3026,127,English,6,2,78,Strong
3027,127,English,6,3,74,Strong
3028,127,English,6,4,86,Strong
3029,127,Afrikaans,8,1,90,Strong
3030,127,Afrikaans,8,2,75,Strong
3031,127,Afrikaans,8,3,82,Strong
3032,127,Afrikaans,8,4,79,Strong
3033,127,Mathematics,1,1,44,At Risk
3034,127,Mathematics,1,2,41,At Risk
3035,127,Mathematics,1,3,43,At Risk
3036,127,Mathematics,1,4,36,High Risk
3037,127,History,16,1,69,Passing
3038,127,History,16,2,71,Strong
3039,127,History,16,3,81,Strong
3040,127,History,16,4,77,Strong
3041,127,Information Technology,24,1,61,Passing
3042,127,Information Technology,24,2,58,Passing
3043,127,Information Technology,24,3,67,Passing
3044,127,Information Technology,24,4,70,Strong
3045,127,Accounting,26,1,60,Passing
3046,127,Accounting,26,2,64,Passing
3047,127,Accounting,26,3,51,Passing
3048,127,Accounting,26,4,58,Passing
3049,128,English,4,1,72,Strong
3050,128,English,4,2,75,Strong
3051,128,English,4,3,76,Strong
3052,128,English,4,4,86,Strong
3053,128,Afrikaans,7,1,66,Passing
3054,128,Afrikaans,7,2,67,Passing
3055,128,Afrikaans,7,3,73,Strong
3056,128,Afrikaans,7,4,82,Strong
3057,128,Mathematics,1,1,61,Passing
3058,128,Mathematics,1,2,66,Passing
3059,128,Mathematics,1,3,63,Passing
3060,128,Mathematics,1,4,56,Passing
3061,128,Physical Science,10,1,42,At Risk
3062,128,Physical Science,10,2,42,At Risk
3063,128,Physical Science,10,3,42,At Risk
3064,128,Physical Science,10,4,40,At Risk
3065,128,History,16,1,71,Strong
3066,128,History,16,2,63,Passing
3067,128,History,16,3,56,Passing
3068,128,History,16,4,63,Passing
3069,128,Information Technology,24,1,59,Passing
3070,128,Information Technology,24,2,67,Passing
3071,128,Information Technology,24,3,66,Passing
3072,128,Information Technology,24,4,63,Passing
3073,129,English,6,1,72,Strong
3074,129,English,6,2,64,Passing
3075,129,English,6,3,62,Passing
3076,129,English,6,4,72,Strong
3077,129,Afrikaans,7,1,77,Strong
3078,129,Afrikaans,7,2,83,Strong
3079,129,Afrikaans,7,3,77,Strong
3080,129,Afrikaans,7,4,74,Strong
3081,129,Mathematics,2,1,68,Passing
3082,129,Mathematics,2,2,69,Passing
3083,129,Mathematics,2,3,73,Strong
3084,129,Mathematics,2,4,63,Passing
3085,129,Information Technology,24,1,52,Passing
3086,129,Information Technology,24,2,54,Passing
3087,129,Information Technology,24,3,52,Passing
3088,129,Information Technology,24,4,57,Passing
3089,129,Accounting,27,1,71,Strong
3090,129,Accounting,27,2,80,Strong
3091,129,Accounting,27,3,71,Strong
3092,129,Accounting,27,4,72,Strong
3093,129,Geography,19,1,61,Passing
3094,129,Geography,19,2,62,Passing
3095,129,Geography,19,3,64,Passing
3096,129,Geography,19,4,69,Passing
3097,130,English,4,1,48,At Risk
3098,130,English,4,2,58,Passing
3099,130,English,4,3,61,Passing
3100,130,English,4,4,61,Passing
3101,130,Afrikaans,8,1,70,Strong
3102,130,Afrikaans,8,2,64,Passing
3103,130,Afrikaans,8,3,60,Passing
3104,130,Afrikaans,8,4,62,Passing
3105,130,Mathematics,3,1,42,At Risk
3106,130,Mathematics,3,2,43,At Risk
3107,130,Mathematics,3,3,38,High Risk
3108,130,Mathematics,3,4,46,At Risk
3109,130,Life Science,14,1,83,Strong
3110,130,Life Science,14,2,83,Strong
3111,130,Life Science,14,3,83,Strong
3112,130,Life Science,14,4,76,Strong
3113,130,Geography,21,1,63,Passing
3114,130,Geography,21,2,76,Strong
3115,130,Geography,21,3,65,Passing
3116,130,Geography,21,4,77,Strong
3117,130,Information Technology,24,1,88,Strong
3118,130,Information Technology,24,2,84,Strong
3119,130,Information Technology,24,3,78,Strong
3120,130,Information Technology,24,4,85,Strong
3121,131,English,6,1,85,Strong
3122,131,English,6,2,74,Strong
3123,131,English,6,3,75,Strong
3124,131,English,6,4,76,Strong
3125,131,Afrikaans,8,1,52,Passing
3126,131,Afrikaans,8,2,64,Passing
3127,131,Afrikaans,8,3,51,Passing
3128,131,Afrikaans,8,4,59,Passing
3129,131,Mathematics,2,1,65,Passing
3130,131,Mathematics,2,2,64,Passing
3131,131,Mathematics,2,3,64,Passing
3132,131,Mathematics,2,4,60,Passing
3133,131,History,18,1,65,Passing
3134,131,History,18,2,66,Passing
3135,131,History,18,3,61,Passing
3136,131,History,18,4,65,Passing
3137,131,Accounting,26,1,62,Passing
3138,131,Accounting,26,2,61,Passing
3139,131,Accounting,26,3,50,Passing
3140,131,Accounting,26,4,61,Passing
3141,131,Geography,21,1,71,Strong
3142,131,Geography,21,2,75,Strong
3143,131,Geography,21,3,60,Passing
3144,131,Geography,21,4,75,Strong
3145,132,English,6,1,59,Passing
3146,132,English,6,2,59,Passing
3147,132,English,6,3,46,At Risk
3148,132,English,6,4,52,Passing
3149,132,Afrikaans,7,1,82,Strong
3150,132,Afrikaans,7,2,71,Strong
3151,132,Afrikaans,7,3,82,Strong
3152,132,Afrikaans,7,4,86,Strong
3153,132,Mathematics,2,1,73,Strong
3154,132,Mathematics,2,2,78,Strong
3155,132,Mathematics,2,3,81,Strong
3156,132,Mathematics,2,4,86,Strong
3157,132,Geography,19,1,73,Strong
3158,132,Geography,19,2,73,Strong
3159,132,Geography,19,3,78,Strong
3160,132,Geography,19,4,69,Passing
3161,132,History,18,1,76,Strong
3162,132,History,18,2,68,Passing
3163,132,History,18,3,83,Strong
3164,132,History,18,4,71,Strong
3165,132,Life Science,14,1,81,Strong
3166,132,Life Science,14,2,69,Passing
3167,132,Life Science,14,3,83,Strong
3168,132,Life Science,14,4,70,Strong
3169,133,English,4,1,54,Passing
3170,133,English,4,2,62,Passing
3171,133,English,4,3,63,Passing
3172,133,English,4,4,60,Passing
3173,133,Afrikaans,9,1,65,Passing
3174,133,Afrikaans,9,2,70,Strong
3175,133,Afrikaans,9,3,79,Strong
3176,133,Afrikaans,9,4,71,Strong
3177,133,Mathematics,3,1,63,Passing
3178,133,Mathematics,3,2,69,Passing
3179,133,Mathematics,3,3,71,Strong
3180,133,Mathematics,3,4,66,Passing
3181,133,Accounting,27,1,43,At Risk
3182,133,Accounting,27,2,44,At Risk
3183,133,Accounting,27,3,55,Passing
3184,133,Accounting,27,4,52,Passing
3185,133,Life Science,15,1,59,Passing
3186,133,Life Science,15,2,55,Passing
3187,133,Life Science,15,3,59,Passing
3188,133,Life Science,15,4,48,At Risk
3189,133,Geography,19,1,75,Strong
3190,133,Geography,19,2,64,Passing
3191,133,Geography,19,3,68,Passing
3192,133,Geography,19,4,73,Strong
3193,134,English,4,1,79,Strong
3194,134,English,4,2,80,Strong
3195,134,English,4,3,79,Strong
3196,134,English,4,4,80,Strong
3197,134,Afrikaans,7,1,53,Passing
3198,134,Afrikaans,7,2,49,At Risk
3199,134,Afrikaans,7,3,49,At Risk
3200,134,Afrikaans,7,4,54,Passing
3201,134,Mathematics,1,1,55,Passing
3202,134,Mathematics,1,2,53,Passing
3203,134,Mathematics,1,3,54,Passing
3204,134,Mathematics,1,4,56,Passing
3205,134,Life Science,13,1,46,At Risk
3206,134,Life Science,13,2,38,High Risk
3207,134,Life Science,13,3,52,Passing
3208,134,Life Science,13,4,53,Passing
3209,134,Geography,20,1,70,Strong
3210,134,Geography,20,2,85,Strong
3211,134,Geography,20,3,77,Strong
3212,134,Geography,20,4,76,Strong
3213,134,Physical Science,10,1,82,Strong
3214,134,Physical Science,10,2,81,Strong
3215,134,Physical Science,10,3,80,Strong
3216,134,Physical Science,10,4,81,Strong
3217,135,English,4,1,44,At Risk
3218,135,English,4,2,51,Passing
3219,135,English,4,3,52,Passing
3220,135,English,4,4,50,Passing
3221,135,Afrikaans,8,1,45,At Risk
3222,135,Afrikaans,8,2,44,At Risk
3223,135,Afrikaans,8,3,41,At Risk
3224,135,Afrikaans,8,4,51,Passing
3225,135,Mathematics,1,1,38,High Risk
3226,135,Mathematics,1,2,35,High Risk
3227,135,Mathematics,1,3,43,At Risk
3228,135,Mathematics,1,4,44,At Risk
3229,135,History,17,1,46,At Risk
3230,135,History,17,2,48,At Risk
3231,135,History,17,3,58,Passing
3232,135,History,17,4,50,Passing
3233,135,Geography,20,1,58,Passing
3234,135,Geography,20,2,54,Passing
3235,135,Geography,20,3,63,Passing
3236,135,Geography,20,4,60,Passing
3237,135,Information Technology,22,1,39,High Risk
3238,135,Information Technology,22,2,46,At Risk
3239,135,Information Technology,22,3,47,At Risk
3240,135,Information Technology,22,4,48,At Risk
3241,136,English,4,1,65,Passing
3242,136,English,4,2,76,Strong
3243,136,English,4,3,65,Passing
3244,136,English,4,4,72,Strong
3245,136,Afrikaans,9,1,71,Strong
3246,136,Afrikaans,9,2,70,Strong
3247,136,Afrikaans,9,3,75,Strong
3248,136,Afrikaans,9,4,77,Strong
3249,136,Mathematics,2,1,78,Strong
3250,136,Mathematics,2,2,81,Strong
3251,136,Mathematics,2,3,71,Strong
3252,136,Mathematics,2,4,71,Strong
3253,136,Geography,21,1,79,Strong
3254,136,Geography,21,2,81,Strong
3255,136,Geography,21,3,94,Strong
3256,136,Geography,21,4,80,Strong
3257,136,Life Science,15,1,77,Strong
3258,136,Life Science,15,2,81,Strong
3259,136,Life Science,15,3,78,Strong
3260,136,Life Science,15,4,76,Strong
3261,136,Accounting,25,1,78,Strong
3262,136,Accounting,25,2,71,Strong
3263,136,Accounting,25,3,82,Strong
3264,136,Accounting,25,4,83,Strong
3265,137,English,5,1,94,Strong
3266,137,English,5,2,94,Strong
3267,137,English,5,3,84,Strong
3268,137,English,5,4,86,Strong
3269,137,Afrikaans,7,1,61,Passing
3270,137,Afrikaans,7,2,55,Passing
3271,137,Afrikaans,7,3,58,Passing
3272,137,Afrikaans,7,4,55,Passing
3273,137,Mathematics,3,1,64,Passing
3274,137,Mathematics,3,2,67,Passing
3275,137,Mathematics,3,3,74,Strong
3276,137,Mathematics,3,4,74,Strong
3277,137,Physical Science,12,1,42,At Risk
3278,137,Physical Science,12,2,43,At Risk
3279,137,Physical Science,12,3,38,High Risk
3280,137,Physical Science,12,4,32,High Risk
3281,137,Life Science,13,1,84,Strong
3282,137,Life Science,13,2,87,Strong
3283,137,Life Science,13,3,86,Strong
3284,137,Life Science,13,4,80,Strong
3285,137,History,16,1,68,Passing
3286,137,History,16,2,75,Strong
3287,137,History,16,3,69,Passing
3288,137,History,16,4,59,Passing
3289,138,English,5,1,56,Passing
3290,138,English,5,2,56,Passing
3291,138,English,5,3,58,Passing
3292,138,English,5,4,46,At Risk
3293,138,Afrikaans,7,1,54,Passing
3294,138,Afrikaans,7,2,58,Passing
3295,138,Afrikaans,7,3,58,Passing
3296,138,Afrikaans,7,4,63,Passing
3297,138,Mathematics,1,1,63,Passing
3298,138,Mathematics,1,2,66,Passing
3299,138,Mathematics,1,3,77,Strong
3300,138,Mathematics,1,4,66,Passing
3301,138,Physical Science,12,1,84,Strong
3302,138,Physical Science,12,2,80,Strong
3303,138,Physical Science,12,3,84,Strong
3304,138,Physical Science,12,4,83,Strong
3305,138,Geography,19,1,58,Passing
3306,138,Geography,19,2,51,Passing
3307,138,Geography,19,3,52,Passing
3308,138,Geography,19,4,42,At Risk
3309,138,Accounting,26,1,57,Passing
3310,138,Accounting,26,2,58,Passing
3311,138,Accounting,26,3,49,At Risk
3312,138,Accounting,26,4,51,Passing
3313,139,English,5,1,56,Passing
3314,139,English,5,2,66,Passing
3315,139,English,5,3,68,Passing
3316,139,English,5,4,61,Passing
3317,139,Afrikaans,7,1,85,Strong
3318,139,Afrikaans,7,2,78,Strong
3319,139,Afrikaans,7,3,76,Strong
3320,139,Afrikaans,7,4,82,Strong
3321,139,Mathematics,3,1,53,Passing
3322,139,Mathematics,3,2,60,Passing
3323,139,Mathematics,3,3,65,Passing
3324,139,Mathematics,3,4,54,Passing
3325,139,Information Technology,23,1,73,Strong
3326,139,Information Technology,23,2,77,Strong
3327,139,Information Technology,23,3,80,Strong
3328,139,Information Technology,23,4,75,Strong
3329,139,Geography,21,1,68,Passing
3330,139,Geography,21,2,61,Passing
3331,139,Geography,21,3,57,Passing
3332,139,Geography,21,4,55,Passing
3333,139,Physical Science,11,1,54,Passing
3334,139,Physical Science,11,2,59,Passing
3335,139,Physical Science,11,3,55,Passing
3336,139,Physical Science,11,4,67,Passing
3337,140,English,4,1,71,Strong
3338,140,English,4,2,86,Strong
3339,140,English,4,3,87,Strong
3340,140,English,4,4,75,Strong
3341,140,Afrikaans,9,1,59,Passing
3342,140,Afrikaans,9,2,64,Passing
3343,140,Afrikaans,9,3,65,Passing
3344,140,Afrikaans,9,4,58,Passing
3345,140,Mathematics,3,1,56,Passing
3346,140,Mathematics,3,2,55,Passing
3347,140,Mathematics,3,3,68,Passing
3348,140,Mathematics,3,4,56,Passing
3349,140,Accounting,26,1,48,At Risk
3350,140,Accounting,26,2,61,Passing
3351,140,Accounting,26,3,59,Passing
3352,140,Accounting,26,4,63,Passing
3353,140,Life Science,15,1,45,At Risk
3354,140,Life Science,15,2,54,Passing
3355,140,Life Science,15,3,46,At Risk
3356,140,Life Science,15,4,47,At Risk
3357,140,Geography,20,1,74,Strong
3358,140,Geography,20,2,61,Passing
3359,140,Geography,20,3,63,Passing
3360,140,Geography,20,4,76,Strong
3361,141,English,5,1,58,Passing
3362,141,English,5,2,67,Passing
3363,141,English,5,3,64,Passing
3364,141,English,5,4,68,Passing
3365,141,Afrikaans,7,1,55,Passing
3366,141,Afrikaans,7,2,58,Passing
3367,141,Afrikaans,7,3,57,Passing
3368,141,Afrikaans,7,4,59,Passing
3369,141,Mathematics,3,1,63,Passing
3370,141,Mathematics,3,2,68,Passing
3371,141,Mathematics,3,3,64,Passing
3372,141,Mathematics,3,4,65,Passing
3373,141,Accounting,26,1,54,Passing
3374,141,Accounting,26,2,51,Passing
3375,141,Accounting,26,3,67,Passing
3376,141,Accounting,26,4,54,Passing
3377,141,Life Science,15,1,62,Passing
3378,141,Life Science,15,2,61,Passing
3379,141,Life Science,15,3,59,Passing
3380,141,Life Science,15,4,55,Passing
3381,141,Physical Science,10,1,55,Passing
3382,141,Physical Science,10,2,53,Passing
3383,141,Physical Science,10,3,50,Passing
3384,141,Physical Science,10,4,57,Passing
3385,142,English,4,1,88,Strong
3386,142,English,4,2,92,Strong
3387,142,English,4,3,79,Strong
3388,142,English,4,4,82,Strong
3389,142,Afrikaans,9,1,53,Passing
3390,142,Afrikaans,9,2,39,High Risk
3391,142,Afrikaans,9,3,41,At Risk
3392,142,Afrikaans,9,4,50,Passing
3393,142,Mathematics,2,1,37,High Risk
3394,142,Mathematics,2,2,48,At Risk
3395,142,Mathematics,2,3,47,At Risk
3396,142,Mathematics,2,4,40,At Risk
3397,142,Geography,21,1,91,Strong
3398,142,Geography,21,2,88,Strong
3399,142,Geography,21,3,86,Strong
3400,142,Geography,21,4,87,Strong
3401,142,History,17,1,54,Passing
3402,142,History,17,2,66,Passing
3403,142,History,17,3,56,Passing
3404,142,History,17,4,54,Passing
3405,142,Information Technology,24,1,67,Passing
3406,142,Information Technology,24,2,78,Strong
3407,142,Information Technology,24,3,73,Strong
3408,142,Information Technology,24,4,78,Strong
3409,143,English,5,1,76,Strong
3410,143,English,5,2,76,Strong
3411,143,English,5,3,73,Strong
3412,143,English,5,4,77,Strong
3413,143,Afrikaans,9,1,72,Strong
3414,143,Afrikaans,9,2,65,Passing
3415,143,Afrikaans,9,3,70,Strong
3416,143,Afrikaans,9,4,70,Strong
3417,143,Mathematics,2,1,76,Strong
3418,143,Mathematics,2,2,61,Passing
3419,143,Mathematics,2,3,63,Passing
3420,143,Mathematics,2,4,76,Strong
3421,143,Information Technology,22,1,53,Passing
3422,143,Information Technology,22,2,57,Passing
3423,143,Information Technology,22,3,56,Passing
3424,143,Information Technology,22,4,47,At Risk
3425,143,Geography,19,1,68,Passing
3426,143,Geography,19,2,61,Passing
3427,143,Geography,19,3,73,Strong
3428,143,Geography,19,4,60,Passing
3429,143,Physical Science,11,1,58,Passing
3430,143,Physical Science,11,2,65,Passing
3431,143,Physical Science,11,3,57,Passing
3432,143,Physical Science,11,4,64,Passing
3433,144,English,6,1,87,Strong
3434,144,English,6,2,85,Strong
3435,144,English,6,3,86,Strong
3436,144,English,6,4,80,Strong
3437,144,Afrikaans,9,1,83,Strong
3438,144,Afrikaans,9,2,81,Strong
3439,144,Afrikaans,9,3,91,Strong
3440,144,Afrikaans,9,4,88,Strong
3441,144,Mathematics,1,1,46,At Risk
3442,144,Mathematics,1,2,42,At Risk
3443,144,Mathematics,1,3,49,At Risk
3444,144,Mathematics,1,4,49,At Risk
3445,144,History,18,1,86,Strong
3446,144,History,18,2,83,Strong
3447,144,History,18,3,81,Strong
3448,144,History,18,4,78,Strong
3449,144,Information Technology,22,1,86,Strong
3450,144,Information Technology,22,2,74,Strong
3451,144,Information Technology,22,3,85,Strong
3452,144,Information Technology,22,4,81,Strong
3453,144,Geography,19,1,77,Strong
3454,144,Geography,19,2,88,Strong
3455,144,Geography,19,3,79,Strong
3456,144,Geography,19,4,83,Strong
3457,145,English,6,1,66,Passing
3458,145,English,6,2,67,Passing
3459,145,English,6,3,76,Strong
3460,145,English,6,4,74,Strong
3461,145,Afrikaans,9,1,69,Passing
3462,145,Afrikaans,9,2,70,Strong
3463,145,Afrikaans,9,3,74,Strong
3464,145,Afrikaans,9,4,72,Strong
3465,145,Mathematics,3,1,69,Passing
3466,145,Mathematics,3,2,73,Strong
3467,145,Mathematics,3,3,73,Strong
3468,145,Mathematics,3,4,83,Strong
3469,145,History,18,1,83,Strong
3470,145,History,18,2,86,Strong
3471,145,History,18,3,88,Strong
3472,145,History,18,4,80,Strong
3473,145,Geography,20,1,62,Passing
3474,145,Geography,20,2,61,Passing
3475,145,Geography,20,3,61,Passing
3476,145,Geography,20,4,65,Passing
3477,145,Physical Science,12,1,54,Passing
3478,145,Physical Science,12,2,52,Passing
3479,145,Physical Science,12,3,68,Passing
3480,145,Physical Science,12,4,64,Passing
3481,146,English,5,1,56,Passing
3482,146,English,5,2,48,At Risk
3483,146,English,5,3,58,Passing
3484,146,English,5,4,48,At Risk
3485,146,Afrikaans,8,1,48,At Risk
3486,146,Afrikaans,8,2,40,At Risk
3487,146,Afrikaans,8,3,46,At Risk
3488,146,Afrikaans,8,4,37,High Risk
3489,146,Mathematics,3,1,60,Passing
3490,146,Mathematics,3,2,59,Passing
3491,146,Mathematics,3,3,57,Passing
3492,146,Mathematics,3,4,59,Passing
3493,146,Information Technology,23,1,72,Strong
3494,146,Information Technology,23,2,73,Strong
3495,146,Information Technology,23,3,66,Passing
3496,146,Information Technology,23,4,65,Passing
3497,146,Physical Science,11,1,64,Passing
3498,146,Physical Science,11,2,66,Passing
3499,146,Physical Science,11,3,72,Strong
3500,146,Physical Science,11,4,71,Strong
3501,146,Life Science,13,1,68,Passing
3502,146,Life Science,13,2,73,Strong
3503,146,Life Science,13,3,68,Passing
3504,146,Life Science,13,4,68,Passing
3505,147,English,5,1,41,At Risk
3506,147,English,5,2,39,High Risk
3507,147,English,5,3,43,At Risk
3508,147,English,5,4,54,Passing
3509,147,Afrikaans,7,1,68,Passing
3510,147,Afrikaans,7,2,66,Passing
3511,147,Afrikaans,7,3,68,Passing
3512,147,Afrikaans,7,4,77,Strong
3513,147,Mathematics,2,1,74,Strong
3514,147,Mathematics,2,2,66,Passing
3515,147,Mathematics,2,3,75,Strong
3516,147,Mathematics,2,4,77,Strong
3517,147,Accounting,26,1,75,Strong
3518,147,Accounting,26,2,73,Strong
3519,147,Accounting,26,3,72,Strong
3520,147,Accounting,26,4,68,Passing
3521,147,History,17,1,64,Passing
3522,147,History,17,2,51,Passing
3523,147,History,17,3,66,Passing
3524,147,History,17,4,58,Passing
3525,147,Life Science,14,1,78,Strong
3526,147,Life Science,14,2,83,Strong
3527,147,Life Science,14,3,81,Strong
3528,147,Life Science,14,4,71,Strong
3529,148,English,6,1,56,Passing
3530,148,English,6,2,52,Passing
3531,148,English,6,3,44,At Risk
3532,148,English,6,4,56,Passing
3533,148,Afrikaans,9,1,46,At Risk
3534,148,Afrikaans,9,2,58,Passing
3535,148,Afrikaans,9,3,50,Passing
3536,148,Afrikaans,9,4,56,Passing
3537,148,Mathematics,3,1,67,Passing
3538,148,Mathematics,3,2,81,Strong
3539,148,Mathematics,3,3,67,Passing
3540,148,Mathematics,3,4,72,Strong
3541,148,Accounting,26,1,66,Passing
3542,148,Accounting,26,2,73,Strong
3543,148,Accounting,26,3,65,Passing
3544,148,Accounting,26,4,74,Strong
3545,148,Physical Science,12,1,64,Passing
3546,148,Physical Science,12,2,79,Strong
3547,148,Physical Science,12,3,78,Strong
3548,148,Physical Science,12,4,80,Strong
3549,148,Geography,20,1,79,Strong
3550,148,Geography,20,2,82,Strong
3551,148,Geography,20,3,80,Strong
3552,148,Geography,20,4,78,Strong
3553,149,English,4,1,62,Passing
3554,149,English,4,2,58,Passing
3555,149,English,4,3,66,Passing
3556,149,English,4,4,65,Passing
3557,149,Afrikaans,8,1,55,Passing
3558,149,Afrikaans,8,2,45,At Risk
3559,149,Afrikaans,8,3,41,At Risk
3560,149,Afrikaans,8,4,49,At Risk
3561,149,Mathematics,2,1,71,Strong
3562,149,Mathematics,2,2,80,Strong
3563,149,Mathematics,2,3,86,Strong
3564,149,Mathematics,2,4,73,Strong
3565,149,Physical Science,12,1,54,Passing
3566,149,Physical Science,12,2,40,At Risk
3567,149,Physical Science,12,3,46,At Risk
3568,149,Physical Science,12,4,46,At Risk
3569,149,Accounting,27,1,50,Passing
3570,149,Accounting,27,2,50,Passing
3571,149,Accounting,27,3,50,Passing
3572,149,Accounting,27,4,42,At Risk
3573,149,Geography,20,1,51,Passing
3574,149,Geography,20,2,50,Passing
3575,149,Geography,20,3,60,Passing
3576,149,Geography,20,4,57,Passing
3577,150,English,5,1,58,Passing
3578,150,English,5,2,57,Passing
3579,150,English,5,3,65,Passing
3580,150,English,5,4,55,Passing
3581,150,Afrikaans,8,1,71,Strong
3582,150,Afrikaans,8,2,80,Strong
3583,150,Afrikaans,8,3,72,Strong
3584,150,Afrikaans,8,4,74,Strong
3585,150,Mathematics,3,1,74,Strong
3586,150,Mathematics,3,2,85,Strong
3587,150,Mathematics,3,3,83,Strong
3588,150,Mathematics,3,4,82,Strong
3589,150,Life Science,14,1,67,Passing
3590,150,Life Science,14,2,58,Passing
3591,150,Life Science,14,3,59,Passing
3592,150,Life Science,14,4,64,Passing
3593,150,History,16,1,51,Passing
3594,150,History,16,2,46,At Risk
3595,150,History,16,3,44,At Risk
3596,150,History,16,4,48,At Risk
3597,150,Physical Science,11,1,71,Strong
3598,150,Physical Science,11,2,74,Strong
3599,150,Physical Science,11,3,68,Passing
3600,150,Physical Science,11,4,74,Strong
3601,151,English,5,1,80,Strong
3602,151,English,5,2,85,Strong
3603,151,English,5,3,85,Strong
3604,151,English,5,4,88,Strong
3605,151,Afrikaans,8,1,57,Passing
3606,151,Afrikaans,8,2,69,Passing
3607,151,Afrikaans,8,3,66,Passing
3608,151,Afrikaans,8,4,53,Passing
3609,151,Mathematics,1,1,64,Passing
3610,151,Mathematics,1,2,62,Passing
3611,151,Mathematics,1,3,60,Passing
3612,151,Mathematics,1,4,66,Passing
3613,151,Physical Science,12,1,35,High Risk
3614,151,Physical Science,12,2,43,At Risk
3615,151,Physical Science,12,3,45,At Risk
3616,151,Physical Science,12,4,40,At Risk
3617,151,History,16,1,69,Passing
3618,151,History,16,2,69,Passing
3619,151,History,16,3,64,Passing
3620,151,History,16,4,69,Passing
3621,151,Accounting,26,1,83,Strong
3622,151,Accounting,26,2,85,Strong
3623,151,Accounting,26,3,78,Strong
3624,151,Accounting,26,4,77,Strong
3625,152,English,5,1,82,Strong
3626,152,English,5,2,77,Strong
3627,152,English,5,3,82,Strong
3628,152,English,5,4,72,Strong
3629,152,Afrikaans,8,1,39,High Risk
3630,152,Afrikaans,8,2,37,High Risk
3631,152,Afrikaans,8,3,50,Passing
3632,152,Afrikaans,8,4,40,At Risk
3633,152,Mathematics,1,1,68,Passing
3634,152,Mathematics,1,2,79,Strong
3635,152,Mathematics,1,3,76,Strong
3636,152,Mathematics,1,4,72,Strong
3637,152,History,16,1,66,Passing
3638,152,History,16,2,64,Passing
3639,152,History,16,3,59,Passing
3640,152,History,16,4,58,Passing
3641,152,Accounting,25,1,75,Strong
3642,152,Accounting,25,2,74,Strong
3643,152,Accounting,25,3,79,Strong
3644,152,Accounting,25,4,76,Strong
3645,152,Information Technology,24,1,44,At Risk
3646,152,Information Technology,24,2,46,At Risk
3647,152,Information Technology,24,3,54,Passing
3648,152,Information Technology,24,4,47,At Risk
3649,153,English,5,1,51,Passing
3650,153,English,5,2,54,Passing
3651,153,English,5,3,55,Passing
3652,153,English,5,4,60,Passing
3653,153,Afrikaans,9,1,55,Passing
3654,153,Afrikaans,9,2,49,At Risk
3655,153,Afrikaans,9,3,54,Passing
3656,153,Afrikaans,9,4,51,Passing
3657,153,Mathematics,1,1,53,Passing
3658,153,Mathematics,1,2,50,Passing
3659,153,Mathematics,1,3,56,Passing
3660,153,Mathematics,1,4,49,At Risk
3661,153,Geography,21,1,75,Strong
3662,153,Geography,21,2,73,Strong
3663,153,Geography,21,3,64,Passing
3664,153,Geography,21,4,71,Strong
3665,153,Life Science,14,1,59,Passing
3666,153,Life Science,14,2,68,Passing
3667,153,Life Science,14,3,56,Passing
3668,153,Life Science,14,4,69,Passing
3669,153,Information Technology,24,1,59,Passing
3670,153,Information Technology,24,2,52,Passing
3671,153,Information Technology,24,3,62,Passing
3672,153,Information Technology,24,4,50,Passing
3673,154,English,6,1,61,Passing
3674,154,English,6,2,54,Passing
3675,154,English,6,3,51,Passing
3676,154,English,6,4,62,Passing
3677,154,Afrikaans,8,1,56,Passing
3678,154,Afrikaans,8,2,54,Passing
3679,154,Afrikaans,8,3,55,Passing
3680,154,Afrikaans,8,4,55,Passing
3681,154,Mathematics,1,1,76,Strong
3682,154,Mathematics,1,2,82,Strong
3683,154,Mathematics,1,3,68,Passing
3684,154,Mathematics,1,4,83,Strong
3685,154,Information Technology,22,1,44,At Risk
3686,154,Information Technology,22,2,45,At Risk
3687,154,Information Technology,22,3,56,Passing
3688,154,Information Technology,22,4,52,Passing
3689,154,Geography,21,1,58,Passing
3690,154,Geography,21,2,60,Passing
3691,154,Geography,21,3,48,At Risk
3692,154,Geography,21,4,64,Passing
3693,154,Life Science,13,1,84,Strong
3694,154,Life Science,13,2,82,Strong
3695,154,Life Science,13,3,81,Strong
3696,154,Life Science,13,4,71,Strong
3697,155,English,5,1,80,Strong
3698,155,English,5,2,73,Strong
3699,155,English,5,3,85,Strong
3700,155,English,5,4,88,Strong
3701,155,Afrikaans,9,1,55,Passing
3702,155,Afrikaans,9,2,54,Passing
3703,155,Afrikaans,9,3,53,Passing
3704,155,Afrikaans,9,4,56,Passing
3705,155,Mathematics,1,1,37,High Risk
3706,155,Mathematics,1,2,46,At Risk
3707,155,Mathematics,1,3,45,At Risk
3708,155,Mathematics,1,4,37,High Risk
3709,155,Life Science,13,1,76,Strong
3710,155,Life Science,13,2,73,Strong
3711,155,Life Science,13,3,72,Strong
3712,155,Life Science,13,4,68,Passing
3713,155,Accounting,27,1,64,Passing
3714,155,Accounting,27,2,67,Passing
3715,155,Accounting,27,3,70,Strong
3716,155,Accounting,27,4,61,Passing
3717,155,Physical Science,10,1,81,Strong
3718,155,Physical Science,10,2,85,Strong
3719,155,Physical Science,10,3,72,Strong
3720,155,Physical Science,10,4,84,Strong
3721,156,English,5,1,55,Passing
3722,156,English,5,2,52,Passing
3723,156,English,5,3,57,Passing
3724,156,English,5,4,51,Passing
3725,156,Afrikaans,8,1,81,Strong
3726,156,Afrikaans,8,2,89,Strong
3727,156,Afrikaans,8,3,86,Strong
3728,156,Afrikaans,8,4,76,Strong
3729,156,Mathematics,2,1,75,Strong
3730,156,Mathematics,2,2,81,Strong
3731,156,Mathematics,2,3,80,Strong
3732,156,Mathematics,2,4,66,Passing
3733,156,Information Technology,23,1,47,At Risk
3734,156,Information Technology,23,2,38,High Risk
3735,156,Information Technology,23,3,47,At Risk
3736,156,Information Technology,23,4,38,High Risk
3737,156,Geography,19,1,67,Passing
3738,156,Geography,19,2,70,Strong
3739,156,Geography,19,3,80,Strong
3740,156,Geography,19,4,78,Strong
3741,156,Life Science,14,1,76,Strong
3742,156,Life Science,14,2,79,Strong
3743,156,Life Science,14,3,74,Strong
3744,156,Life Science,14,4,73,Strong
3745,157,English,4,1,63,Passing
3746,157,English,4,2,48,At Risk
3747,157,English,4,3,63,Passing
3748,157,English,4,4,49,At Risk
3749,157,Afrikaans,7,1,56,Passing
3750,157,Afrikaans,7,2,52,Passing
3751,157,Afrikaans,7,3,57,Passing
3752,157,Afrikaans,7,4,53,Passing
3753,157,Mathematics,3,1,54,Passing
3754,157,Mathematics,3,2,65,Passing
3755,157,Mathematics,3,3,56,Passing
3756,157,Mathematics,3,4,53,Passing
3757,157,Geography,21,1,48,At Risk
3758,157,Geography,21,2,60,Passing
3759,157,Geography,21,3,52,Passing
3760,157,Geography,21,4,47,At Risk
3761,157,Information Technology,22,1,60,Passing
3762,157,Information Technology,22,2,57,Passing
3763,157,Information Technology,22,3,59,Passing
3764,157,Information Technology,22,4,57,Passing
3765,157,Life Science,14,1,49,At Risk
3766,157,Life Science,14,2,55,Passing
3767,157,Life Science,14,3,51,Passing
3768,157,Life Science,14,4,46,At Risk
3769,158,English,5,1,81,Strong
3770,158,English,5,2,86,Strong
3771,158,English,5,3,78,Strong
3772,158,English,5,4,79,Strong
3773,158,Afrikaans,7,1,58,Passing
3774,158,Afrikaans,7,2,67,Passing
3775,158,Afrikaans,7,3,59,Passing
3776,158,Afrikaans,7,4,65,Passing
3777,158,Mathematics,3,1,72,Strong
3778,158,Mathematics,3,2,81,Strong
3779,158,Mathematics,3,3,74,Strong
3780,158,Mathematics,3,4,68,Passing
3781,158,Life Science,13,1,49,At Risk
3782,158,Life Science,13,2,58,Passing
3783,158,Life Science,13,3,51,Passing
3784,158,Life Science,13,4,46,At Risk
3785,158,Geography,21,1,72,Strong
3786,158,Geography,21,2,70,Strong
3787,158,Geography,21,3,70,Strong
3788,158,Geography,21,4,75,Strong
3789,158,History,17,1,54,Passing
3790,158,History,17,2,58,Passing
3791,158,History,17,3,60,Passing
3792,158,History,17,4,49,At Risk
3793,159,English,4,1,56,Passing
3794,159,English,4,2,60,Passing
3795,159,English,4,3,68,Passing
3796,159,English,4,4,66,Passing
3797,159,Afrikaans,7,1,70,Strong
3798,159,Afrikaans,7,2,68,Passing
3799,159,Afrikaans,7,3,64,Passing
3800,159,Afrikaans,7,4,68,Passing
3801,159,Mathematics,3,1,65,Passing
3802,159,Mathematics,3,2,72,Strong
3803,159,Mathematics,3,3,74,Strong
3804,159,Mathematics,3,4,76,Strong
3805,159,Geography,20,1,46,At Risk
3806,159,Geography,20,2,45,At Risk
3807,159,Geography,20,3,42,At Risk
3808,159,Geography,20,4,55,Passing
3809,159,History,18,1,57,Passing
3810,159,History,18,2,62,Passing
3811,159,History,18,3,53,Passing
3812,159,History,18,4,60,Passing
3813,159,Physical Science,10,1,76,Strong
3814,159,Physical Science,10,2,78,Strong
3815,159,Physical Science,10,3,71,Strong
3816,159,Physical Science,10,4,76,Strong
3817,160,English,4,1,50,Passing
3818,160,English,4,2,61,Passing
3819,160,English,4,3,61,Passing
3820,160,English,4,4,51,Passing
3821,160,Afrikaans,9,1,48,At Risk
3822,160,Afrikaans,9,2,48,At Risk
3823,160,Afrikaans,9,3,58,Passing
3824,160,Afrikaans,9,4,56,Passing
3825,160,Mathematics,3,1,58,Passing
3826,160,Mathematics,3,2,53,Passing
3827,160,Mathematics,3,3,55,Passing
3828,160,Mathematics,3,4,59,Passing
3829,160,Geography,20,1,44,At Risk
3830,160,Geography,20,2,42,At Risk
3831,160,Geography,20,3,46,At Risk
3832,160,Geography,20,4,46,At Risk
3833,160,History,18,1,56,Passing
3834,160,History,18,2,57,Passing
3835,160,History,18,3,44,At Risk
3836,160,History,18,4,43,At Risk
3837,160,Life Science,14,1,67,Passing
3838,160,Life Science,14,2,63,Passing
3839,160,Life Science,14,3,66,Passing
3840,160,Life Science,14,4,59,Passing
3841,161,English,6,1,66,Passing
3842,161,English,6,2,62,Passing
3843,161,English,6,3,69,Passing
3844,161,English,6,4,66,Passing
3845,161,Afrikaans,7,1,50,Passing
3846,161,Afrikaans,7,2,56,Passing
3847,161,Afrikaans,7,3,49,At Risk
3848,161,Afrikaans,7,4,55,Passing
3849,161,Mathematics,3,1,48,At Risk
3850,161,Mathematics,3,2,61,Passing
3851,161,Mathematics,3,3,61,Passing
3852,161,Mathematics,3,4,47,At Risk
3853,161,Physical Science,11,1,61,Passing
3854,161,Physical Science,11,2,63,Passing
3855,161,Physical Science,11,3,71,Strong
3856,161,Physical Science,11,4,62,Passing
3857,161,Geography,19,1,74,Strong
3858,161,Geography,19,2,67,Passing
3859,161,Geography,19,3,77,Strong
3860,161,Geography,19,4,69,Passing
3861,161,History,18,1,91,Strong
3862,161,History,18,2,88,Strong
3863,161,History,18,3,86,Strong
3864,161,History,18,4,90,Strong
3865,162,English,5,1,48,At Risk
3866,162,English,5,2,48,At Risk
3867,162,English,5,3,55,Passing
3868,162,English,5,4,51,Passing
3869,162,Afrikaans,9,1,58,Passing
3870,162,Afrikaans,9,2,58,Passing
3871,162,Afrikaans,9,3,57,Passing
3872,162,Afrikaans,9,4,49,At Risk
3873,162,Mathematics,3,1,60,Passing
3874,162,Mathematics,3,2,62,Passing
3875,162,Mathematics,3,3,58,Passing
3876,162,Mathematics,3,4,58,Passing
3877,162,Information Technology,23,1,78,Strong
3878,162,Information Technology,23,2,73,Strong
3879,162,Information Technology,23,3,84,Strong
3880,162,Information Technology,23,4,87,Strong
3881,162,History,16,1,77,Strong
3882,162,History,16,2,86,Strong
3883,162,History,16,3,85,Strong
3884,162,History,16,4,79,Strong
3885,162,Geography,19,1,52,Passing
3886,162,Geography,19,2,46,At Risk
3887,162,Geography,19,3,46,At Risk
3888,162,Geography,19,4,49,At Risk
3889,163,English,4,1,73,Strong
3890,163,English,4,2,70,Strong
3891,163,English,4,3,66,Passing
3892,163,English,4,4,79,Strong
3893,163,Afrikaans,9,1,40,At Risk
3894,163,Afrikaans,9,2,54,Passing
3895,163,Afrikaans,9,3,55,Passing
3896,163,Afrikaans,9,4,40,At Risk
3897,163,Mathematics,3,1,75,Strong
3898,163,Mathematics,3,2,71,Strong
3899,163,Mathematics,3,3,74,Strong
3900,163,Mathematics,3,4,62,Passing
3901,163,Accounting,25,1,77,Strong
3902,163,Accounting,25,2,69,Passing
3903,163,Accounting,25,3,64,Passing
3904,163,Accounting,25,4,62,Passing
3905,163,History,18,1,72,Strong
3906,163,History,18,2,70,Strong
3907,163,History,18,3,77,Strong
3908,163,History,18,4,75,Strong
3909,163,Geography,19,1,56,Passing
3910,163,Geography,19,2,54,Passing
3911,163,Geography,19,3,69,Passing
3912,163,Geography,19,4,63,Passing
3913,164,English,4,1,63,Passing
3914,164,English,4,2,49,At Risk
3915,164,English,4,3,63,Passing
3916,164,English,4,4,63,Passing
3917,164,Afrikaans,9,1,57,Passing
3918,164,Afrikaans,9,2,50,Passing
3919,164,Afrikaans,9,3,56,Passing
3920,164,Afrikaans,9,4,59,Passing
3921,164,Mathematics,1,1,72,Strong
3922,164,Mathematics,1,2,74,Strong
3923,164,Mathematics,1,3,84,Strong
3924,164,Mathematics,1,4,82,Strong
3925,164,History,17,1,74,Strong
3926,164,History,17,2,82,Strong
3927,164,History,17,3,86,Strong
3928,164,History,17,4,81,Strong
3929,164,Life Science,14,1,83,Strong
3930,164,Life Science,14,2,79,Strong
3931,164,Life Science,14,3,87,Strong
3932,164,Life Science,14,4,78,Strong
3933,164,Geography,19,1,82,Strong
3934,164,Geography,19,2,72,Strong
3935,164,Geography,19,3,74,Strong
3936,164,Geography,19,4,83,Strong
3937,165,English,6,1,76,Strong
3938,165,English,6,2,63,Passing
3939,165,English,6,3,73,Strong
3940,165,English,6,4,73,Strong
3941,165,Afrikaans,7,1,50,Passing
3942,165,Afrikaans,7,2,54,Passing
3943,165,Afrikaans,7,3,52,Passing
3944,165,Afrikaans,7,4,58,Passing
3945,165,Mathematics,2,1,50,Passing
3946,165,Mathematics,2,2,62,Passing
3947,165,Mathematics,2,3,53,Passing
3948,165,Mathematics,2,4,54,Passing
3949,165,Geography,20,1,70,Strong
3950,165,Geography,20,2,67,Passing
3951,165,Geography,20,3,75,Strong
3952,165,Geography,20,4,72,Strong
3953,165,Physical Science,11,1,48,At Risk
3954,165,Physical Science,11,2,49,At Risk
3955,165,Physical Science,11,3,58,Passing
3956,165,Physical Science,11,4,58,Passing
3957,165,Life Science,15,1,81,Strong
3958,165,Life Science,15,2,82,Strong
3959,165,Life Science,15,3,82,Strong
3960,165,Life Science,15,4,69,Passing
3961,166,English,5,1,78,Strong
3962,166,English,5,2,83,Strong
3963,166,English,5,3,80,Strong
3964,166,English,5,4,71,Strong
3965,166,Afrikaans,8,1,63,Passing
3966,166,Afrikaans,8,2,51,Passing
3967,166,Afrikaans,8,3,51,Passing
3968,166,Afrikaans,8,4,61,Passing
3969,166,Mathematics,1,1,52,Passing
3970,166,Mathematics,1,2,45,At Risk
3971,166,Mathematics,1,3,46,At Risk
3972,166,Mathematics,1,4,48,At Risk
3973,166,Geography,19,1,59,Passing
3974,166,Geography,19,2,60,Passing
3975,166,Geography,19,3,71,Strong
3976,166,Geography,19,4,60,Passing
3977,166,Information Technology,22,1,64,Passing
3978,166,Information Technology,22,2,48,At Risk
3979,166,Information Technology,22,3,57,Passing
3980,166,Information Technology,22,4,61,Passing
3981,166,History,17,1,78,Strong
3982,166,History,17,2,89,Strong
3983,166,History,17,3,85,Strong
3984,166,History,17,4,87,Strong
3985,167,English,5,1,67,Passing
3986,167,English,5,2,76,Strong
3987,167,English,5,3,73,Strong
3988,167,English,5,4,69,Passing
3989,167,Afrikaans,7,1,45,At Risk
3990,167,Afrikaans,7,2,54,Passing
3991,167,Afrikaans,7,3,48,At Risk
3992,167,Afrikaans,7,4,51,Passing
3993,167,Mathematics,1,1,79,Strong
3994,167,Mathematics,1,2,79,Strong
3995,167,Mathematics,1,3,84,Strong
3996,167,Mathematics,1,4,85,Strong
3997,167,Information Technology,22,1,84,Strong
3998,167,Information Technology,22,2,84,Strong
3999,167,Information Technology,22,3,79,Strong
4000,167,Information Technology,22,4,74,Strong
4001,167,History,17,1,64,Passing
4002,167,History,17,2,67,Passing
4003,167,History,17,3,66,Passing
4004,167,History,17,4,74,Strong
4005,167,Accounting,26,1,66,Passing
4006,167,Accounting,26,2,58,Passing
4007,167,Accounting,26,3,61,Passing
4008,167,Accounting,26,4,68,Passing
4009,168,English,5,1,71,Strong
4010,168,English,5,2,62,Passing
4011,168,English,5,3,62,Passing
4012,168,English,5,4,66,Passing
4013,168,Afrikaans,9,1,53,Passing
4014,168,Afrikaans,9,2,52,Passing
4015,168,Afrikaans,9,3,53,Passing
4016,168,Afrikaans,9,4,55,Passing
4017,168,Mathematics,3,1,40,At Risk
4018,168,Mathematics,3,2,49,At Risk
4019,168,Mathematics,3,3,43,At Risk
4020,168,Mathematics,3,4,53,Passing
4021,168,Physical Science,12,1,57,Passing
4022,168,Physical Science,12,2,51,Passing
4023,168,Physical Science,12,3,52,Passing
4024,168,Physical Science,12,4,47,At Risk
4025,168,Geography,21,1,70,Strong
4026,168,Geography,21,2,63,Passing
4027,168,Geography,21,3,70,Strong
4028,168,Geography,21,4,73,Strong
4029,168,History,16,1,79,Strong
4030,168,History,16,2,83,Strong
4031,168,History,16,3,77,Strong
4032,168,History,16,4,74,Strong
4033,169,English,4,1,79,Strong
4034,169,English,4,2,68,Passing
4035,169,English,4,3,78,Strong
4036,169,English,4,4,74,Strong
4037,169,Afrikaans,7,1,46,At Risk
4038,169,Afrikaans,7,2,62,Passing
4039,169,Afrikaans,7,3,56,Passing
4040,169,Afrikaans,7,4,55,Passing
4041,169,Mathematics,2,1,71,Strong
4042,169,Mathematics,2,2,66,Passing
4043,169,Mathematics,2,3,76,Strong
4044,169,Mathematics,2,4,72,Strong
4045,169,Physical Science,11,1,52,Passing
4046,169,Physical Science,11,2,38,High Risk
4047,169,Physical Science,11,3,41,At Risk
4048,169,Physical Science,11,4,40,At Risk
4049,169,Information Technology,22,1,54,Passing
4050,169,Information Technology,22,2,66,Passing
4051,169,Information Technology,22,3,61,Passing
4052,169,Information Technology,22,4,68,Passing
4053,169,Accounting,26,1,58,Passing
4054,169,Accounting,26,2,66,Passing
4055,169,Accounting,26,3,57,Passing
4056,169,Accounting,26,4,62,Passing
4057,170,English,4,1,92,Strong
4058,170,English,4,2,83,Strong
4059,170,English,4,3,84,Strong
4060,170,English,4,4,82,Strong
4061,170,Afrikaans,8,1,40,At Risk
4062,170,Afrikaans,8,2,52,Passing
4063,170,Afrikaans,8,3,40,At Risk
4064,170,Afrikaans,8,4,54,Passing
4065,170,Mathematics,1,1,63,Passing
4066,170,Mathematics,1,2,72,Strong
4067,170,Mathematics,1,3,67,Passing
4068,170,Mathematics,1,4,73,Strong
4069,170,Information Technology,24,1,49,At Risk
4070,170,Information Technology,24,2,50,Passing
4071,170,Information Technology,24,3,42,At Risk
4072,170,Information Technology,24,4,51,Passing
4073,170,Geography,19,1,74,Strong
4074,170,Geography,19,2,73,Strong
4075,170,Geography,19,3,62,Passing
4076,170,Geography,19,4,71,Strong
4077,170,History,17,1,73,Strong
4078,170,History,17,2,71,Strong
4079,170,History,17,3,76,Strong
4080,170,History,17,4,64,Passing
4081,171,English,5,1,66,Passing
4082,171,English,5,2,65,Passing
4083,171,English,5,3,66,Passing
4084,171,English,5,4,61,Passing
4085,171,Afrikaans,9,1,60,Passing
4086,171,Afrikaans,9,2,60,Passing
4087,171,Afrikaans,9,3,51,Passing
4088,171,Afrikaans,9,4,49,At Risk
4089,171,Mathematics,1,1,47,At Risk
4090,171,Mathematics,1,2,50,Passing
4091,171,Mathematics,1,3,56,Passing
4092,171,Mathematics,1,4,57,Passing
4093,171,Life Science,15,1,61,Passing
4094,171,Life Science,15,2,71,Strong
4095,171,Life Science,15,3,61,Passing
4096,171,Life Science,15,4,59,Passing
4097,171,Information Technology,23,1,69,Passing
4098,171,Information Technology,23,2,74,Strong
4099,171,Information Technology,23,3,66,Passing
4100,171,Information Technology,23,4,75,Strong
4101,171,History,16,1,80,Strong
4102,171,History,16,2,82,Strong
4103,171,History,16,3,81,Strong
4104,171,History,16,4,88,Strong
4105,172,English,5,1,72,Strong
4106,172,English,5,2,58,Passing
4107,172,English,5,3,66,Passing
4108,172,English,5,4,66,Passing
4109,172,Afrikaans,9,1,82,Strong
4110,172,Afrikaans,9,2,75,Strong
4111,172,Afrikaans,9,3,68,Passing
4112,172,Afrikaans,9,4,68,Passing
4113,172,Mathematics,3,1,49,At Risk
4114,172,Mathematics,3,2,50,Passing
4115,172,Mathematics,3,3,56,Passing
4116,172,Mathematics,3,4,44,At Risk
4117,172,Life Science,14,1,69,Passing
4118,172,Life Science,14,2,61,Passing
4119,172,Life Science,14,3,71,Strong
4120,172,Life Science,14,4,63,Passing
4121,172,Accounting,25,1,38,High Risk
4122,172,Accounting,25,2,43,At Risk
4123,172,Accounting,25,3,50,Passing
4124,172,Accounting,25,4,37,High Risk
4125,172,History,18,1,89,Strong
4126,172,History,18,2,93,Strong
4127,172,History,18,3,91,Strong
4128,172,History,18,4,86,Strong
4129,173,English,4,1,94,Strong
4130,173,English,4,2,82,Strong
4131,173,English,4,3,90,Strong
4132,173,English,4,4,95,Strong
4133,173,Afrikaans,9,1,73,Strong
4134,173,Afrikaans,9,2,81,Strong
4135,173,Afrikaans,9,3,78,Strong
4136,173,Afrikaans,9,4,74,Strong
4137,173,Mathematics,2,1,51,Passing
4138,173,Mathematics,2,2,55,Passing
4139,173,Mathematics,2,3,45,At Risk
4140,173,Mathematics,2,4,52,Passing
4141,173,Accounting,27,1,45,At Risk
4142,173,Accounting,27,2,52,Passing
4143,173,Accounting,27,3,55,Passing
4144,173,Accounting,27,4,57,Passing
4145,173,Life Science,13,1,89,Strong
4146,173,Life Science,13,2,79,Strong
4147,173,Life Science,13,3,87,Strong
4148,173,Life Science,13,4,87,Strong
4149,173,Physical Science,10,1,65,Passing
4150,173,Physical Science,10,2,79,Strong
4151,173,Physical Science,10,3,69,Passing
4152,173,Physical Science,10,4,68,Passing
4153,174,English,5,1,50,Passing
4154,174,English,5,2,55,Passing
4155,174,English,5,3,55,Passing
4156,174,English,5,4,54,Passing
4157,174,Afrikaans,9,1,65,Passing
4158,174,Afrikaans,9,2,57,Passing
4159,174,Afrikaans,9,3,65,Passing
4160,174,Afrikaans,9,4,58,Passing
4161,174,Mathematics,1,1,36,High Risk
4162,174,Mathematics,1,2,48,At Risk
4163,174,Mathematics,1,3,41,At Risk
4164,174,Mathematics,1,4,43,At Risk
4165,174,Accounting,25,1,78,Strong
4166,174,Accounting,25,2,75,Strong
4167,174,Accounting,25,3,70,Strong
4168,174,Accounting,25,4,68,Passing
4169,174,Physical Science,10,1,47,At Risk
4170,174,Physical Science,10,2,59,Passing
4171,174,Physical Science,10,3,50,Passing
4172,174,Physical Science,10,4,49,At Risk
4173,174,History,17,1,91,Strong
4174,174,History,17,2,78,Strong
4175,174,History,17,3,88,Strong
4176,174,History,17,4,89,Strong
4177,175,English,5,1,46,At Risk
4178,175,English,5,2,47,At Risk
4179,175,English,5,3,43,At Risk
4180,175,English,5,4,58,Passing
4181,175,Afrikaans,8,1,68,Passing
4182,175,Afrikaans,8,2,70,Strong
4183,175,Afrikaans,8,3,63,Passing
4184,175,Afrikaans,8,4,73,Strong
4185,175,Mathematics,3,1,86,Strong
4186,175,Mathematics,3,2,80,Strong
4187,175,Mathematics,3,3,75,Strong
4188,175,Mathematics,3,4,79,Strong
4189,175,Geography,20,1,43,At Risk
4190,175,Geography,20,2,47,At Risk
4191,175,Geography,20,3,44,At Risk
4192,175,Geography,20,4,44,At Risk
4193,175,Physical Science,11,1,53,Passing
4194,175,Physical Science,11,2,48,At Risk
4195,175,Physical Science,11,3,50,Passing
4196,175,Physical Science,11,4,48,At Risk
4197,175,History,18,1,58,Passing
4198,175,History,18,2,48,At Risk
4199,175,History,18,3,47,At Risk
4200,175,History,18,4,45,At Risk
4201,176,English,5,1,82,Strong
4202,176,English,5,2,70,Strong
4203,176,English,5,3,75,Strong
4204,176,English,5,4,72,Strong
4205,176,Afrikaans,8,1,55,Passing
4206,176,Afrikaans,8,2,40,At Risk
4207,176,Afrikaans,8,3,54,Passing
4208,176,Afrikaans,8,4,42,At Risk
4209,176,Mathematics,3,1,49,At Risk
4210,176,Mathematics,3,2,50,Passing
4211,176,Mathematics,3,3,57,Passing
4212,176,Mathematics,3,4,48,At Risk
4213,176,Accounting,25,1,43,At Risk
4214,176,Accounting,25,2,46,At Risk
4215,176,Accounting,25,3,46,At Risk
4216,176,Accounting,25,4,45,At Risk
4217,176,Life Science,15,1,60,Passing
4218,176,Life Science,15,2,62,Passing
4219,176,Life Science,15,3,64,Passing
4220,176,Life Science,15,4,68,Passing
4221,176,Physical Science,10,1,78,Strong
4222,176,Physical Science,10,2,78,Strong
4223,176,Physical Science,10,3,72,Strong
4224,176,Physical Science,10,4,83,Strong
4225,177,English,4,1,85,Strong
4226,177,English,4,2,94,Strong
4227,177,English,4,3,80,Strong
4228,177,English,4,4,81,Strong
4229,177,Afrikaans,9,1,74,Strong
4230,177,Afrikaans,9,2,90,Strong
4231,177,Afrikaans,9,3,80,Strong
4232,177,Afrikaans,9,4,80,Strong
4233,177,Mathematics,1,1,55,Passing
4234,177,Mathematics,1,2,50,Passing
4235,177,Mathematics,1,3,53,Passing
4236,177,Mathematics,1,4,56,Passing
4237,177,History,16,1,87,Strong
4238,177,History,16,2,83,Strong
4239,177,History,16,3,77,Strong
4240,177,History,16,4,86,Strong
4241,177,Accounting,26,1,45,At Risk
4242,177,Accounting,26,2,51,Passing
4243,177,Accounting,26,3,52,Passing
4244,177,Accounting,26,4,53,Passing
4245,177,Geography,20,1,68,Passing
4246,177,Geography,20,2,59,Passing
4247,177,Geography,20,3,65,Passing
4248,177,Geography,20,4,55,Passing
4249,178,English,5,1,62,Passing
4250,178,English,5,2,73,Strong
4251,178,English,5,3,62,Passing
4252,178,English,5,4,75,Strong
4253,178,Afrikaans,7,1,60,Passing
4254,178,Afrikaans,7,2,56,Passing
4255,178,Afrikaans,7,3,54,Passing
4256,178,Afrikaans,7,4,46,At Risk
4257,178,Mathematics,3,1,47,At Risk
4258,178,Mathematics,3,2,52,Passing
4259,178,Mathematics,3,3,40,At Risk
4260,178,Mathematics,3,4,49,At Risk
4261,178,Life Science,15,1,70,Strong
4262,178,Life Science,15,2,65,Passing
4263,178,Life Science,15,3,70,Strong
4264,178,Life Science,15,4,63,Passing
4265,178,Accounting,26,1,82,Strong
4266,178,Accounting,26,2,78,Strong
4267,178,Accounting,26,3,82,Strong
4268,178,Accounting,26,4,75,Strong
4269,178,Information Technology,23,1,54,Passing
4270,178,Information Technology,23,2,50,Passing
4271,178,Information Technology,23,3,44,At Risk
4272,178,Information Technology,23,4,39,High Risk
4273,179,English,6,1,73,Strong
4274,179,English,6,2,82,Strong
4275,179,English,6,3,84,Strong
4276,179,English,6,4,86,Strong
4277,179,Afrikaans,7,1,45,At Risk
4278,179,Afrikaans,7,2,46,At Risk
4279,179,Afrikaans,7,3,54,Passing
4280,179,Afrikaans,7,4,54,Passing
4281,179,Mathematics,2,1,72,Strong
4282,179,Mathematics,2,2,74,Strong
4283,179,Mathematics,2,3,71,Strong
4284,179,Mathematics,2,4,80,Strong
4285,179,Information Technology,22,1,57,Passing
4286,179,Information Technology,22,2,53,Passing
4287,179,Information Technology,22,3,59,Passing
4288,179,Information Technology,22,4,50,Passing
4289,179,History,18,1,67,Passing
4290,179,History,18,2,69,Passing
4291,179,History,18,3,62,Passing
4292,179,History,18,4,62,Passing
4293,179,Accounting,26,1,70,Strong
4294,179,Accounting,26,2,74,Strong
4295,179,Accounting,26,3,71,Strong
4296,179,Accounting,26,4,74,Strong
4297,180,English,6,1,79,Strong
4298,180,English,6,2,75,Strong
4299,180,English,6,3,85,Strong
4300,180,English,6,4,74,Strong
4301,180,Afrikaans,7,1,52,Passing
4302,180,Afrikaans,7,2,59,Passing
4303,180,Afrikaans,7,3,59,Passing
4304,180,Afrikaans,7,4,51,Passing
4305,180,Mathematics,2,1,76,Strong
4306,180,Mathematics,2,2,72,Strong
4307,180,Mathematics,2,3,75,Strong
4308,180,Mathematics,2,4,73,Strong
4309,180,Life Science,13,1,57,Passing
4310,180,Life Science,13,2,42,At Risk
4311,180,Life Science,13,3,47,At Risk
4312,180,Life Science,13,4,54,Passing
4313,180,History,18,1,88,Strong
4314,180,History,18,2,82,Strong
4315,180,History,18,3,87,Strong
4316,180,History,18,4,81,Strong
4317,180,Geography,19,1,59,Passing
4318,180,Geography,19,2,58,Passing
4319,180,Geography,19,3,57,Passing
4320,180,Geography,19,4,49,At Risk
4321,181,English,4,1,72,Strong
4322,181,English,4,2,72,Strong
4323,181,English,4,3,73,Strong
4324,181,English,4,4,65,Passing
4325,181,Afrikaans,9,1,81,Strong
4326,181,Afrikaans,9,2,71,Strong
4327,181,Afrikaans,9,3,72,Strong
4328,181,Afrikaans,9,4,84,Strong
4329,181,Mathematics,1,1,51,Passing
4330,181,Mathematics,1,2,53,Passing
4331,181,Mathematics,1,3,49,At Risk
4332,181,Mathematics,1,4,51,Passing
4333,181,History,17,1,82,Strong
4334,181,History,17,2,69,Passing
4335,181,History,17,3,69,Passing
4336,181,History,17,4,73,Strong
4337,181,Accounting,25,1,78,Strong
4338,181,Accounting,25,2,74,Strong
4339,181,Accounting,25,3,84,Strong
4340,181,Accounting,25,4,82,Strong
4341,181,Physical Science,10,1,47,At Risk
4342,181,Physical Science,10,2,50,Passing
4343,181,Physical Science,10,3,53,Passing
4344,181,Physical Science,10,4,41,At Risk
4345,182,English,4,1,90,Strong
4346,182,English,4,2,90,Strong
4347,182,English,4,3,90,Strong
4348,182,English,4,4,80,Strong
4349,182,Afrikaans,7,1,70,Strong
4350,182,Afrikaans,7,2,81,Strong
4351,182,Afrikaans,7,3,77,Strong
4352,182,Afrikaans,7,4,84,Strong
4353,182,Mathematics,1,1,81,Strong
4354,182,Mathematics,1,2,80,Strong
4355,182,Mathematics,1,3,78,Strong
4356,182,Mathematics,1,4,79,Strong
4357,182,Geography,20,1,42,At Risk
4358,182,Geography,20,2,43,At Risk
4359,182,Geography,20,3,46,At Risk
4360,182,Geography,20,4,53,Passing
4361,182,Physical Science,11,1,52,Passing
4362,182,Physical Science,11,2,62,Passing
4363,182,Physical Science,11,3,64,Passing
4364,182,Physical Science,11,4,55,Passing
4365,182,Life Science,14,1,76,Strong
4366,182,Life Science,14,2,76,Strong
4367,182,Life Science,14,3,78,Strong
4368,182,Life Science,14,4,76,Strong
4369,183,English,6,1,49,At Risk
4370,183,English,6,2,49,At Risk
4371,183,English,6,3,49,At Risk
4372,183,English,6,4,51,Passing
4373,183,Afrikaans,7,1,76,Strong
4374,183,Afrikaans,7,2,76,Strong
4375,183,Afrikaans,7,3,83,Strong
4376,183,Afrikaans,7,4,77,Strong
4377,183,Mathematics,3,1,58,Passing
4378,183,Mathematics,3,2,53,Passing
4379,183,Mathematics,3,3,63,Passing
4380,183,Mathematics,3,4,54,Passing
4381,183,Life Science,15,1,80,Strong
4382,183,Life Science,15,2,83,Strong
4383,183,Life Science,15,3,80,Strong
4384,183,Life Science,15,4,75,Strong
4385,183,Geography,19,1,55,Passing
4386,183,Geography,19,2,40,At Risk
4387,183,Geography,19,3,50,Passing
4388,183,Geography,19,4,52,Passing
4389,183,History,18,1,88,Strong
4390,183,History,18,2,86,Strong
4391,183,History,18,3,79,Strong
4392,183,History,18,4,91,Strong
4393,184,English,4,1,51,Passing
4394,184,English,4,2,55,Passing
4395,184,English,4,3,60,Passing
4396,184,English,4,4,61,Passing
4397,184,Afrikaans,9,1,63,Passing
4398,184,Afrikaans,9,2,67,Passing
4399,184,Afrikaans,9,3,69,Passing
4400,184,Afrikaans,9,4,71,Strong
4401,184,Mathematics,2,1,59,Passing
4402,184,Mathematics,2,2,46,At Risk
4403,184,Mathematics,2,3,50,Passing
4404,184,Mathematics,2,4,53,Passing
4405,184,Physical Science,10,1,47,At Risk
4406,184,Physical Science,10,2,55,Passing
4407,184,Physical Science,10,3,58,Passing
4408,184,Physical Science,10,4,53,Passing
4409,184,Geography,20,1,80,Strong
4410,184,Geography,20,2,81,Strong
4411,184,Geography,20,3,88,Strong
4412,184,Geography,20,4,86,Strong
4413,184,Accounting,27,1,54,Passing
4414,184,Accounting,27,2,53,Passing
4415,184,Accounting,27,3,51,Passing
4416,184,Accounting,27,4,44,At Risk
4417,185,English,5,1,63,Passing
4418,185,English,5,2,70,Strong
4419,185,English,5,3,77,Strong
4420,185,English,5,4,70,Strong
4421,185,Afrikaans,8,1,74,Strong
4422,185,Afrikaans,8,2,70,Strong
4423,185,Afrikaans,8,3,77,Strong
4424,185,Afrikaans,8,4,76,Strong
4425,185,Mathematics,2,1,64,Passing
4426,185,Mathematics,2,2,62,Passing
4427,185,Mathematics,2,3,53,Passing
4428,185,Mathematics,2,4,48,At Risk
4429,185,History,18,1,96,Strong
4430,185,History,18,2,85,Strong
4431,185,History,18,3,95,Strong
4432,185,History,18,4,86,Strong
4433,185,Information Technology,22,1,72,Strong
4434,185,Information Technology,22,2,77,Strong
4435,185,Information Technology,22,3,65,Passing
4436,185,Information Technology,22,4,80,Strong
4437,185,Physical Science,12,1,53,Passing
4438,185,Physical Science,12,2,56,Passing
4439,185,Physical Science,12,3,46,At Risk
4440,185,Physical Science,12,4,49,At Risk
4441,186,English,6,1,57,Passing
4442,186,English,6,2,61,Passing
4443,186,English,6,3,61,Passing
4444,186,English,6,4,58,Passing
4445,186,Afrikaans,8,1,47,At Risk
4446,186,Afrikaans,8,2,54,Passing
4447,186,Afrikaans,8,3,49,At Risk
4448,186,Afrikaans,8,4,50,Passing
4449,186,Mathematics,2,1,50,Passing
4450,186,Mathematics,2,2,49,At Risk
4451,186,Mathematics,2,3,54,Passing
4452,186,Mathematics,2,4,49,At Risk
4453,186,Geography,21,1,50,Passing
4454,186,Geography,21,2,52,Passing
4455,186,Geography,21,3,46,At Risk
4456,186,Geography,21,4,53,Passing
4457,186,History,17,1,73,Strong
4458,186,History,17,2,74,Strong
4459,186,History,17,3,72,Strong
4460,186,History,17,4,72,Strong
4461,186,Information Technology,24,1,43,At Risk
4462,186,Information Technology,24,2,42,At Risk
4463,186,Information Technology,24,3,45,At Risk
4464,186,Information Technology,24,4,41,At Risk
4465,187,English,4,1,48,At Risk
4466,187,English,4,2,48,At Risk
4467,187,English,4,3,45,At Risk
4468,187,English,4,4,41,At Risk
4469,187,Afrikaans,8,1,68,Passing
4470,187,Afrikaans,8,2,69,Passing
4471,187,Afrikaans,8,3,70,Strong
4472,187,Afrikaans,8,4,78,Strong
4473,187,Mathematics,1,1,79,Strong
4474,187,Mathematics,1,2,72,Strong
4475,187,Mathematics,1,3,83,Strong
4476,187,Mathematics,1,4,81,Strong
4477,187,Information Technology,22,1,52,Passing
4478,187,Information Technology,22,2,44,At Risk
4479,187,Information Technology,22,3,47,At Risk
4480,187,Information Technology,22,4,43,At Risk
4481,187,Geography,21,1,91,Strong
4482,187,Geography,21,2,78,Strong
4483,187,Geography,21,3,91,Strong
4484,187,Geography,21,4,91,Strong
4485,187,History,18,1,71,Strong
4486,187,History,18,2,58,Passing
4487,187,History,18,3,63,Passing
4488,187,History,18,4,59,Passing
4489,188,English,6,1,69,Passing
4490,188,English,6,2,71,Strong
4491,188,English,6,3,66,Passing
4492,188,English,6,4,72,Strong
4493,188,Afrikaans,8,1,54,Passing
4494,188,Afrikaans,8,2,53,Passing
4495,188,Afrikaans,8,3,55,Passing
4496,188,Afrikaans,8,4,56,Passing
4497,188,Mathematics,1,1,63,Passing
4498,188,Mathematics,1,2,62,Passing
4499,188,Mathematics,1,3,57,Passing
4500,188,Mathematics,1,4,50,Passing
4501,188,Physical Science,11,1,72,Strong
4502,188,Physical Science,11,2,64,Passing
4503,188,Physical Science,11,3,71,Strong
4504,188,Physical Science,11,4,74,Strong
4505,188,Life Science,14,1,75,Strong
4506,188,Life Science,14,2,76,Strong
4507,188,Life Science,14,3,72,Strong
4508,188,Life Science,14,4,79,Strong
4509,188,Geography,20,1,80,Strong
4510,188,Geography,20,2,78,Strong
4511,188,Geography,20,3,69,Passing
4512,188,Geography,20,4,70,Strong
4513,189,English,5,1,49,At Risk
4514,189,English,5,2,50,Passing
4515,189,English,5,3,54,Passing
4516,189,English,5,4,51,Passing
4517,189,Afrikaans,7,1,88,Strong
4518,189,Afrikaans,7,2,80,Strong
4519,189,Afrikaans,7,3,84,Strong
4520,189,Afrikaans,7,4,91,Strong
4521,189,Mathematics,1,1,56,Passing
4522,189,Mathematics,1,2,68,Passing
4523,189,Mathematics,1,3,64,Passing
4524,189,Mathematics,1,4,65,Passing
4525,189,Physical Science,12,1,42,At Risk
4526,189,Physical Science,12,2,44,At Risk
4527,189,Physical Science,12,3,41,At Risk
4528,189,Physical Science,12,4,40,At Risk
4529,189,Information Technology,23,1,73,Strong
4530,189,Information Technology,23,2,76,Strong
4531,189,Information Technology,23,3,64,Passing
4532,189,Information Technology,23,4,71,Strong
4533,189,History,18,1,60,Passing
4534,189,History,18,2,60,Passing
4535,189,History,18,3,58,Passing
4536,189,History,18,4,55,Passing
4537,190,English,6,1,69,Passing
4538,190,English,6,2,71,Strong
4539,190,English,6,3,74,Strong
4540,190,English,6,4,82,Strong
4541,190,Afrikaans,9,1,52,Passing
4542,190,Afrikaans,9,2,54,Passing
4543,190,Afrikaans,9,3,51,Passing
4544,190,Afrikaans,9,4,55,Passing
4545,190,Mathematics,2,1,34,High Risk
4546,190,Mathematics,2,2,38,High Risk
4547,190,Mathematics,2,3,47,At Risk
4548,190,Mathematics,2,4,37,High Risk
4549,190,Information Technology,24,1,47,At Risk
4550,190,Information Technology,24,2,41,At Risk
4551,190,Information Technology,24,3,44,At Risk
4552,190,Information Technology,24,4,45,At Risk
4553,190,Life Science,15,1,76,Strong
4554,190,Life Science,15,2,77,Strong
4555,190,Life Science,15,3,79,Strong
4556,190,Life Science,15,4,81,Strong
4557,190,Physical Science,12,1,67,Passing
4558,190,Physical Science,12,2,76,Strong
4559,190,Physical Science,12,3,73,Strong
4560,190,Physical Science,12,4,77,Strong
4561,191,English,4,1,73,Strong
4562,191,English,4,2,77,Strong
4563,191,English,4,3,74,Strong
4564,191,English,4,4,79,Strong
4565,191,Afrikaans,9,1,61,Passing
4566,191,Afrikaans,9,2,57,Passing
4567,191,Afrikaans,9,3,68,Passing
4568,191,Afrikaans,9,4,66,Passing
4569,191,Mathematics,3,1,55,Passing
4570,191,Mathematics,3,2,55,Passing
4571,191,Mathematics,3,3,50,Passing
4572,191,Mathematics,3,4,43,At Risk
4573,191,Accounting,26,1,42,At Risk
4574,191,Accounting,26,2,37,High Risk
4575,191,Accounting,26,3,49,At Risk
4576,191,Accounting,26,4,41,At Risk
4577,191,Geography,21,1,60,Passing
4578,191,Geography,21,2,56,Passing
4579,191,Geography,21,3,67,Passing
4580,191,Geography,21,4,68,Passing
4581,191,History,18,1,86,Strong
4582,191,History,18,2,82,Strong
4583,191,History,18,3,80,Strong
4584,191,History,18,4,89,Strong
4585,192,English,6,1,52,Passing
4586,192,English,6,2,49,At Risk
4587,192,English,6,3,65,Passing
4588,192,English,6,4,62,Passing
4589,192,Afrikaans,7,1,81,Strong
4590,192,Afrikaans,7,2,69,Passing
4591,192,Afrikaans,7,3,73,Strong
4592,192,Afrikaans,7,4,72,Strong
4593,192,Mathematics,2,1,52,Passing
4594,192,Mathematics,2,2,53,Passing
4595,192,Mathematics,2,3,59,Passing
4596,192,Mathematics,2,4,56,Passing
4597,192,Accounting,27,1,55,Passing
4598,192,Accounting,27,2,48,At Risk
4599,192,Accounting,27,3,48,At Risk
4600,192,Accounting,27,4,51,Passing
4601,192,Geography,21,1,64,Passing
4602,192,Geography,21,2,56,Passing
4603,192,Geography,21,3,64,Passing
4604,192,Geography,21,4,55,Passing
4605,192,Physical Science,12,1,40,At Risk
4606,192,Physical Science,12,2,39,High Risk
4607,192,Physical Science,12,3,38,High Risk
4608,192,Physical Science,12,4,45,At Risk
4609,193,English,5,1,65,Passing
4610,193,English,5,2,68,Passing
4611,193,English,5,3,56,Passing
4612,193,English,5,4,54,Passing
4613,193,Afrikaans,8,1,71,Strong
4614,193,Afrikaans,8,2,77,Strong
4615,193,Afrikaans,8,3,79,Strong
4616,193,Afrikaans,8,4,73,Strong
4617,193,Mathematics,3,1,69,Passing
4618,193,Mathematics,3,2,64,Passing
4619,193,Mathematics,3,3,58,Passing
4620,193,Mathematics,3,4,59,Passing
4621,193,Life Science,15,1,74,Strong
4622,193,Life Science,15,2,74,Strong
4623,193,Life Science,15,3,83,Strong
4624,193,Life Science,15,4,80,Strong
4625,193,Physical Science,10,1,71,Strong
4626,193,Physical Science,10,2,61,Passing
4627,193,Physical Science,10,3,60,Passing
4628,193,Physical Science,10,4,68,Passing
4629,193,Information Technology,24,1,79,Strong
4630,193,Information Technology,24,2,76,Strong
4631,193,Information Technology,24,3,79,Strong
4632,193,Information Technology,24,4,78,Strong
4633,194,English,6,1,48,At Risk
4634,194,English,6,2,52,Passing
4635,194,English,6,3,55,Passing
4636,194,English,6,4,52,Passing
4637,194,Afrikaans,7,1,84,Strong
4638,194,Afrikaans,7,2,79,Strong
4639,194,Afrikaans,7,3,83,Strong
4640,194,Afrikaans,7,4,73,Strong
4641,194,Mathematics,1,1,47,At Risk
4642,194,Mathematics,1,2,53,Passing
4643,194,Mathematics,1,3,50,Passing
4644,194,Mathematics,1,4,41,At Risk
4645,194,History,18,1,59,Passing
4646,194,History,18,2,66,Passing
4647,194,History,18,3,57,Passing
4648,194,History,18,4,60,Passing
4649,194,Geography,20,1,78,Strong
4650,194,Geography,20,2,81,Strong
4651,194,Geography,20,3,83,Strong
4652,194,Geography,20,4,79,Strong
4653,194,Physical Science,12,1,54,Passing
4654,194,Physical Science,12,2,62,Passing
4655,194,Physical Science,12,3,56,Passing
4656,194,Physical Science,12,4,59,Passing
4657,195,English,4,1,59,Passing
4658,195,English,4,2,64,Passing
4659,195,English,4,3,53,Passing
4660,195,English,4,4,63,Passing
4661,195,Afrikaans,7,1,46,At Risk
4662,195,Afrikaans,7,2,44,At Risk
4663,195,Afrikaans,7,3,41,At Risk
4664,195,Afrikaans,7,4,47,At Risk
4665,195,Mathematics,2,1,44,At Risk
4666,195,Mathematics,2,2,58,Passing
4667,195,Mathematics,2,3,51,Passing
4668,195,Mathematics,2,4,48,At Risk
4669,195,Physical Science,10,1,72,Strong
4670,195,Physical Science,10,2,62,Passing
4671,195,Physical Science,10,3,74,Strong
4672,195,Physical Science,10,4,60,Passing
4673,195,Life Science,15,1,77,Strong
4674,195,Life Science,15,2,81,Strong
4675,195,Life Science,15,3,80,Strong
4676,195,Life Science,15,4,81,Strong
4677,195,Information Technology,23,1,46,At Risk
4678,195,Information Technology,23,2,45,At Risk
4679,195,Information Technology,23,3,53,Passing
4680,195,Information Technology,23,4,44,At Risk
4681,196,English,5,1,61,Passing
4682,196,English,5,2,57,Passing
4683,196,English,5,3,57,Passing
4684,196,English,5,4,68,Passing
4685,196,Afrikaans,8,1,60,Passing
4686,196,Afrikaans,8,2,54,Passing
4687,196,Afrikaans,8,3,70,Strong
4688,196,Afrikaans,8,4,59,Passing
4689,196,Mathematics,1,1,60,Passing
4690,196,Mathematics,1,2,65,Passing
4691,196,Mathematics,1,3,73,Strong
4692,196,Mathematics,1,4,61,Passing
4693,196,Geography,19,1,60,Passing
4694,196,Geography,19,2,69,Passing
4695,196,Geography,19,3,63,Passing
4696,196,Geography,19,4,72,Strong
4697,196,Accounting,27,1,60,Passing
4698,196,Accounting,27,2,67,Passing
4699,196,Accounting,27,3,61,Passing
4700,196,Accounting,27,4,57,Passing
4701,196,History,18,1,59,Passing
4702,196,History,18,2,60,Passing
4703,196,History,18,3,59,Passing
4704,196,History,18,4,53,Passing
4705,197,English,4,1,77,Strong
4706,197,English,4,2,87,Strong
4707,197,English,4,3,78,Strong
4708,197,English,4,4,91,Strong
4709,197,Afrikaans,7,1,61,Passing
4710,197,Afrikaans,7,2,63,Passing
4711,197,Afrikaans,7,3,58,Passing
4712,197,Afrikaans,7,4,66,Passing
4713,197,Mathematics,3,1,53,Passing
4714,197,Mathematics,3,2,54,Passing
4715,197,Mathematics,3,3,64,Passing
4716,197,Mathematics,3,4,54,Passing
4717,197,Accounting,26,1,67,Passing
4718,197,Accounting,26,2,64,Passing
4719,197,Accounting,26,3,66,Passing
4720,197,Accounting,26,4,71,Strong
4721,197,Information Technology,22,1,40,At Risk
4722,197,Information Technology,22,2,46,At Risk
4723,197,Information Technology,22,3,45,At Risk
4724,197,Information Technology,22,4,52,Passing
4725,197,Geography,21,1,73,Strong
4726,197,Geography,21,2,68,Passing
4727,197,Geography,21,3,67,Passing
4728,197,Geography,21,4,73,Strong
4729,198,English,4,1,83,Strong
4730,198,English,4,2,79,Strong
4731,198,English,4,3,74,Strong
4732,198,English,4,4,81,Strong
4733,198,Afrikaans,8,1,54,Passing
4734,198,Afrikaans,8,2,59,Passing
4735,198,Afrikaans,8,3,49,At Risk
4736,198,Afrikaans,8,4,58,Passing
4737,198,Mathematics,3,1,72,Strong
4738,198,Mathematics,3,2,75,Strong
4739,198,Mathematics,3,3,68,Passing
4740,198,Mathematics,3,4,73,Strong
4741,198,Information Technology,23,1,53,Passing
4742,198,Information Technology,23,2,51,Passing
4743,198,Information Technology,23,3,45,At Risk
4744,198,Information Technology,23,4,53,Passing
4745,198,Life Science,13,1,91,Strong
4746,198,Life Science,13,2,80,Strong
4747,198,Life Science,13,3,79,Strong
4748,198,Life Science,13,4,94,Strong
4749,198,Geography,21,1,74,Strong
4750,198,Geography,21,2,67,Passing
4751,198,Geography,21,3,64,Passing
4752,198,Geography,21,4,75,Strong
4753,199,English,5,1,88,Strong
4754,199,English,5,2,74,Strong
4755,199,English,5,3,81,Strong
4756,199,English,5,4,86,Strong
4757,199,Afrikaans,9,1,66,Passing
4758,199,Afrikaans,9,2,79,Strong
4759,199,Afrikaans,9,3,73,Strong
4760,199,Afrikaans,9,4,68,Passing
4761,199,Mathematics,1,1,49,At Risk
4762,199,Mathematics,1,2,47,At Risk
4763,199,Mathematics,1,3,56,Passing
4764,199,Mathematics,1,4,53,Passing
4765,199,Accounting,27,1,53,Passing
4766,199,Accounting,27,2,54,Passing
4767,199,Accounting,27,3,53,Passing
4768,199,Accounting,27,4,68,Passing
4769,199,Physical Science,12,1,52,Passing
4770,199,Physical Science,12,2,49,At Risk
4771,199,Physical Science,12,3,49,At Risk
4772,199,Physical Science,12,4,39,High Risk
4773,199,Geography,20,1,76,Strong
4774,199,Geography,20,2,79,Strong
4775,199,Geography,20,3,76,Strong
4776,199,Geography,20,4,70,Strong
4777,200,English,6,1,71,Strong
4778,200,English,6,2,74,Strong
4779,200,English,6,3,85,Strong
4780,200,English,6,4,76,Strong
4781,200,Afrikaans,8,1,60,Passing
4782,200,Afrikaans,8,2,49,At Risk
4783,200,Afrikaans,8,3,50,Passing
4784,200,Afrikaans,8,4,61,Passing
4785,200,Mathematics,1,1,61,Passing
4786,200,Mathematics,1,2,65,Passing
4787,200,Mathematics,1,3,65,Passing
4788,200,Mathematics,1,4,59,Passing
4789,200,Information Technology,22,1,61,Passing
4790,200,Information Technology,22,2,62,Passing
4791,200,Information Technology,22,3,61,Passing
4792,200,Information Technology,22,4,58,Passing
4793,200,Geography,21,1,85,Strong
4794,200,Geography,21,2,80,Strong
4795,200,Geography,21,3,90,Strong
4796,200,Geography,21,4,77,Strong
4797,200,History,17,1,52,Passing
4798,200,History,17,2,43,At Risk
4799,200,History,17,3,40,At Risk
4800,200,History,17,4,45,At Risk
4801,201,English,5,1,83,Strong
4802,201,English,5,2,81,Strong
4803,201,English,5,3,84,Strong
4804,201,English,5,4,78,Strong
4805,201,Afrikaans,8,1,87,Strong
4806,201,Afrikaans,8,2,88,Strong
4807,201,Afrikaans,8,3,85,Strong
4808,201,Afrikaans,8,4,78,Strong
4809,201,Mathematics,3,1,44,At Risk
4810,201,Mathematics,3,2,40,At Risk
4811,201,Mathematics,3,3,46,At Risk
4812,201,Mathematics,3,4,43,At Risk
4813,201,Physical Science,12,1,37,High Risk
4814,201,Physical Science,12,2,31,High Risk
4815,201,Physical Science,12,3,37,High Risk
4816,201,Physical Science,12,4,46,At Risk
4817,201,History,17,1,56,Passing
4818,201,History,17,2,62,Passing
4819,201,History,17,3,55,Passing
4820,201,History,17,4,51,Passing
4821,201,Life Science,13,1,71,Strong
4822,201,Life Science,13,2,61,Passing
4823,201,Life Science,13,3,72,Strong
4824,201,Life Science,13,4,70,Strong
4825,202,English,6,1,43,At Risk
4826,202,English,6,2,45,At Risk
4827,202,English,6,3,44,At Risk
4828,202,English,6,4,54,Passing
4829,202,Afrikaans,7,1,83,Strong
4830,202,Afrikaans,7,2,68,Passing
4831,202,Afrikaans,7,3,82,Strong
4832,202,Afrikaans,7,4,75,Strong
4833,202,Mathematics,1,1,53,Passing
4834,202,Mathematics,1,2,56,Passing
4835,202,Mathematics,1,3,45,At Risk
4836,202,Mathematics,1,4,54,Passing
4837,202,Geography,20,1,42,At Risk
4838,202,Geography,20,2,52,Passing
4839,202,Geography,20,3,52,Passing
4840,202,Geography,20,4,54,Passing
4841,202,Accounting,26,1,80,Strong
4842,202,Accounting,26,2,72,Strong
4843,202,Accounting,26,3,86,Strong
4844,202,Accounting,26,4,83,Strong
4845,202,Life Science,14,1,85,Strong
4846,202,Life Science,14,2,84,Strong
4847,202,Life Science,14,3,76,Strong
4848,202,Life Science,14,4,70,Strong
4849,203,English,5,1,72,Strong
4850,203,English,5,2,85,Strong
4851,203,English,5,3,82,Strong
4852,203,English,5,4,74,Strong
4853,203,Afrikaans,8,1,67,Passing
4854,203,Afrikaans,8,2,69,Passing
4855,203,Afrikaans,8,3,57,Passing
4856,203,Afrikaans,8,4,69,Passing
4857,203,Mathematics,1,1,82,Strong
4858,203,Mathematics,1,2,85,Strong
4859,203,Mathematics,1,3,84,Strong
4860,203,Mathematics,1,4,71,Strong
4861,203,History,17,1,59,Passing
4862,203,History,17,2,56,Passing
4863,203,History,17,3,65,Passing
4864,203,History,17,4,61,Passing
4865,203,Physical Science,10,1,65,Passing
4866,203,Physical Science,10,2,74,Strong
4867,203,Physical Science,10,3,65,Passing
4868,203,Physical Science,10,4,68,Passing
4869,203,Accounting,25,1,86,Strong
4870,203,Accounting,25,2,76,Strong
4871,203,Accounting,25,3,81,Strong
4872,203,Accounting,25,4,84,Strong
4873,204,English,4,1,76,Strong
4874,204,English,4,2,80,Strong
4875,204,English,4,3,70,Strong
4876,204,English,4,4,71,Strong
4877,204,Afrikaans,7,1,57,Passing
4878,204,Afrikaans,7,2,70,Strong
4879,204,Afrikaans,7,3,59,Passing
4880,204,Afrikaans,7,4,60,Passing
4881,204,Mathematics,1,1,49,At Risk
4882,204,Mathematics,1,2,59,Passing
4883,204,Mathematics,1,3,47,At Risk
4884,204,Mathematics,1,4,57,Passing
4885,204,Information Technology,22,1,75,Strong
4886,204,Information Technology,22,2,73,Strong
4887,204,Information Technology,22,3,72,Strong
4888,204,Information Technology,22,4,67,Passing
4889,204,History,18,1,52,Passing
4890,204,History,18,2,49,At Risk
4891,204,History,18,3,52,Passing
4892,204,History,18,4,46,At Risk
4893,204,Physical Science,11,1,57,Passing
4894,204,Physical Science,11,2,42,At Risk
4895,204,Physical Science,11,3,43,At Risk
4896,204,Physical Science,11,4,51,Passing
4897,205,English,5,1,69,Passing
4898,205,English,5,2,73,Strong
4899,205,English,5,3,69,Passing
4900,205,English,5,4,73,Strong
4901,205,Afrikaans,9,1,76,Strong
4902,205,Afrikaans,9,2,78,Strong
4903,205,Afrikaans,9,3,79,Strong
4904,205,Afrikaans,9,4,69,Passing
4905,205,Mathematics,1,1,75,Strong
4906,205,Mathematics,1,2,71,Strong
4907,205,Mathematics,1,3,83,Strong
4908,205,Mathematics,1,4,70,Strong
4909,205,Geography,21,1,56,Passing
4910,205,Geography,21,2,56,Passing
4911,205,Geography,21,3,45,At Risk
4912,205,Geography,21,4,45,At Risk
4913,205,History,16,1,82,Strong
4914,205,History,16,2,80,Strong
4915,205,History,16,3,95,Strong
4916,205,History,16,4,82,Strong
4917,205,Life Science,15,1,51,Passing
4918,205,Life Science,15,2,54,Passing
4919,205,Life Science,15,3,59,Passing
4920,205,Life Science,15,4,53,Passing
4921,206,English,4,1,71,Strong
4922,206,English,4,2,73,Strong
4923,206,English,4,3,72,Strong
4924,206,English,4,4,60,Passing
4925,206,Afrikaans,7,1,57,Passing
4926,206,Afrikaans,7,2,56,Passing
4927,206,Afrikaans,7,3,50,Passing
4928,206,Afrikaans,7,4,49,At Risk
4929,206,Mathematics,1,1,58,Passing
4930,206,Mathematics,1,2,57,Passing
4931,206,Mathematics,1,3,44,At Risk
4932,206,Mathematics,1,4,51,Passing
4933,206,Physical Science,11,1,70,Strong
4934,206,Physical Science,11,2,69,Passing
4935,206,Physical Science,11,3,76,Strong
4936,206,Physical Science,11,4,65,Passing
4937,206,Geography,19,1,52,Passing
4938,206,Geography,19,2,55,Passing
4939,206,Geography,19,3,57,Passing
4940,206,Geography,19,4,55,Passing
4941,206,Accounting,26,1,81,Strong
4942,206,Accounting,26,2,78,Strong
4943,206,Accounting,26,3,90,Strong
4944,206,Accounting,26,4,87,Strong
4945,207,English,4,1,57,Passing
4946,207,English,4,2,66,Passing
4947,207,English,4,3,66,Passing
4948,207,English,4,4,66,Passing
4949,207,Afrikaans,8,1,82,Strong
4950,207,Afrikaans,8,2,77,Strong
4951,207,Afrikaans,8,3,66,Passing
4952,207,Afrikaans,8,4,80,Strong
4953,207,Mathematics,2,1,41,At Risk
4954,207,Mathematics,2,2,57,Passing
4955,207,Mathematics,2,3,43,At Risk
4956,207,Mathematics,2,4,43,At Risk
4957,207,Accounting,27,1,65,Passing
4958,207,Accounting,27,2,67,Passing
4959,207,Accounting,27,3,60,Passing
4960,207,Accounting,27,4,68,Passing
4961,207,Life Science,15,1,53,Passing
4962,207,Life Science,15,2,42,At Risk
4963,207,Life Science,15,3,45,At Risk
4964,207,Life Science,15,4,42,At Risk
4965,207,Physical Science,10,1,86,Strong
4966,207,Physical Science,10,2,79,Strong
4967,207,Physical Science,10,3,83,Strong
4968,207,Physical Science,10,4,82,Strong
4969,208,English,5,1,83,Strong
4970,208,English,5,2,84,Strong
4971,208,English,5,3,85,Strong
4972,208,English,5,4,74,Strong
4973,208,Afrikaans,9,1,70,Strong
4974,208,Afrikaans,9,2,58,Passing
4975,208,Afrikaans,9,3,66,Passing
4976,208,Afrikaans,9,4,68,Passing
4977,208,Mathematics,1,1,59,Passing
4978,208,Mathematics,1,2,56,Passing
4979,208,Mathematics,1,3,57,Passing
4980,208,Mathematics,1,4,51,Passing
4981,208,Physical Science,11,1,51,Passing
4982,208,Physical Science,11,2,50,Passing
4983,208,Physical Science,11,3,59,Passing
4984,208,Physical Science,11,4,61,Passing
4985,208,History,17,1,64,Passing
4986,208,History,17,2,57,Passing
4987,208,History,17,3,54,Passing
4988,208,History,17,4,50,Passing
4989,208,Life Science,14,1,79,Strong
4990,208,Life Science,14,2,86,Strong
4991,208,Life Science,14,3,80,Strong
4992,208,Life Science,14,4,75,Strong
4993,209,English,4,1,40,At Risk
4994,209,English,4,2,48,At Risk
4995,209,English,4,3,47,At Risk
4996,209,English,4,4,49,At Risk
4997,209,Afrikaans,8,1,80,Strong
4998,209,Afrikaans,8,2,67,Passing
4999,209,Afrikaans,8,3,65,Passing
5000,209,Afrikaans,8,4,75,Strong
5001,209,Mathematics,3,1,64,Passing
5002,209,Mathematics,3,2,59,Passing
5003,209,Mathematics,3,3,51,Passing
5004,209,Mathematics,3,4,49,At Risk
5005,209,Life Science,14,1,59,Passing
5006,209,Life Science,14,2,54,Passing
5007,209,Life Science,14,3,45,At Risk
5008,209,Life Science,14,4,59,Passing
5009,209,Information Technology,23,1,63,Passing
5010,209,Information Technology,23,2,63,Passing
5011,209,Information Technology,23,3,67,Passing
5012,209,Information Technology,23,4,65,Passing
5013,209,Accounting,25,1,56,Passing
5014,209,Accounting,25,2,64,Passing
5015,209,Accounting,25,3,68,Passing
5016,209,Accounting,25,4,59,Passing
5017,210,English,6,1,55,Passing
5018,210,English,6,2,61,Passing
5019,210,English,6,3,51,Passing
5020,210,English,6,4,56,Passing
5021,210,Afrikaans,7,1,69,Passing
5022,210,Afrikaans,7,2,70,Strong
5023,210,Afrikaans,7,3,79,Strong
5024,210,Afrikaans,7,4,79,Strong
5025,210,Mathematics,2,1,39,High Risk
5026,210,Mathematics,2,2,38,High Risk
5027,210,Mathematics,2,3,50,Passing
5028,210,Mathematics,2,4,41,At Risk
5029,210,Physical Science,11,1,66,Passing
5030,210,Physical Science,11,2,74,Strong
5031,210,Physical Science,11,3,62,Passing
5032,210,Physical Science,11,4,71,Strong
5033,210,Information Technology,24,1,80,Strong
5034,210,Information Technology,24,2,84,Strong
5035,210,Information Technology,24,3,80,Strong
5036,210,Information Technology,24,4,76,Strong
5037,210,Life Science,14,1,90,Strong
5038,210,Life Science,14,2,88,Strong
5039,210,Life Science,14,3,89,Strong
5040,210,Life Science,14,4,90,Strong
5041,211,English,5,1,70,Strong
5042,211,English,5,2,69,Passing
5043,211,English,5,3,81,Strong
5044,211,English,5,4,69,Passing
5045,211,Afrikaans,8,1,82,Strong
5046,211,Afrikaans,8,2,72,Strong
5047,211,Afrikaans,8,3,84,Strong
5048,211,Afrikaans,8,4,84,Strong
5049,211,Mathematics,1,1,45,At Risk
5050,211,Mathematics,1,2,53,Passing
5051,211,Mathematics,1,3,54,Passing
5052,211,Mathematics,1,4,40,At Risk
5053,211,Information Technology,22,1,56,Passing
5054,211,Information Technology,22,2,48,At Risk
5055,211,Information Technology,22,3,58,Passing
5056,211,Information Technology,22,4,48,At Risk
5057,211,Life Science,14,1,56,Passing
5058,211,Life Science,14,2,54,Passing
5059,211,Life Science,14,3,46,At Risk
5060,211,Life Science,14,4,61,Passing
5061,211,Accounting,25,1,46,At Risk
5062,211,Accounting,25,2,54,Passing
5063,211,Accounting,25,3,52,Passing
5064,211,Accounting,25,4,54,Passing
5065,212,English,5,1,67,Passing
5066,212,English,5,2,73,Strong
5067,212,English,5,3,58,Passing
5068,212,English,5,4,62,Passing
5069,212,Afrikaans,9,1,59,Passing
5070,212,Afrikaans,9,2,47,At Risk
5071,212,Afrikaans,9,3,55,Passing
5072,212,Afrikaans,9,4,55,Passing
5073,212,Mathematics,3,1,50,Passing
5074,212,Mathematics,3,2,60,Passing
5075,212,Mathematics,3,3,45,At Risk
5076,212,Mathematics,3,4,48,At Risk
5077,212,History,18,1,86,Strong
5078,212,History,18,2,77,Strong
5079,212,History,18,3,76,Strong
5080,212,History,18,4,88,Strong
5081,212,Life Science,14,1,77,Strong
5082,212,Life Science,14,2,82,Strong
5083,212,Life Science,14,3,78,Strong
5084,212,Life Science,14,4,80,Strong
5085,212,Physical Science,11,1,64,Passing
5086,212,Physical Science,11,2,64,Passing
5087,212,Physical Science,11,3,76,Strong
5088,212,Physical Science,11,4,74,Strong
5089,213,English,4,1,81,Strong
5090,213,English,4,2,71,Strong
5091,213,English,4,3,77,Strong
5092,213,English,4,4,69,Passing
5093,213,Afrikaans,7,1,89,Strong
5094,213,Afrikaans,7,2,88,Strong
5095,213,Afrikaans,7,3,83,Strong
5096,213,Afrikaans,7,4,88,Strong
5097,213,Mathematics,2,1,54,Passing
5098,213,Mathematics,2,2,67,Passing
5099,213,Mathematics,2,3,61,Passing
5100,213,Mathematics,2,4,55,Passing
5101,213,History,16,1,50,Passing
5102,213,History,16,2,59,Passing
5103,213,History,16,3,53,Passing
5104,213,History,16,4,52,Passing
5105,213,Life Science,15,1,51,Passing
5106,213,Life Science,15,2,66,Passing
5107,213,Life Science,15,3,56,Passing
5108,213,Life Science,15,4,65,Passing
5109,213,Information Technology,24,1,67,Passing
5110,213,Information Technology,24,2,70,Strong
5111,213,Information Technology,24,3,72,Strong
5112,213,Information Technology,24,4,67,Passing
5113,214,English,4,1,62,Passing
5114,214,English,4,2,63,Passing
5115,214,English,4,3,70,Strong
5116,214,English,4,4,58,Passing
5117,214,Afrikaans,8,1,81,Strong
5118,214,Afrikaans,8,2,83,Strong
5119,214,Afrikaans,8,3,72,Strong
5120,214,Afrikaans,8,4,86,Strong
5121,214,Mathematics,1,1,43,At Risk
5122,214,Mathematics,1,2,46,At Risk
5123,214,Mathematics,1,3,38,High Risk
5124,214,Mathematics,1,4,46,At Risk
5125,214,Information Technology,24,1,52,Passing
5126,214,Information Technology,24,2,46,At Risk
5127,214,Information Technology,24,3,48,At Risk
5128,214,Information Technology,24,4,44,At Risk
5129,214,History,17,1,48,At Risk
5130,214,History,17,2,48,At Risk
5131,214,History,17,3,50,Passing
5132,214,History,17,4,54,Passing
5133,214,Life Science,14,1,52,Passing
5134,214,Life Science,14,2,55,Passing
5135,214,Life Science,14,3,49,At Risk
5136,214,Life Science,14,4,51,Passing
5137,215,English,4,1,71,Strong
5138,215,English,4,2,63,Passing
5139,215,English,4,3,59,Passing
5140,215,English,4,4,68,Passing
5141,215,Afrikaans,8,1,48,At Risk
5142,215,Afrikaans,8,2,49,At Risk
5143,215,Afrikaans,8,3,57,Passing
5144,215,Afrikaans,8,4,60,Passing
5145,215,Mathematics,2,1,48,At Risk
5146,215,Mathematics,2,2,42,At Risk
5147,215,Mathematics,2,3,51,Passing
5148,215,Mathematics,2,4,48,At Risk
5149,215,Physical Science,11,1,58,Passing
5150,215,Physical Science,11,2,49,At Risk
5151,215,Physical Science,11,3,47,At Risk
5152,215,Physical Science,11,4,52,Passing
5153,215,Accounting,25,1,56,Passing
5154,215,Accounting,25,2,64,Passing
5155,215,Accounting,25,3,65,Passing
5156,215,Accounting,25,4,65,Passing
5157,215,Life Science,13,1,65,Passing
5158,215,Life Science,13,2,70,Strong
5159,215,Life Science,13,3,63,Passing
5160,215,Life Science,13,4,72,Strong
5161,216,English,5,1,81,Strong
5162,216,English,5,2,70,Strong
5163,216,English,5,3,83,Strong
5164,216,English,5,4,68,Passing
5165,216,Afrikaans,8,1,70,Strong
5166,216,Afrikaans,8,2,63,Passing
5167,216,Afrikaans,8,3,71,Strong
5168,216,Afrikaans,8,4,66,Passing
5169,216,Mathematics,3,1,51,Passing
5170,216,Mathematics,3,2,56,Passing
5171,216,Mathematics,3,3,60,Passing
5172,216,Mathematics,3,4,61,Passing
5173,216,Physical Science,12,1,51,Passing
5174,216,Physical Science,12,2,41,At Risk
5175,216,Physical Science,12,3,39,High Risk
5176,216,Physical Science,12,4,46,At Risk
5177,216,History,17,1,79,Strong
5178,216,History,17,2,81,Strong
5179,216,History,17,3,87,Strong
5180,216,History,17,4,88,Strong
5181,216,Life Science,14,1,40,At Risk
5182,216,Life Science,14,2,54,Passing
5183,216,Life Science,14,3,49,At Risk
5184,216,Life Science,14,4,45,At Risk
5185,217,English,6,1,40,At Risk
5186,217,English,6,2,54,Passing
5187,217,English,6,3,47,At Risk
5188,217,English,6,4,47,At Risk
5189,217,Afrikaans,7,1,72,Strong
5190,217,Afrikaans,7,2,67,Passing
5191,217,Afrikaans,7,3,77,Strong
5192,217,Afrikaans,7,4,70,Strong
5193,217,Mathematics,1,1,39,High Risk
5194,217,Mathematics,1,2,36,High Risk
5195,217,Mathematics,1,3,43,At Risk
5196,217,Mathematics,1,4,36,High Risk
5197,217,Information Technology,24,1,63,Passing
5198,217,Information Technology,24,2,64,Passing
5199,217,Information Technology,24,3,68,Passing
5200,217,Information Technology,24,4,73,Strong
5201,217,History,17,1,69,Passing
5202,217,History,17,2,63,Passing
5203,217,History,17,3,63,Passing
5204,217,History,17,4,61,Passing
5205,217,Physical Science,11,1,66,Passing
5206,217,Physical Science,11,2,65,Passing
5207,217,Physical Science,11,3,68,Passing
5208,217,Physical Science,11,4,68,Passing
5209,218,English,4,1,66,Passing
5210,218,English,4,2,62,Passing
5211,218,English,4,3,52,Passing
5212,218,English,4,4,56,Passing
5213,218,Afrikaans,7,1,52,Passing
5214,218,Afrikaans,7,2,37,High Risk
5215,218,Afrikaans,7,3,37,High Risk
5216,218,Afrikaans,7,4,42,At Risk
5217,218,Mathematics,1,1,73,Strong
5218,218,Mathematics,1,2,70,Strong
5219,218,Mathematics,1,3,60,Passing
5220,218,Mathematics,1,4,60,Passing
5221,218,Life Science,13,1,72,Strong
5222,218,Life Science,13,2,86,Strong
5223,218,Life Science,13,3,75,Strong
5224,218,Life Science,13,4,83,Strong
5225,218,History,18,1,75,Strong
5226,218,History,18,2,76,Strong
5227,218,History,18,3,69,Passing
5228,218,History,18,4,64,Passing
5229,218,Physical Science,10,1,51,Passing
5230,218,Physical Science,10,2,48,At Risk
5231,218,Physical Science,10,3,43,At Risk
5232,218,Physical Science,10,4,51,Passing
5233,219,English,5,1,46,At Risk
5234,219,English,5,2,39,High Risk
5235,219,English,5,3,47,At Risk
5236,219,English,5,4,50,Passing
5237,219,Afrikaans,9,1,51,Passing
5238,219,Afrikaans,9,2,58,Passing
5239,219,Afrikaans,9,3,56,Passing
5240,219,Afrikaans,9,4,56,Passing
5241,219,Mathematics,1,1,74,Strong
5242,219,Mathematics,1,2,64,Passing
5243,219,Mathematics,1,3,71,Strong
5244,219,Mathematics,1,4,78,Strong
5245,219,Life Science,14,1,82,Strong
5246,219,Life Science,14,2,76,Strong
5247,219,Life Science,14,3,82,Strong
5248,219,Life Science,14,4,88,Strong
5249,219,Geography,19,1,54,Passing
5250,219,Geography,19,2,62,Passing
5251,219,Geography,19,3,61,Passing
5252,219,Geography,19,4,51,Passing
5253,219,Physical Science,12,1,71,Strong
5254,219,Physical Science,12,2,70,Strong
5255,219,Physical Science,12,3,67,Passing
5256,219,Physical Science,12,4,69,Passing
5257,220,English,6,1,47,At Risk
5258,220,English,6,2,51,Passing
5259,220,English,6,3,50,Passing
5260,220,English,6,4,59,Passing
5261,220,Afrikaans,8,1,60,Passing
5262,220,Afrikaans,8,2,54,Passing
5263,220,Afrikaans,8,3,62,Passing
5264,220,Afrikaans,8,4,68,Passing
5265,220,Mathematics,2,1,45,At Risk
5266,220,Mathematics,2,2,33,High Risk
5267,220,Mathematics,2,3,42,At Risk
5268,220,Mathematics,2,4,45,At Risk
5269,220,Accounting,25,1,68,Passing
5270,220,Accounting,25,2,63,Passing
5271,220,Accounting,25,3,76,Strong
5272,220,Accounting,25,4,74,Strong
5273,220,Physical Science,11,1,72,Strong
5274,220,Physical Science,11,2,77,Strong
5275,220,Physical Science,11,3,62,Passing
5276,220,Physical Science,11,4,68,Passing
5277,220,Geography,20,1,50,Passing
5278,220,Geography,20,2,55,Passing
5279,220,Geography,20,3,56,Passing
5280,220,Geography,20,4,52,Passing
5281,221,English,6,1,51,Passing
5282,221,English,6,2,45,At Risk
5283,221,English,6,3,49,At Risk
5284,221,English,6,4,41,At Risk
5285,221,Afrikaans,8,1,73,Strong
5286,221,Afrikaans,8,2,80,Strong
5287,221,Afrikaans,8,3,86,Strong
5288,221,Afrikaans,8,4,75,Strong
5289,221,Mathematics,3,1,53,Passing
5290,221,Mathematics,3,2,52,Passing
5291,221,Mathematics,3,3,57,Passing
5292,221,Mathematics,3,4,56,Passing
5293,221,Geography,19,1,46,At Risk
5294,221,Geography,19,2,43,At Risk
5295,221,Geography,19,3,58,Passing
5296,221,Geography,19,4,56,Passing
5297,221,History,17,1,51,Passing
5298,221,History,17,2,49,At Risk
5299,221,History,17,3,48,At Risk
5300,221,History,17,4,44,At Risk
5301,221,Physical Science,12,1,67,Passing
5302,221,Physical Science,12,2,70,Strong
5303,221,Physical Science,12,3,61,Passing
5304,221,Physical Science,12,4,70,Strong
5305,222,English,5,1,79,Strong
5306,222,English,5,2,74,Strong
5307,222,English,5,3,86,Strong
5308,222,English,5,4,75,Strong
5309,222,Afrikaans,7,1,91,Strong
5310,222,Afrikaans,7,2,80,Strong
5311,222,Afrikaans,7,3,79,Strong
5312,222,Afrikaans,7,4,78,Strong
5313,222,Mathematics,3,1,46,At Risk
5314,222,Mathematics,3,2,44,At Risk
5315,222,Mathematics,3,3,36,High Risk
5316,222,Mathematics,3,4,38,High Risk
5317,222,Geography,19,1,56,Passing
5318,222,Geography,19,2,43,At Risk
5319,222,Geography,19,3,51,Passing
5320,222,Geography,19,4,55,Passing
5321,222,Information Technology,24,1,42,At Risk
5322,222,Information Technology,24,2,40,At Risk
5323,222,Information Technology,24,3,40,At Risk
5324,222,Information Technology,24,4,48,At Risk
5325,222,Life Science,14,1,74,Strong
5326,222,Life Science,14,2,65,Passing
5327,222,Life Science,14,3,75,Strong
5328,222,Life Science,14,4,69,Passing
5329,223,English,6,1,77,Strong
5330,223,English,6,2,91,Strong
5331,223,English,6,3,89,Strong
5332,223,English,6,4,91,Strong
5333,223,Afrikaans,9,1,67,Passing
5334,223,Afrikaans,9,2,74,Strong
5335,223,Afrikaans,9,3,64,Passing
5336,223,Afrikaans,9,4,78,Strong
5337,223,Mathematics,3,1,75,Strong
5338,223,Mathematics,3,2,71,Strong
5339,223,Mathematics,3,3,68,Passing
5340,223,Mathematics,3,4,68,Passing
5341,223,Information Technology,23,1,37,High Risk
5342,223,Information Technology,23,2,41,At Risk
5343,223,Information Technology,23,3,39,High Risk
5344,223,Information Technology,23,4,51,Passing
5345,223,Physical Science,11,1,57,Passing
5346,223,Physical Science,11,2,59,Passing
5347,223,Physical Science,11,3,61,Passing
5348,223,Physical Science,11,4,60,Passing
5349,223,History,17,1,58,Passing
5350,223,History,17,2,55,Passing
5351,223,History,17,3,52,Passing
5352,223,History,17,4,52,Passing
5353,224,English,4,1,56,Passing
5354,224,English,4,2,60,Passing
5355,224,English,4,3,63,Passing
5356,224,English,4,4,58,Passing
5357,224,Afrikaans,8,1,60,Passing
5358,224,Afrikaans,8,2,60,Passing
5359,224,Afrikaans,8,3,71,Strong
5360,224,Afrikaans,8,4,65,Passing
5361,224,Mathematics,3,1,80,Strong
5362,224,Mathematics,3,2,79,Strong
5363,224,Mathematics,3,3,81,Strong
5364,224,Mathematics,3,4,70,Strong
5365,224,Geography,19,1,76,Strong
5366,224,Geography,19,2,73,Strong
5367,224,Geography,19,3,79,Strong
5368,224,Geography,19,4,88,Strong
5369,224,Physical Science,12,1,66,Passing
5370,224,Physical Science,12,2,78,Strong
5371,224,Physical Science,12,3,76,Strong
5372,224,Physical Science,12,4,71,Strong
5373,224,Information Technology,22,1,53,Passing
5374,224,Information Technology,22,2,49,At Risk
5375,224,Information Technology,22,3,57,Passing
5376,224,Information Technology,22,4,53,Passing
5377,225,English,6,1,83,Strong
5378,225,English,6,2,79,Strong
5379,225,English,6,3,79,Strong
5380,225,English,6,4,78,Strong
5381,225,Afrikaans,9,1,73,Strong
5382,225,Afrikaans,9,2,68,Passing
5383,225,Afrikaans,9,3,66,Passing
5384,225,Afrikaans,9,4,77,Strong
5385,225,Mathematics,2,1,49,At Risk
5386,225,Mathematics,2,2,41,At Risk
5387,225,Mathematics,2,3,34,High Risk
5388,225,Mathematics,2,4,41,At Risk
5389,225,Geography,19,1,67,Passing
5390,225,Geography,19,2,59,Passing
5391,225,Geography,19,3,60,Passing
5392,225,Geography,19,4,68,Passing
5393,225,Accounting,25,1,67,Passing
5394,225,Accounting,25,2,61,Passing
5395,225,Accounting,25,3,67,Passing
5396,225,Accounting,25,4,60,Passing
5397,225,Information Technology,22,1,46,At Risk
5398,225,Information Technology,22,2,35,High Risk
5399,225,Information Technology,22,3,37,High Risk
5400,225,Information Technology,22,4,46,At Risk
5401,226,English,5,1,43,At Risk
5402,226,English,5,2,44,At Risk
5403,226,English,5,3,49,At Risk
5404,226,English,5,4,54,Passing
5405,226,Afrikaans,7,1,60,Passing
5406,226,Afrikaans,7,2,50,Passing
5407,226,Afrikaans,7,3,49,At Risk
5408,226,Afrikaans,7,4,55,Passing
5409,226,Mathematics,2,1,53,Passing
5410,226,Mathematics,2,2,49,At Risk
5411,226,Mathematics,2,3,51,Passing
5412,226,Mathematics,2,4,52,Passing
5413,226,Accounting,25,1,55,Passing
5414,226,Accounting,25,2,52,Passing
5415,226,Accounting,25,3,50,Passing
5416,226,Accounting,25,4,51,Passing
5417,226,Physical Science,12,1,36,High Risk
5418,226,Physical Science,12,2,39,High Risk
5419,226,Physical Science,12,3,34,High Risk
5420,226,Physical Science,12,4,31,High Risk
5421,226,Geography,20,1,59,Passing
5422,226,Geography,20,2,50,Passing
5423,226,Geography,20,3,57,Passing
5424,226,Geography,20,4,53,Passing
5425,227,English,6,1,72,Strong
5426,227,English,6,2,65,Passing
5427,227,English,6,3,69,Passing
5428,227,English,6,4,69,Passing
5429,227,Afrikaans,9,1,63,Passing
5430,227,Afrikaans,9,2,60,Passing
5431,227,Afrikaans,9,3,49,At Risk
5432,227,Afrikaans,9,4,50,Passing
5433,227,Mathematics,2,1,45,At Risk
5434,227,Mathematics,2,2,47,At Risk
5435,227,Mathematics,2,3,47,At Risk
5436,227,Mathematics,2,4,53,Passing
5437,227,Accounting,27,1,67,Passing
5438,227,Accounting,27,2,70,Strong
5439,227,Accounting,27,3,64,Passing
5440,227,Accounting,27,4,58,Passing
5441,227,Geography,20,1,84,Strong
5442,227,Geography,20,2,87,Strong
5443,227,Geography,20,3,82,Strong
5444,227,Geography,20,4,88,Strong
5445,227,Physical Science,10,1,46,At Risk
5446,227,Physical Science,10,2,53,Passing
5447,227,Physical Science,10,3,49,At Risk
5448,227,Physical Science,10,4,61,Passing
5449,228,English,6,1,91,Strong
5450,228,English,6,2,82,Strong
5451,228,English,6,3,78,Strong
5452,228,English,6,4,91,Strong
5453,228,Afrikaans,9,1,78,Strong
5454,228,Afrikaans,9,2,81,Strong
5455,228,Afrikaans,9,3,92,Strong
5456,228,Afrikaans,9,4,88,Strong
5457,228,Mathematics,3,1,75,Strong
5458,228,Mathematics,3,2,79,Strong
5459,228,Mathematics,3,3,80,Strong
5460,228,Mathematics,3,4,78,Strong
5461,228,Physical Science,11,1,51,Passing
5462,228,Physical Science,11,2,52,Passing
5463,228,Physical Science,11,3,57,Passing
5464,228,Physical Science,11,4,56,Passing
5465,228,History,16,1,86,Strong
5466,228,History,16,2,79,Strong
5467,228,History,16,3,83,Strong
5468,228,History,16,4,72,Strong
5469,228,Life Science,14,1,58,Passing
5470,228,Life Science,14,2,57,Passing
5471,228,Life Science,14,3,65,Passing
5472,228,Life Science,14,4,58,Passing
5473,229,English,5,1,70,Strong
5474,229,English,5,2,73,Strong
5475,229,English,5,3,77,Strong
5476,229,English,5,4,76,Strong
5477,229,Afrikaans,8,1,78,Strong
5478,229,Afrikaans,8,2,84,Strong
5479,229,Afrikaans,8,3,81,Strong
5480,229,Afrikaans,8,4,75,Strong
5481,229,Mathematics,1,1,42,At Risk
5482,229,Mathematics,1,2,49,At Risk
5483,229,Mathematics,1,3,54,Passing
5484,229,Mathematics,1,4,56,Passing
5485,229,Physical Science,11,1,59,Passing
5486,229,Physical Science,11,2,53,Passing
5487,229,Physical Science,11,3,66,Passing
5488,229,Physical Science,11,4,68,Passing
5489,229,Life Science,14,1,87,Strong
5490,229,Life Science,14,2,90,Strong
5491,229,Life Science,14,3,91,Strong
5492,229,Life Science,14,4,91,Strong
5493,229,History,18,1,80,Strong
5494,229,History,18,2,78,Strong
5495,229,History,18,3,82,Strong
5496,229,History,18,4,77,Strong
5497,230,English,6,1,68,Passing
5498,230,English,6,2,56,Passing
5499,230,English,6,3,61,Passing
5500,230,English,6,4,70,Strong
5501,230,Afrikaans,9,1,59,Passing
5502,230,Afrikaans,9,2,53,Passing
5503,230,Afrikaans,9,3,62,Passing
5504,230,Afrikaans,9,4,53,Passing
5505,230,Mathematics,3,1,66,Passing
5506,230,Mathematics,3,2,66,Passing
5507,230,Mathematics,3,3,52,Passing
5508,230,Mathematics,3,4,58,Passing
5509,230,Information Technology,23,1,52,Passing
5510,230,Information Technology,23,2,52,Passing
5511,230,Information Technology,23,3,51,Passing
5512,230,Information Technology,23,4,60,Passing
5513,230,Accounting,26,1,42,At Risk
5514,230,Accounting,26,2,46,At Risk
5515,230,Accounting,26,3,42,At Risk
5516,230,Accounting,26,4,46,At Risk
5517,230,History,16,1,65,Passing
5518,230,History,16,2,64,Passing
5519,230,History,16,3,62,Passing
5520,230,History,16,4,60,Passing
5521,231,English,6,1,81,Strong
5522,231,English,6,2,73,Strong
5523,231,English,6,3,82,Strong
5524,231,English,6,4,82,Strong
5525,231,Afrikaans,8,1,71,Strong
5526,231,Afrikaans,8,2,71,Strong
5527,231,Afrikaans,8,3,59,Passing
5528,231,Afrikaans,8,4,74,Strong
5529,231,Mathematics,3,1,68,Passing
5530,231,Mathematics,3,2,76,Strong
5531,231,Mathematics,3,3,71,Strong
5532,231,Mathematics,3,4,71,Strong
5533,231,Geography,20,1,67,Passing
5534,231,Geography,20,2,59,Passing
5535,231,Geography,20,3,68,Passing
5536,231,Geography,20,4,66,Passing
5537,231,Information Technology,24,1,74,Strong
5538,231,Information Technology,24,2,66,Passing
5539,231,Information Technology,24,3,74,Strong
5540,231,Information Technology,24,4,70,Strong
5541,231,History,16,1,80,Strong
5542,231,History,16,2,73,Strong
5543,231,History,16,3,81,Strong
5544,231,History,16,4,81,Strong
5545,232,English,5,1,74,Strong
5546,232,English,5,2,85,Strong
5547,232,English,5,3,78,Strong
5548,232,English,5,4,78,Strong
5549,232,Afrikaans,9,1,56,Passing
5550,232,Afrikaans,9,2,71,Strong
5551,232,Afrikaans,9,3,67,Passing
5552,232,Afrikaans,9,4,66,Passing
5553,232,Mathematics,2,1,59,Passing
5554,232,Mathematics,2,2,59,Passing
5555,232,Mathematics,2,3,58,Passing
5556,232,Mathematics,2,4,55,Passing
5557,232,Geography,20,1,59,Passing
5558,232,Geography,20,2,60,Passing
5559,232,Geography,20,3,63,Passing
5560,232,Geography,20,4,63,Passing
5561,232,Information Technology,24,1,68,Passing
5562,232,Information Technology,24,2,68,Passing
5563,232,Information Technology,24,3,62,Passing
5564,232,Information Technology,24,4,68,Passing
5565,232,Accounting,27,1,50,Passing
5566,232,Accounting,27,2,44,At Risk
5567,232,Accounting,27,3,53,Passing
5568,232,Accounting,27,4,41,At Risk
5569,233,English,5,1,74,Strong
5570,233,English,5,2,69,Passing
5571,233,English,5,3,62,Passing
5572,233,English,5,4,65,Passing
5573,233,Afrikaans,7,1,48,At Risk
5574,233,Afrikaans,7,2,44,At Risk
5575,233,Afrikaans,7,3,58,Passing
5576,233,Afrikaans,7,4,43,At Risk
5577,233,Mathematics,3,1,49,At Risk
5578,233,Mathematics,3,2,45,At Risk
5579,233,Mathematics,3,3,55,Passing
5580,233,Mathematics,3,4,52,Passing
5581,233,Physical Science,12,1,50,Passing
5582,233,Physical Science,12,2,52,Passing
5583,233,Physical Science,12,3,59,Passing
5584,233,Physical Science,12,4,45,At Risk
5585,233,Accounting,26,1,64,Passing
5586,233,Accounting,26,2,74,Strong
5587,233,Accounting,26,3,79,Strong
5588,233,Accounting,26,4,63,Passing
5589,233,Life Science,15,1,58,Passing
5590,233,Life Science,15,2,61,Passing
5591,233,Life Science,15,3,60,Passing
5592,233,Life Science,15,4,53,Passing
5593,234,English,4,1,50,Passing
5594,234,English,4,2,59,Passing
5595,234,English,4,3,61,Passing
5596,234,English,4,4,48,At Risk
5597,234,Afrikaans,8,1,67,Passing
5598,234,Afrikaans,8,2,65,Passing
5599,234,Afrikaans,8,3,67,Passing
5600,234,Afrikaans,8,4,70,Strong
5601,234,Mathematics,1,1,74,Strong
5602,234,Mathematics,1,2,64,Passing
5603,234,Mathematics,1,3,68,Passing
5604,234,Mathematics,1,4,65,Passing
5605,234,Geography,21,1,85,Strong
5606,234,Geography,21,2,79,Strong
5607,234,Geography,21,3,77,Strong
5608,234,Geography,21,4,71,Strong
5609,234,Accounting,25,1,57,Passing
5610,234,Accounting,25,2,45,At Risk
5611,234,Accounting,25,3,55,Passing
5612,234,Accounting,25,4,50,Passing
5613,234,Life Science,13,1,81,Strong
5614,234,Life Science,13,2,86,Strong
5615,234,Life Science,13,3,85,Strong
5616,234,Life Science,13,4,85,Strong
5617,235,English,5,1,76,Strong
5618,235,English,5,2,77,Strong
5619,235,English,5,3,84,Strong
5620,235,English,5,4,89,Strong
5621,235,Afrikaans,8,1,68,Passing
5622,235,Afrikaans,8,2,71,Strong
5623,235,Afrikaans,8,3,64,Passing
5624,235,Afrikaans,8,4,72,Strong
5625,235,Mathematics,2,1,52,Passing
5626,235,Mathematics,2,2,60,Passing
5627,235,Mathematics,2,3,61,Passing
5628,235,Mathematics,2,4,59,Passing
5629,235,Geography,21,1,53,Passing
5630,235,Geography,21,2,62,Passing
5631,235,Geography,21,3,51,Passing
5632,235,Geography,21,4,57,Passing
5633,235,History,18,1,58,Passing
5634,235,History,18,2,59,Passing
5635,235,History,18,3,52,Passing
5636,235,History,18,4,56,Passing
5637,235,Accounting,25,1,78,Strong
5638,235,Accounting,25,2,68,Passing
5639,235,Accounting,25,3,76,Strong
5640,235,Accounting,25,4,67,Passing
5641,236,English,5,1,61,Passing
5642,236,English,5,2,55,Passing
5643,236,English,5,3,58,Passing
5644,236,English,5,4,59,Passing
5645,236,Afrikaans,9,1,55,Passing
5646,236,Afrikaans,9,2,53,Passing
5647,236,Afrikaans,9,3,63,Passing
5648,236,Afrikaans,9,4,48,At Risk
5649,236,Mathematics,3,1,61,Passing
5650,236,Mathematics,3,2,63,Passing
5651,236,Mathematics,3,3,75,Strong
5652,236,Mathematics,3,4,73,Strong
5653,236,Geography,20,1,72,Strong
5654,236,Geography,20,2,66,Passing
5655,236,Geography,20,3,72,Strong
5656,236,Geography,20,4,61,Passing
5657,236,Accounting,26,1,42,At Risk
5658,236,Accounting,26,2,37,High Risk
5659,236,Accounting,26,3,38,High Risk
5660,236,Accounting,26,4,44,At Risk
5661,236,Physical Science,12,1,74,Strong
5662,236,Physical Science,12,2,73,Strong
5663,236,Physical Science,12,3,61,Passing
5664,236,Physical Science,12,4,61,Passing
5665,237,English,6,1,81,Strong
5666,237,English,6,2,88,Strong
5667,237,English,6,3,78,Strong
5668,237,English,6,4,89,Strong
5669,237,Afrikaans,9,1,59,Passing
5670,237,Afrikaans,9,2,59,Passing
5671,237,Afrikaans,9,3,54,Passing
5672,237,Afrikaans,9,4,57,Passing
5673,237,Mathematics,1,1,52,Passing
5674,237,Mathematics,1,2,46,At Risk
5675,237,Mathematics,1,3,55,Passing
5676,237,Mathematics,1,4,48,At Risk
5677,237,History,16,1,44,At Risk
5678,237,History,16,2,52,Passing
5679,237,History,16,3,48,At Risk
5680,237,History,16,4,58,Passing
5681,237,Geography,21,1,66,Passing
5682,237,Geography,21,2,67,Passing
5683,237,Geography,21,3,62,Passing
5684,237,Geography,21,4,67,Passing
5685,237,Accounting,26,1,63,Passing
5686,237,Accounting,26,2,78,Strong
5687,237,Accounting,26,3,65,Passing
5688,237,Accounting,26,4,74,Strong
5689,238,English,5,1,72,Strong
5690,238,English,5,2,59,Passing
5691,238,English,5,3,58,Passing
5692,238,English,5,4,59,Passing
5693,238,Afrikaans,9,1,67,Passing
5694,238,Afrikaans,9,2,68,Passing
5695,238,Afrikaans,9,3,72,Strong
5696,238,Afrikaans,9,4,68,Passing
5697,238,Mathematics,2,1,46,At Risk
5698,238,Mathematics,2,2,44,At Risk
5699,238,Mathematics,2,3,57,Passing
5700,238,Mathematics,2,4,44,At Risk
5701,238,Accounting,27,1,44,At Risk
5702,238,Accounting,27,2,40,At Risk
5703,238,Accounting,27,3,36,High Risk
5704,238,Accounting,27,4,41,At Risk
5705,238,History,17,1,51,Passing
5706,238,History,17,2,51,Passing
5707,238,History,17,3,47,At Risk
5708,238,History,17,4,59,Passing
5709,238,Information Technology,22,1,70,Strong
5710,238,Information Technology,22,2,77,Strong
5711,238,Information Technology,22,3,77,Strong
5712,238,Information Technology,22,4,73,Strong
5713,239,English,6,1,84,Strong
5714,239,English,6,2,90,Strong
5715,239,English,6,3,91,Strong
5716,239,English,6,4,81,Strong
5717,239,Afrikaans,7,1,57,Passing
5718,239,Afrikaans,7,2,54,Passing
5719,239,Afrikaans,7,3,62,Passing
5720,239,Afrikaans,7,4,61,Passing
5721,239,Mathematics,2,1,43,At Risk
5722,239,Mathematics,2,2,55,Passing
5723,239,Mathematics,2,3,53,Passing
5724,239,Mathematics,2,4,43,At Risk
5725,239,Life Science,15,1,68,Passing
5726,239,Life Science,15,2,76,Strong
5727,239,Life Science,15,3,69,Passing
5728,239,Life Science,15,4,64,Passing
5729,239,Geography,19,1,67,Passing
5730,239,Geography,19,2,57,Passing
5731,239,Geography,19,3,58,Passing
5732,239,Geography,19,4,62,Passing
5733,239,Physical Science,10,1,65,Passing
5734,239,Physical Science,10,2,71,Strong
5735,239,Physical Science,10,3,59,Passing
5736,239,Physical Science,10,4,61,Passing
5737,240,English,5,1,58,Passing
5738,240,English,5,2,65,Passing
5739,240,English,5,3,67,Passing
5740,240,English,5,4,59,Passing
5741,240,Afrikaans,8,1,63,Passing
5742,240,Afrikaans,8,2,68,Passing
5743,240,Afrikaans,8,3,73,Strong
5744,240,Afrikaans,8,4,60,Passing
5745,240,Mathematics,1,1,53,Passing
5746,240,Mathematics,1,2,67,Passing
5747,240,Mathematics,1,3,65,Passing
5748,240,Mathematics,1,4,69,Passing
5749,240,Physical Science,11,1,77,Strong
5750,240,Physical Science,11,2,86,Strong
5751,240,Physical Science,11,3,70,Strong
5752,240,Physical Science,11,4,77,Strong
5753,240,Accounting,25,1,38,High Risk
5754,240,Accounting,25,2,44,At Risk
5755,240,Accounting,25,3,42,At Risk
5756,240,Accounting,25,4,48,At Risk
5757,240,Information Technology,22,1,52,Passing
5758,240,Information Technology,22,2,51,Passing
5759,240,Information Technology,22,3,54,Passing
5760,240,Information Technology,22,4,61,Passing
5761,241,English,5,1,79,Strong
5762,241,English,5,2,76,Strong
5763,241,English,5,3,74,Strong
5764,241,English,5,4,82,Strong
5765,241,Afrikaans,7,1,51,Passing
5766,241,Afrikaans,7,2,57,Passing
5767,241,Afrikaans,7,3,64,Passing
5768,241,Afrikaans,7,4,60,Passing
5769,241,Mathematics,3,1,48,At Risk
5770,241,Mathematics,3,2,50,Passing
5771,241,Mathematics,3,3,41,At Risk
5772,241,Mathematics,3,4,56,Passing
5773,241,Geography,20,1,74,Strong
5774,241,Geography,20,2,65,Passing
5775,241,Geography,20,3,72,Strong
5776,241,Geography,20,4,75,Strong
5777,241,Physical Science,12,1,58,Passing
5778,241,Physical Science,12,2,57,Passing
5779,241,Physical Science,12,3,52,Passing
5780,241,Physical Science,12,4,58,Passing
5781,241,History,17,1,66,Passing
5782,241,History,17,2,70,Strong
5783,241,History,17,3,64,Passing
5784,241,History,17,4,59,Passing
5785,242,English,4,1,67,Passing
5786,242,English,4,2,69,Passing
5787,242,English,4,3,82,Strong
5788,242,English,4,4,69,Passing
5789,242,Afrikaans,9,1,50,Passing
5790,242,Afrikaans,9,2,53,Passing
5791,242,Afrikaans,9,3,55,Passing
5792,242,Afrikaans,9,4,53,Passing
5793,242,Mathematics,2,1,42,At Risk
5794,242,Mathematics,2,2,43,At Risk
5795,242,Mathematics,2,3,44,At Risk
5796,242,Mathematics,2,4,53,Passing
5797,242,Life Science,15,1,56,Passing
5798,242,Life Science,15,2,57,Passing
5799,242,Life Science,15,3,52,Passing
5800,242,Life Science,15,4,48,At Risk
5801,242,Information Technology,23,1,54,Passing
5802,242,Information Technology,23,2,60,Passing
5803,242,Information Technology,23,3,52,Passing
5804,242,Information Technology,23,4,54,Passing
5805,242,Physical Science,11,1,58,Passing
5806,242,Physical Science,11,2,63,Passing
5807,242,Physical Science,11,3,55,Passing
5808,242,Physical Science,11,4,57,Passing
5809,243,English,4,1,71,Strong
5810,243,English,4,2,80,Strong
5811,243,English,4,3,81,Strong
5812,243,English,4,4,81,Strong
5813,243,Afrikaans,9,1,62,Passing
5814,243,Afrikaans,9,2,61,Passing
5815,243,Afrikaans,9,3,60,Passing
5816,243,Afrikaans,9,4,63,Passing
5817,243,Mathematics,1,1,84,Strong
5818,243,Mathematics,1,2,75,Strong
5819,243,Mathematics,1,3,86,Strong
5820,243,Mathematics,1,4,71,Strong
5821,243,Information Technology,24,1,72,Strong
5822,243,Information Technology,24,2,61,Passing
5823,243,Information Technology,24,3,68,Passing
5824,243,Information Technology,24,4,63,Passing
5825,243,Accounting,27,1,74,Strong
5826,243,Accounting,27,2,77,Strong
5827,243,Accounting,27,3,81,Strong
5828,243,Accounting,27,4,83,Strong
5829,243,History,18,1,73,Strong
5830,243,History,18,2,68,Passing
5831,243,History,18,3,71,Strong
5832,243,History,18,4,74,Strong
5833,244,English,4,1,53,Passing
5834,244,English,4,2,47,At Risk
5835,244,English,4,3,58,Passing
5836,244,English,4,4,49,At Risk
5837,244,Afrikaans,7,1,52,Passing
5838,244,Afrikaans,7,2,46,At Risk
5839,244,Afrikaans,7,3,46,At Risk
5840,244,Afrikaans,7,4,62,Passing
5841,244,Mathematics,3,1,70,Strong
5842,244,Mathematics,3,2,67,Passing
5843,244,Mathematics,3,3,68,Passing
5844,244,Mathematics,3,4,67,Passing
5845,244,Accounting,27,1,69,Passing
5846,244,Accounting,27,2,72,Strong
5847,244,Accounting,27,3,66,Passing
5848,244,Accounting,27,4,59,Passing
5849,244,Physical Science,12,1,57,Passing
5850,244,Physical Science,12,2,59,Passing
5851,244,Physical Science,12,3,68,Passing
5852,244,Physical Science,12,4,61,Passing
5853,244,Geography,21,1,64,Passing
5854,244,Geography,21,2,59,Passing
5855,244,Geography,21,3,62,Passing
5856,244,Geography,21,4,67,Passing
5857,245,English,5,1,81,Strong
5858,245,English,5,2,71,Strong
5859,245,English,5,3,82,Strong
5860,245,English,5,4,83,Strong
5861,245,Afrikaans,9,1,59,Passing
5862,245,Afrikaans,9,2,67,Passing
5863,245,Afrikaans,9,3,53,Passing
5864,245,Afrikaans,9,4,63,Passing
5865,245,Mathematics,3,1,72,Strong
5866,245,Mathematics,3,2,76,Strong
5867,245,Mathematics,3,3,80,Strong
5868,245,Mathematics,3,4,86,Strong
5869,245,History,17,1,57,Passing
5870,245,History,17,2,56,Passing
5871,245,History,17,3,54,Passing
5872,245,History,17,4,49,At Risk
5873,245,Geography,20,1,48,At Risk
5874,245,Geography,20,2,58,Passing
5875,245,Geography,20,3,58,Passing
5876,245,Geography,20,4,48,At Risk
5877,245,Physical Science,11,1,69,Passing
5878,245,Physical Science,11,2,76,Strong
5879,245,Physical Science,11,3,68,Passing
5880,245,Physical Science,11,4,76,Strong
5881,246,English,4,1,64,Passing
5882,246,English,4,2,71,Strong
5883,246,English,4,3,67,Passing
5884,246,English,4,4,64,Passing
5885,246,Afrikaans,9,1,65,Passing
5886,246,Afrikaans,9,2,66,Passing
5887,246,Afrikaans,9,3,74,Strong
5888,246,Afrikaans,9,4,67,Passing
5889,246,Mathematics,1,1,55,Passing
5890,246,Mathematics,1,2,61,Passing
5891,246,Mathematics,1,3,58,Passing
5892,246,Mathematics,1,4,49,At Risk
5893,246,History,18,1,65,Passing
5894,246,History,18,2,50,Passing
5895,246,History,18,3,53,Passing
5896,246,History,18,4,52,Passing
5897,246,Information Technology,22,1,77,Strong
5898,246,Information Technology,22,2,74,Strong
5899,246,Information Technology,22,3,70,Strong
5900,246,Information Technology,22,4,74,Strong
5901,246,Accounting,25,1,49,At Risk
5902,246,Accounting,25,2,55,Passing
5903,246,Accounting,25,3,49,At Risk
5904,246,Accounting,25,4,48,At Risk
5905,247,English,5,1,66,Passing
5906,247,English,5,2,56,Passing
5907,247,English,5,3,67,Passing
5908,247,English,5,4,54,Passing
5909,247,Afrikaans,7,1,71,Strong
5910,247,Afrikaans,7,2,70,Strong
5911,247,Afrikaans,7,3,71,Strong
5912,247,Afrikaans,7,4,66,Passing
5913,247,Mathematics,3,1,49,At Risk
5914,247,Mathematics,3,2,51,Passing
5915,247,Mathematics,3,3,56,Passing
5916,247,Mathematics,3,4,57,Passing
5917,247,History,17,1,83,Strong
5918,247,History,17,2,85,Strong
5919,247,History,17,3,82,Strong
5920,247,History,17,4,89,Strong
5921,247,Physical Science,10,1,47,At Risk
5922,247,Physical Science,10,2,38,High Risk
5923,247,Physical Science,10,3,43,At Risk
5924,247,Physical Science,10,4,37,High Risk
5925,247,Life Science,14,1,59,Passing
5926,247,Life Science,14,2,66,Passing
5927,247,Life Science,14,3,74,Strong
5928,247,Life Science,14,4,74,Strong
5929,248,English,6,1,45,At Risk
5930,248,English,6,2,46,At Risk
5931,248,English,6,3,53,Passing
5932,248,English,6,4,45,At Risk
5933,248,Afrikaans,7,1,75,Strong
5934,248,Afrikaans,7,2,77,Strong
5935,248,Afrikaans,7,3,80,Strong
5936,248,Afrikaans,7,4,90,Strong
5937,248,Mathematics,1,1,44,At Risk
5938,248,Mathematics,1,2,48,At Risk
5939,248,Mathematics,1,3,40,At Risk
5940,248,Mathematics,1,4,47,At Risk
5941,248,Life Science,15,1,78,Strong
5942,248,Life Science,15,2,81,Strong
5943,248,Life Science,15,3,78,Strong
5944,248,Life Science,15,4,79,Strong
5945,248,Geography,19,1,70,Strong
5946,248,Geography,19,2,67,Passing
5947,248,Geography,19,3,71,Strong
5948,248,Geography,19,4,72,Strong
5949,248,Accounting,26,1,59,Passing
5950,248,Accounting,26,2,69,Passing
5951,248,Accounting,26,3,68,Passing
5952,248,Accounting,26,4,61,Passing
5953,249,English,4,1,53,Passing
5954,249,English,4,2,51,Passing
5955,249,English,4,3,43,At Risk
5956,249,English,4,4,39,High Risk
5957,249,Afrikaans,8,1,78,Strong
5958,249,Afrikaans,8,2,91,Strong
5959,249,Afrikaans,8,3,83,Strong
5960,249,Afrikaans,8,4,82,Strong
5961,249,Mathematics,2,1,69,Passing
5962,249,Mathematics,2,2,70,Strong
5963,249,Mathematics,2,3,71,Strong
5964,249,Mathematics,2,4,68,Passing
5965,249,Physical Science,10,1,42,At Risk
5966,249,Physical Science,10,2,52,Passing
5967,249,Physical Science,10,3,42,At Risk
5968,249,Physical Science,10,4,53,Passing
5969,249,History,16,1,52,Passing
5970,249,History,16,2,56,Passing
5971,249,History,16,3,49,At Risk
5972,249,History,16,4,57,Passing
5973,249,Information Technology,24,1,62,Passing
5974,249,Information Technology,24,2,71,Strong
5975,249,Information Technology,24,3,73,Strong
5976,249,Information Technology,24,4,75,Strong
5977,250,English,5,1,57,Passing
5978,250,English,5,2,54,Passing
5979,250,English,5,3,51,Passing
5980,250,English,5,4,49,At Risk
5981,250,Afrikaans,7,1,86,Strong
5982,250,Afrikaans,7,2,71,Strong
5983,250,Afrikaans,7,3,74,Strong
5984,250,Afrikaans,7,4,85,Strong
5985,250,Mathematics,3,1,46,At Risk
5986,250,Mathematics,3,2,51,Passing
5987,250,Mathematics,3,3,42,At Risk
5988,250,Mathematics,3,4,51,Passing
5989,250,Physical Science,10,1,52,Passing
5990,250,Physical Science,10,2,44,At Risk
5991,250,Physical Science,10,3,44,At Risk
5992,250,Physical Science,10,4,43,At Risk
5993,250,History,16,1,52,Passing
5994,250,History,16,2,53,Passing
5995,250,History,16,3,63,Passing
5996,250,History,16,4,50,Passing
5997,250,Life Science,14,1,58,Passing
5998,250,Life Science,14,2,60,Passing
5999,250,Life Science,14,3,56,Passing
6000,250,Life Science,14,4,55,Passing
6001,251,English,6,1,70,Strong
6002,251,English,6,2,58,Passing
6003,251,English,6,3,59,Passing
6004,251,English,6,4,70,Strong
6005,251,Afrikaans,7,1,52,Passing
6006,251,Afrikaans,7,2,49,At Risk
6007,251,Afrikaans,7,3,44,At Risk
6008,251,Afrikaans,7,4,52,Passing
6009,251,Mathematics,3,1,68,Passing
6010,251,Mathematics,3,2,69,Passing
6011,251,Mathematics,3,3,63,Passing
6012,251,Mathematics,3,4,63,Passing
6013,251,Geography,19,1,58,Passing
6014,251,Geography,19,2,64,Passing
6015,251,Geography,19,3,57,Passing
6016,251,Geography,19,4,58,Passing
6017,251,Information Technology,24,1,50,Passing
6018,251,Information Technology,24,2,46,At Risk
6019,251,Information Technology,24,3,43,At Risk
6020,251,Information Technology,24,4,51,Passing
6021,251,Physical Science,11,1,48,At Risk
6022,251,Physical Science,11,2,50,Passing
6023,251,Physical Science,11,3,38,High Risk
6024,251,Physical Science,11,4,47,At Risk
6025,252,English,4,1,48,At Risk
6026,252,English,4,2,54,Passing
6027,252,English,4,3,55,Passing
6028,252,English,4,4,52,Passing
6029,252,Afrikaans,8,1,64,Passing
6030,252,Afrikaans,8,2,76,Strong
6031,252,Afrikaans,8,3,67,Passing
6032,252,Afrikaans,8,4,63,Passing
6033,252,Mathematics,2,1,57,Passing
6034,252,Mathematics,2,2,71,Strong
6035,252,Mathematics,2,3,67,Passing
6036,252,Mathematics,2,4,61,Passing
6037,252,Information Technology,23,1,60,Passing
6038,252,Information Technology,23,2,68,Passing
6039,252,Information Technology,23,3,67,Passing
6040,252,Information Technology,23,4,57,Passing
6041,252,History,16,1,87,Strong
6042,252,History,16,2,82,Strong
6043,252,History,16,3,79,Strong
6044,252,History,16,4,88,Strong
6045,252,Physical Science,12,1,65,Passing
6046,252,Physical Science,12,2,52,Passing
6047,252,Physical Science,12,3,57,Passing
6048,252,Physical Science,12,4,64,Passing
6049,253,English,5,1,85,Strong
6050,253,English,5,2,94,Strong
6051,253,English,5,3,88,Strong
6052,253,English,5,4,91,Strong
6053,253,Afrikaans,8,1,50,Passing
6054,253,Afrikaans,8,2,44,At Risk
6055,253,Afrikaans,8,3,46,At Risk
6056,253,Afrikaans,8,4,47,At Risk
6057,253,Mathematics,3,1,40,At Risk
6058,253,Mathematics,3,2,50,Passing
6059,253,Mathematics,3,3,47,At Risk
6060,253,Mathematics,3,4,44,At Risk
6061,253,Life Science,15,1,48,At Risk
6062,253,Life Science,15,2,60,Passing
6063,253,Life Science,15,3,58,Passing
6064,253,Life Science,15,4,61,Passing
6065,253,History,17,1,81,Strong
6066,253,History,17,2,82,Strong
6067,253,History,17,3,82,Strong
6068,253,History,17,4,72,Strong
6069,253,Information Technology,23,1,77,Strong
6070,253,Information Technology,23,2,77,Strong
6071,253,Information Technology,23,3,74,Strong
6072,253,Information Technology,23,4,80,Strong
6073,254,English,6,1,49,At Risk
6074,254,English,6,2,55,Passing
6075,254,English,6,3,46,At Risk
6076,254,English,6,4,54,Passing
6077,254,Afrikaans,8,1,71,Strong
6078,254,Afrikaans,8,2,70,Strong
6079,254,Afrikaans,8,3,80,Strong
6080,254,Afrikaans,8,4,81,Strong
6081,254,Mathematics,1,1,54,Passing
6082,254,Mathematics,1,2,56,Passing
6083,254,Mathematics,1,3,56,Passing
6084,254,Mathematics,1,4,56,Passing
6085,254,History,17,1,51,Passing
6086,254,History,17,2,43,At Risk
6087,254,History,17,3,44,At Risk
6088,254,History,17,4,52,Passing
6089,254,Accounting,25,1,66,Passing
6090,254,Accounting,25,2,62,Passing
6091,254,Accounting,25,3,64,Passing
6092,254,Accounting,25,4,72,Strong
6093,254,Physical Science,11,1,65,Passing
6094,254,Physical Science,11,2,61,Passing
6095,254,Physical Science,11,3,63,Passing
6096,254,Physical Science,11,4,76,Strong
6097,255,English,4,1,73,Strong
6098,255,English,4,2,64,Passing
6099,255,English,4,3,72,Strong
6100,255,English,4,4,67,Passing
6101,255,Afrikaans,8,1,42,At Risk
6102,255,Afrikaans,8,2,46,At Risk
6103,255,Afrikaans,8,3,51,Passing
6104,255,Afrikaans,8,4,54,Passing
6105,255,Mathematics,2,1,56,Passing
6106,255,Mathematics,2,2,63,Passing
6107,255,Mathematics,2,3,53,Passing
6108,255,Mathematics,2,4,65,Passing
6109,255,Life Science,15,1,70,Strong
6110,255,Life Science,15,2,76,Strong
6111,255,Life Science,15,3,73,Strong
6112,255,Life Science,15,4,62,Passing
6113,255,Accounting,25,1,44,At Risk
6114,255,Accounting,25,2,43,At Risk
6115,255,Accounting,25,3,44,At Risk
6116,255,Accounting,25,4,56,Passing
6117,255,Geography,19,1,78,Strong
6118,255,Geography,19,2,71,Strong
6119,255,Geography,19,3,86,Strong
6120,255,Geography,19,4,79,Strong
6121,256,English,5,1,50,Passing
6122,256,English,5,2,57,Passing
6123,256,English,5,3,60,Passing
6124,256,English,5,4,58,Passing
6125,256,Afrikaans,8,1,60,Passing
6126,256,Afrikaans,8,2,59,Passing
6127,256,Afrikaans,8,3,66,Passing
6128,256,Afrikaans,8,4,58,Passing
6129,256,Mathematics,1,1,71,Strong
6130,256,Mathematics,1,2,78,Strong
6131,256,Mathematics,1,3,66,Passing
6132,256,Mathematics,1,4,78,Strong
6133,256,Physical Science,12,1,81,Strong
6134,256,Physical Science,12,2,80,Strong
6135,256,Physical Science,12,3,67,Passing
6136,256,Physical Science,12,4,81,Strong
6137,256,Life Science,15,1,78,Strong
6138,256,Life Science,15,2,81,Strong
6139,256,Life Science,15,3,78,Strong
6140,256,Life Science,15,4,80,Strong
6141,256,Accounting,26,1,77,Strong
6142,256,Accounting,26,2,72,Strong
6143,256,Accounting,26,3,86,Strong
6144,256,Accounting,26,4,82,Strong
6145,257,English,5,1,47,At Risk
6146,257,English,5,2,50,Passing
6147,257,English,5,3,52,Passing
6148,257,English,5,4,51,Passing
6149,257,Afrikaans,8,1,50,Passing
6150,257,Afrikaans,8,2,43,At Risk
6151,257,Afrikaans,8,3,44,At Risk
6152,257,Afrikaans,8,4,45,At Risk
6153,257,Mathematics,3,1,73,Strong
6154,257,Mathematics,3,2,75,Strong
6155,257,Mathematics,3,3,69,Passing
6156,257,Mathematics,3,4,77,Strong
6157,257,Physical Science,12,1,37,High Risk
6158,257,Physical Science,12,2,39,High Risk
6159,257,Physical Science,12,3,31,High Risk
6160,257,Physical Science,12,4,46,At Risk
6161,257,Information Technology,24,1,67,Passing
6162,257,Information Technology,24,2,57,Passing
6163,257,Information Technology,24,3,68,Passing
6164,257,Information Technology,24,4,63,Passing
6165,257,Life Science,14,1,82,Strong
6166,257,Life Science,14,2,87,Strong
6167,257,Life Science,14,3,77,Strong
6168,257,Life Science,14,4,74,Strong
6169,258,English,6,1,48,At Risk
6170,258,English,6,2,42,At Risk
6171,258,English,6,3,47,At Risk
6172,258,English,6,4,45,At Risk
6173,258,Afrikaans,8,1,62,Passing
6174,258,Afrikaans,8,2,60,Passing
6175,258,Afrikaans,8,3,62,Passing
6176,258,Afrikaans,8,4,67,Passing
6177,258,Mathematics,2,1,53,Passing
6178,258,Mathematics,2,2,62,Passing
6179,258,Mathematics,2,3,51,Passing
6180,258,Mathematics,2,4,57,Passing
6181,258,Geography,20,1,67,Passing
6182,258,Geography,20,2,60,Passing
6183,258,Geography,20,3,67,Passing
6184,258,Geography,20,4,69,Passing
6185,258,Accounting,26,1,47,At Risk
6186,258,Accounting,26,2,52,Passing
6187,258,Accounting,26,3,43,At Risk
6188,258,Accounting,26,4,45,At Risk
6189,258,Information Technology,23,1,47,At Risk
6190,258,Information Technology,23,2,45,At Risk
6191,258,Information Technology,23,3,50,Passing
6192,258,Information Technology,23,4,55,Passing
6193,259,English,6,1,82,Strong
6194,259,English,6,2,90,Strong
6195,259,English,6,3,81,Strong
6196,259,English,6,4,87,Strong
6197,259,Afrikaans,8,1,76,Strong
6198,259,Afrikaans,8,2,64,Passing
6199,259,Afrikaans,8,3,71,Strong
6200,259,Afrikaans,8,4,66,Passing
6201,259,Mathematics,1,1,52,Passing
6202,259,Mathematics,1,2,52,Passing
6203,259,Mathematics,1,3,62,Passing
6204,259,Mathematics,1,4,51,Passing
6205,259,History,16,1,63,Passing
6206,259,History,16,2,72,Strong
6207,259,History,16,3,71,Strong
6208,259,History,16,4,69,Passing
6209,259,Life Science,13,1,54,Passing
6210,259,Life Science,13,2,55,Passing
6211,259,Life Science,13,3,47,At Risk
6212,259,Life Science,13,4,50,Passing
6213,259,Accounting,25,1,65,Passing
6214,259,Accounting,25,2,70,Strong
6215,259,Accounting,25,3,61,Passing
6216,259,Accounting,25,4,61,Passing
6217,260,English,5,1,66,Passing
6218,260,English,5,2,59,Passing
6219,260,English,5,3,65,Passing
6220,260,English,5,4,53,Passing
6221,260,Afrikaans,7,1,81,Strong
6222,260,Afrikaans,7,2,79,Strong
6223,260,Afrikaans,7,3,78,Strong
6224,260,Afrikaans,7,4,73,Strong
6225,260,Mathematics,2,1,40,At Risk
6226,260,Mathematics,2,2,45,At Risk
6227,260,Mathematics,2,3,47,At Risk
6228,260,Mathematics,2,4,40,At Risk
6229,260,History,16,1,74,Strong
6230,260,History,16,2,77,Strong
6231,260,History,16,3,66,Passing
6232,260,History,16,4,70,Strong
6233,260,Accounting,27,1,50,Passing
6234,260,Accounting,27,2,38,High Risk
6235,260,Accounting,27,3,38,High Risk
6236,260,Accounting,27,4,38,High Risk
6237,260,Physical Science,12,1,62,Passing
6238,260,Physical Science,12,2,55,Passing
6239,260,Physical Science,12,3,65,Passing
6240,260,Physical Science,12,4,61,Passing
6241,261,English,6,1,90,Strong
6242,261,English,6,2,91,Strong
6243,261,English,6,3,82,Strong
6244,261,English,6,4,91,Strong
6245,261,Afrikaans,8,1,73,Strong
6246,261,Afrikaans,8,2,75,Strong
6247,261,Afrikaans,8,3,68,Passing
6248,261,Afrikaans,8,4,67,Passing
6249,261,Mathematics,3,1,75,Strong
6250,261,Mathematics,3,2,66,Passing
6251,261,Mathematics,3,3,68,Passing
6252,261,Mathematics,3,4,61,Passing
6253,261,Physical Science,10,1,62,Passing
6254,261,Physical Science,10,2,59,Passing
6255,261,Physical Science,10,3,51,Passing
6256,261,Physical Science,10,4,51,Passing
6257,261,Life Science,15,1,49,At Risk
6258,261,Life Science,15,2,44,At Risk
6259,261,Life Science,15,3,47,At Risk
6260,261,Life Science,15,4,43,At Risk
6261,261,Information Technology,22,1,49,At Risk
6262,261,Information Technology,22,2,55,Passing
6263,261,Information Technology,22,3,40,At Risk
6264,261,Information Technology,22,4,53,Passing
6265,262,English,5,1,75,Strong
6266,262,English,5,2,86,Strong
6267,262,English,5,3,86,Strong
6268,262,English,5,4,87,Strong
6269,262,Afrikaans,7,1,74,Strong
6270,262,Afrikaans,7,2,83,Strong
6271,262,Afrikaans,7,3,71,Strong
6272,262,Afrikaans,7,4,77,Strong
6273,262,Mathematics,3,1,45,At Risk
6274,262,Mathematics,3,2,43,At Risk
6275,262,Mathematics,3,3,39,High Risk
6276,262,Mathematics,3,4,48,At Risk
6277,262,Information Technology,22,1,74,Strong
6278,262,Information Technology,22,2,87,Strong
6279,262,Information Technology,22,3,78,Strong
6280,262,Information Technology,22,4,89,Strong
6281,262,Physical Science,12,1,49,At Risk
6282,262,Physical Science,12,2,46,At Risk
6283,262,Physical Science,12,3,55,Passing
6284,262,Physical Science,12,4,48,At Risk
6285,262,Accounting,27,1,77,Strong
6286,262,Accounting,27,2,67,Passing
6287,262,Accounting,27,3,79,Strong
6288,262,Accounting,27,4,81,Strong
6289,263,English,5,1,68,Passing
6290,263,English,5,2,74,Strong
6291,263,English,5,3,66,Passing
6292,263,English,5,4,73,Strong
6293,263,Afrikaans,7,1,55,Passing
6294,263,Afrikaans,7,2,61,Passing
6295,263,Afrikaans,7,3,61,Passing
6296,263,Afrikaans,7,4,67,Passing
6297,263,Mathematics,3,1,58,Passing
6298,263,Mathematics,3,2,56,Passing
6299,263,Mathematics,3,3,50,Passing
6300,263,Mathematics,3,4,62,Passing
6301,263,History,17,1,62,Passing
6302,263,History,17,2,69,Passing
6303,263,History,17,3,54,Passing
6304,263,History,17,4,67,Passing
6305,263,Geography,19,1,93,Strong
6306,263,Geography,19,2,79,Strong
6307,263,Geography,19,3,89,Strong
6308,263,Geography,19,4,78,Strong
6309,263,Information Technology,23,1,88,Strong
6310,263,Information Technology,23,2,84,Strong
6311,263,Information Technology,23,3,83,Strong
6312,263,Information Technology,23,4,85,Strong
6313,264,English,6,1,45,At Risk
6314,264,English,6,2,56,Passing
6315,264,English,6,3,50,Passing
6316,264,English,6,4,57,Passing
6317,264,Afrikaans,7,1,59,Passing
6318,264,Afrikaans,7,2,62,Passing
6319,264,Afrikaans,7,3,72,Strong
6320,264,Afrikaans,7,4,74,Strong
6321,264,Mathematics,3,1,46,At Risk
6322,264,Mathematics,3,2,60,Passing
6323,264,Mathematics,3,3,60,Passing
6324,264,Mathematics,3,4,48,At Risk
6325,264,Geography,20,1,68,Passing
6326,264,Geography,20,2,80,Strong
6327,264,Geography,20,3,65,Passing
6328,264,Geography,20,4,69,Passing
6329,264,Information Technology,23,1,58,Passing
6330,264,Information Technology,23,2,66,Passing
6331,264,Information Technology,23,3,63,Passing
6332,264,Information Technology,23,4,62,Passing
6333,264,Accounting,25,1,64,Passing
6334,264,Accounting,25,2,66,Passing
6335,264,Accounting,25,3,58,Passing
6336,264,Accounting,25,4,61,Passing
6337,265,English,6,1,59,Passing
6338,265,English,6,2,59,Passing
6339,265,English,6,3,50,Passing
6340,265,English,6,4,49,At Risk
6341,265,Afrikaans,8,1,72,Strong
6342,265,Afrikaans,8,2,59,Passing
6343,265,Afrikaans,8,3,70,Strong
6344,265,Afrikaans,8,4,65,Passing
6345,265,Mathematics,1,1,45,At Risk
6346,265,Mathematics,1,2,48,At Risk
6347,265,Mathematics,1,3,40,At Risk
6348,265,Mathematics,1,4,43,At Risk
6349,265,Geography,20,1,77,Strong
6350,265,Geography,20,2,74,Strong
6351,265,Geography,20,3,65,Passing
6352,265,Geography,20,4,69,Passing
6353,265,History,17,1,67,Passing
6354,265,History,17,2,60,Passing
6355,265,History,17,3,55,Passing
6356,265,History,17,4,65,Passing
6357,265,Life Science,14,1,84,Strong
6358,265,Life Science,14,2,73,Strong
6359,265,Life Science,14,3,79,Strong
6360,265,Life Science,14,4,81,Strong
6361,266,English,5,1,83,Strong
6362,266,English,5,2,75,Strong
6363,266,English,5,3,74,Strong
6364,266,English,5,4,74,Strong
6365,266,Afrikaans,9,1,42,At Risk
6366,266,Afrikaans,9,2,42,At Risk
6367,266,Afrikaans,9,3,49,At Risk
6368,266,Afrikaans,9,4,54,Passing
6369,266,Mathematics,2,1,39,High Risk
6370,266,Mathematics,2,2,33,High Risk
6371,266,Mathematics,2,3,42,At Risk
6372,266,Mathematics,2,4,45,At Risk
6373,266,Information Technology,24,1,73,Strong
6374,266,Information Technology,24,2,86,Strong
6375,266,Information Technology,24,3,88,Strong
6376,266,Information Technology,24,4,82,Strong
6377,266,Physical Science,12,1,63,Passing
6378,266,Physical Science,12,2,50,Passing
6379,266,Physical Science,12,3,61,Passing
6380,266,Physical Science,12,4,55,Passing
6381,266,History,17,1,83,Strong
6382,266,History,17,2,95,Strong
6383,266,History,17,3,84,Strong
6384,266,History,17,4,86,Strong
6385,267,English,5,1,59,Passing
6386,267,English,5,2,64,Passing
6387,267,English,5,3,63,Passing
6388,267,English,5,4,69,Passing
6389,267,Afrikaans,7,1,64,Passing
6390,267,Afrikaans,7,2,52,Passing
6391,267,Afrikaans,7,3,65,Passing
6392,267,Afrikaans,7,4,54,Passing
6393,267,Mathematics,3,1,48,At Risk
6394,267,Mathematics,3,2,51,Passing
6395,267,Mathematics,3,3,47,At Risk
6396,267,Mathematics,3,4,48,At Risk
6397,267,Geography,19,1,65,Passing
6398,267,Geography,19,2,72,Strong
6399,267,Geography,19,3,70,Strong
6400,267,Geography,19,4,68,Passing
6401,267,Physical Science,10,1,57,Passing
6402,267,Physical Science,10,2,63,Passing
6403,267,Physical Science,10,3,59,Passing
6404,267,Physical Science,10,4,58,Passing
6405,267,History,18,1,77,Strong
6406,267,History,18,2,80,Strong
6407,267,History,18,3,73,Strong
6408,267,History,18,4,71,Strong
6409,268,English,4,1,63,Passing
6410,268,English,4,2,66,Passing
6411,268,English,4,3,68,Passing
6412,268,English,4,4,54,Passing
6413,268,Afrikaans,9,1,82,Strong
6414,268,Afrikaans,9,2,70,Strong
6415,268,Afrikaans,9,3,78,Strong
6416,268,Afrikaans,9,4,72,Strong
6417,268,Mathematics,1,1,60,Passing
6418,268,Mathematics,1,2,57,Passing
6419,268,Mathematics,1,3,60,Passing
6420,268,Mathematics,1,4,62,Passing
6421,268,Accounting,27,1,59,Passing
6422,268,Accounting,27,2,50,Passing
6423,268,Accounting,27,3,54,Passing
6424,268,Accounting,27,4,50,Passing
6425,268,Information Technology,23,1,36,High Risk
6426,268,Information Technology,23,2,45,At Risk
6427,268,Information Technology,23,3,41,At Risk
6428,268,Information Technology,23,4,44,At Risk
6429,268,Geography,21,1,77,Strong
6430,268,Geography,21,2,72,Strong
6431,268,Geography,21,3,82,Strong
6432,268,Geography,21,4,74,Strong
6433,269,English,5,1,70,Strong
6434,269,English,5,2,66,Passing
6435,269,English,5,3,65,Passing
6436,269,English,5,4,64,Passing
6437,269,Afrikaans,8,1,47,At Risk
6438,269,Afrikaans,8,2,44,At Risk
6439,269,Afrikaans,8,3,48,At Risk
6440,269,Afrikaans,8,4,54,Passing
6441,269,Mathematics,2,1,66,Passing
6442,269,Mathematics,2,2,71,Strong
6443,269,Mathematics,2,3,66,Passing
6444,269,Mathematics,2,4,62,Passing
6445,269,Information Technology,23,1,58,Passing
6446,269,Information Technology,23,2,64,Passing
6447,269,Information Technology,23,3,54,Passing
6448,269,Information Technology,23,4,55,Passing
6449,269,History,17,1,51,Passing
6450,269,History,17,2,49,At Risk
6451,269,History,17,3,54,Passing
6452,269,History,17,4,54,Passing
6453,269,Physical Science,12,1,61,Passing
6454,269,Physical Science,12,2,60,Passing
6455,269,Physical Science,12,3,68,Passing
6456,269,Physical Science,12,4,67,Passing
6457,270,English,6,1,75,Strong
6458,270,English,6,2,73,Strong
6459,270,English,6,3,70,Strong
6460,270,English,6,4,73,Strong
6461,270,Afrikaans,8,1,62,Passing
6462,270,Afrikaans,8,2,57,Passing
6463,270,Afrikaans,8,3,60,Passing
6464,270,Afrikaans,8,4,60,Passing
6465,270,Mathematics,1,1,63,Passing
6466,270,Mathematics,1,2,73,Strong
6467,270,Mathematics,1,3,62,Passing
6468,270,Mathematics,1,4,75,Strong
6469,270,Life Science,15,1,80,Strong
6470,270,Life Science,15,2,80,Strong
6471,270,Life Science,15,3,64,Passing
6472,270,Life Science,15,4,69,Passing
6473,270,Geography,19,1,85,Strong
6474,270,Geography,19,2,81,Strong
6475,270,Geography,19,3,86,Strong
6476,270,Geography,19,4,78,Strong
6477,270,Physical Science,12,1,67,Passing
6478,270,Physical Science,12,2,72,Strong
6479,270,Physical Science,12,3,78,Strong
6480,270,Physical Science,12,4,81,Strong
6481,271,English,5,1,89,Strong
6482,271,English,5,2,75,Strong
6483,271,English,5,3,78,Strong
6484,271,English,5,4,87,Strong
6485,271,Afrikaans,7,1,81,Strong
6486,271,Afrikaans,7,2,81,Strong
6487,271,Afrikaans,7,3,81,Strong
6488,271,Afrikaans,7,4,77,Strong
6489,271,Mathematics,2,1,50,Passing
6490,271,Mathematics,2,2,45,At Risk
6491,271,Mathematics,2,3,50,Passing
6492,271,Mathematics,2,4,51,Passing
6493,271,Physical Science,12,1,67,Passing
6494,271,Physical Science,12,2,83,Strong
6495,271,Physical Science,12,3,81,Strong
6496,271,Physical Science,12,4,83,Strong
6497,271,Life Science,15,1,79,Strong
6498,271,Life Science,15,2,80,Strong
6499,271,Life Science,15,3,78,Strong
6500,271,Life Science,15,4,80,Strong
6501,271,History,18,1,60,Passing
6502,271,History,18,2,62,Passing
6503,271,History,18,3,64,Passing
6504,271,History,18,4,58,Passing
6505,272,English,6,1,80,Strong
6506,272,English,6,2,82,Strong
6507,272,English,6,3,74,Strong
6508,272,English,6,4,77,Strong
6509,272,Afrikaans,8,1,58,Passing
6510,272,Afrikaans,8,2,62,Passing
6511,272,Afrikaans,8,3,55,Passing
6512,272,Afrikaans,8,4,61,Passing
6513,272,Mathematics,2,1,48,At Risk
6514,272,Mathematics,2,2,45,At Risk
6515,272,Mathematics,2,3,56,Passing
6516,272,Mathematics,2,4,56,Passing
6517,272,Life Science,13,1,60,Passing
6518,272,Life Science,13,2,66,Passing
6519,272,Life Science,13,3,62,Passing
6520,272,Life Science,13,4,71,Strong
6521,272,Accounting,26,1,82,Strong
6522,272,Accounting,26,2,83,Strong
6523,272,Accounting,26,3,74,Strong
6524,272,Accounting,26,4,73,Strong
6525,272,History,16,1,69,Passing
6526,272,History,16,2,70,Strong
6527,272,History,16,3,67,Passing
6528,272,History,16,4,70,Strong
6529,273,English,6,1,43,At Risk
6530,273,English,6,2,52,Passing
6531,273,English,6,3,48,At Risk
6532,273,English,6,4,46,At Risk
6533,273,Afrikaans,7,1,72,Strong
6534,273,Afrikaans,7,2,75,Strong
6535,273,Afrikaans,7,3,73,Strong
6536,273,Afrikaans,7,4,71,Strong
6537,273,Mathematics,2,1,81,Strong
6538,273,Mathematics,2,2,73,Strong
6539,273,Mathematics,2,3,83,Strong
6540,273,Mathematics,2,4,76,Strong
6541,273,History,18,1,78,Strong
6542,273,History,18,2,71,Strong
6543,273,History,18,3,82,Strong
6544,273,History,18,4,69,Passing
6545,273,Accounting,27,1,70,Strong
6546,273,Accounting,27,2,79,Strong
6547,273,Accounting,27,3,70,Strong
6548,273,Accounting,27,4,70,Strong
6549,273,Physical Science,10,1,57,Passing
6550,273,Physical Science,10,2,47,At Risk
6551,273,Physical Science,10,3,51,Passing
6552,273,Physical Science,10,4,42,At Risk
6553,274,English,4,1,63,Passing
6554,274,English,4,2,63,Passing
6555,274,English,4,3,70,Strong
6556,274,English,4,4,64,Passing
6557,274,Afrikaans,7,1,45,At Risk
6558,274,Afrikaans,7,2,43,At Risk
6559,274,Afrikaans,7,3,54,Passing
6560,274,Afrikaans,7,4,48,At Risk
6561,274,Mathematics,1,1,73,Strong
6562,274,Mathematics,1,2,64,Passing
6563,274,Mathematics,1,3,77,Strong
6564,274,Mathematics,1,4,65,Passing
6565,274,Physical Science,11,1,33,High Risk
6566,274,Physical Science,11,2,42,At Risk
6567,274,Physical Science,11,3,42,At Risk
6568,274,Physical Science,11,4,30,High Risk
6569,274,Geography,21,1,46,At Risk
6570,274,Geography,21,2,47,At Risk
6571,274,Geography,21,3,50,Passing
6572,274,Geography,21,4,53,Passing
6573,274,Information Technology,23,1,48,At Risk
6574,274,Information Technology,23,2,44,At Risk
6575,274,Information Technology,23,3,40,At Risk
6576,274,Information Technology,23,4,40,At Risk
6577,275,English,6,1,55,Passing
6578,275,English,6,2,47,At Risk
6579,275,English,6,3,51,Passing
6580,275,English,6,4,49,At Risk
6581,275,Afrikaans,7,1,81,Strong
6582,275,Afrikaans,7,2,72,Strong
6583,275,Afrikaans,7,3,76,Strong
6584,275,Afrikaans,7,4,77,Strong
6585,275,Mathematics,3,1,66,Passing
6586,275,Mathematics,3,2,69,Passing
6587,275,Mathematics,3,3,63,Passing
6588,275,Mathematics,3,4,70,Strong
6589,275,Life Science,13,1,81,Strong
6590,275,Life Science,13,2,78,Strong
6591,275,Life Science,13,3,79,Strong
6592,275,Life Science,13,4,81,Strong
6593,275,Accounting,27,1,77,Strong
6594,275,Accounting,27,2,71,Strong
6595,275,Accounting,27,3,84,Strong
6596,275,Accounting,27,4,81,Strong
6597,275,Geography,21,1,48,At Risk
6598,275,Geography,21,2,55,Passing
6599,275,Geography,21,3,48,At Risk
6600,275,Geography,21,4,55,Passing
6601,276,English,6,1,78,Strong
6602,276,English,6,2,70,Strong
6603,276,English,6,3,77,Strong
6604,276,English,6,4,75,Strong
6605,276,Afrikaans,7,1,63,Passing
6606,276,Afrikaans,7,2,54,Passing
6607,276,Afrikaans,7,3,66,Passing
6608,276,Afrikaans,7,4,56,Passing
6609,276,Mathematics,2,1,46,At Risk
6610,276,Mathematics,2,2,42,At Risk
6611,276,Mathematics,2,3,48,At Risk
6612,276,Mathematics,2,4,50,Passing
6613,276,Information Technology,23,1,49,At Risk
6614,276,Information Technology,23,2,42,At Risk
6615,276,Information Technology,23,3,50,Passing
6616,276,Information Technology,23,4,41,At Risk
6617,276,Life Science,13,1,44,At Risk
6618,276,Life Science,13,2,45,At Risk
6619,276,Life Science,13,3,53,Passing
6620,276,Life Science,13,4,56,Passing
6621,276,History,16,1,66,Passing
6622,276,History,16,2,74,Strong
6623,276,History,16,3,65,Passing
6624,276,History,16,4,70,Strong
6625,277,English,5,1,87,Strong
6626,277,English,5,2,89,Strong
6627,277,English,5,3,81,Strong
6628,277,English,5,4,86,Strong
6629,277,Afrikaans,7,1,79,Strong
6630,277,Afrikaans,7,2,76,Strong
6631,277,Afrikaans,7,3,70,Strong
6632,277,Afrikaans,7,4,68,Passing
6633,277,Mathematics,2,1,45,At Risk
6634,277,Mathematics,2,2,51,Passing
6635,277,Mathematics,2,3,45,At Risk
6636,277,Mathematics,2,4,53,Passing
6637,277,Physical Science,10,1,73,Strong
6638,277,Physical Science,10,2,60,Passing
6639,277,Physical Science,10,3,61,Passing
6640,277,Physical Science,10,4,71,Strong
6641,277,Geography,21,1,60,Passing
6642,277,Geography,21,2,58,Passing
6643,277,Geography,21,3,66,Passing
6644,277,Geography,21,4,60,Passing
6645,277,Accounting,27,1,57,Passing
6646,277,Accounting,27,2,56,Passing
6647,277,Accounting,27,3,55,Passing
6648,277,Accounting,27,4,60,Passing
6649,278,English,4,1,81,Strong
6650,278,English,4,2,79,Strong
6651,278,English,4,3,76,Strong
6652,278,English,4,4,70,Strong
6653,278,Afrikaans,7,1,64,Passing
6654,278,Afrikaans,7,2,65,Passing
6655,278,Afrikaans,7,3,67,Passing
6656,278,Afrikaans,7,4,67,Passing
6657,278,Mathematics,2,1,73,Strong
6658,278,Mathematics,2,2,78,Strong
6659,278,Mathematics,2,3,68,Passing
6660,278,Mathematics,2,4,79,Strong
6661,278,Geography,20,1,79,Strong
6662,278,Geography,20,2,74,Strong
6663,278,Geography,20,3,79,Strong
6664,278,Geography,20,4,83,Strong
6665,278,Physical Science,12,1,36,High Risk
6666,278,Physical Science,12,2,30,High Risk
6667,278,Physical Science,12,3,41,At Risk
6668,278,Physical Science,12,4,45,At Risk
6669,278,Accounting,26,1,45,At Risk
6670,278,Accounting,26,2,43,At Risk
6671,278,Accounting,26,3,53,Passing
6672,278,Accounting,26,4,53,Passing
6673,279,English,5,1,56,Passing
6674,279,English,5,2,61,Passing
6675,279,English,5,3,51,Passing
6676,279,English,5,4,60,Passing
6677,279,Afrikaans,9,1,58,Passing
6678,279,Afrikaans,9,2,59,Passing
6679,279,Afrikaans,9,3,53,Passing
6680,279,Afrikaans,9,4,56,Passing
6681,279,Mathematics,1,1,43,At Risk
6682,279,Mathematics,1,2,51,Passing
6683,279,Mathematics,1,3,39,High Risk
6684,279,Mathematics,1,4,52,Passing
6685,279,Physical Science,11,1,54,Passing
6686,279,Physical Science,11,2,56,Passing
6687,279,Physical Science,11,3,55,Passing
6688,279,Physical Science,11,4,68,Passing
6689,279,History,17,1,83,Strong
6690,279,History,17,2,78,Strong
6691,279,History,17,3,82,Strong
6692,279,History,17,4,89,Strong
6693,279,Geography,20,1,50,Passing
6694,279,Geography,20,2,55,Passing
6695,279,Geography,20,3,50,Passing
6696,279,Geography,20,4,48,At Risk
6697,280,English,4,1,88,Strong
6698,280,English,4,2,79,Strong
6699,280,English,4,3,80,Strong
6700,280,English,4,4,90,Strong
6701,280,Afrikaans,7,1,61,Passing
6702,280,Afrikaans,7,2,54,Passing
6703,280,Afrikaans,7,3,60,Passing
6704,280,Afrikaans,7,4,58,Passing
6705,280,Mathematics,2,1,67,Passing
6706,280,Mathematics,2,2,53,Passing
6707,280,Mathematics,2,3,62,Passing
6708,280,Mathematics,2,4,56,Passing
6709,280,Information Technology,24,1,45,At Risk
6710,280,Information Technology,24,2,45,At Risk
6711,280,Information Technology,24,3,49,At Risk
6712,280,Information Technology,24,4,60,Passing
6713,280,Geography,20,1,49,At Risk
6714,280,Geography,20,2,61,Passing
6715,280,Geography,20,3,62,Passing
6716,280,Geography,20,4,63,Passing
6717,280,Accounting,26,1,77,Strong
6718,280,Accounting,26,2,85,Strong
6719,280,Accounting,26,3,78,Strong
6720,280,Accounting,26,4,76,Strong
6721,281,English,5,1,71,Strong
6722,281,English,5,2,74,Strong
6723,281,English,5,3,68,Passing
6724,281,English,5,4,82,Strong
6725,281,Afrikaans,8,1,65,Passing
6726,281,Afrikaans,8,2,67,Passing
6727,281,Afrikaans,8,3,73,Strong
6728,281,Afrikaans,8,4,62,Passing
6729,281,Mathematics,3,1,58,Passing
6730,281,Mathematics,3,2,51,Passing
6731,281,Mathematics,3,3,48,At Risk
6732,281,Mathematics,3,4,60,Passing
6733,281,History,16,1,80,Strong
6734,281,History,16,2,82,Strong
6735,281,History,16,3,82,Strong
6736,281,History,16,4,75,Strong
6737,281,Physical Science,12,1,44,At Risk
6738,281,Physical Science,12,2,46,At Risk
6739,281,Physical Science,12,3,39,High Risk
6740,281,Physical Science,12,4,41,At Risk
6741,281,Geography,20,1,48,At Risk
6742,281,Geography,20,2,47,At Risk
6743,281,Geography,20,3,56,Passing
6744,281,Geography,20,4,55,Passing
6745,282,English,5,1,47,At Risk
6746,282,English,5,2,49,At Risk
6747,282,English,5,3,45,At Risk
6748,282,English,5,4,43,At Risk
6749,282,Afrikaans,8,1,47,At Risk
6750,282,Afrikaans,8,2,41,At Risk
6751,282,Afrikaans,8,3,50,Passing
6752,282,Afrikaans,8,4,47,At Risk
6753,282,Mathematics,3,1,73,Strong
6754,282,Mathematics,3,2,68,Passing
6755,282,Mathematics,3,3,74,Strong
6756,282,Mathematics,3,4,75,Strong
6757,282,Physical Science,12,1,36,High Risk
6758,282,Physical Science,12,2,50,Passing
6759,282,Physical Science,12,3,36,High Risk
6760,282,Physical Science,12,4,36,High Risk
6761,282,History,17,1,62,Passing
6762,282,History,17,2,69,Passing
6763,282,History,17,3,60,Passing
6764,282,History,17,4,71,Strong
6765,282,Life Science,14,1,68,Passing
6766,282,Life Science,14,2,72,Strong
6767,282,Life Science,14,3,62,Passing
6768,282,Life Science,14,4,66,Passing
6769,283,English,4,1,75,Strong
6770,283,English,4,2,68,Passing
6771,283,English,4,3,67,Passing
6772,283,English,4,4,74,Strong
6773,283,Afrikaans,9,1,79,Strong
6774,283,Afrikaans,9,2,66,Passing
6775,283,Afrikaans,9,3,79,Strong
6776,283,Afrikaans,9,4,67,Passing
6777,283,Mathematics,1,1,45,At Risk
6778,283,Mathematics,1,2,48,At Risk
6779,283,Mathematics,1,3,34,High Risk
6780,283,Mathematics,1,4,42,At Risk
6781,283,Information Technology,24,1,49,At Risk
6782,283,Information Technology,24,2,59,Passing
6783,283,Information Technology,24,3,47,At Risk
6784,283,Information Technology,24,4,47,At Risk
6785,283,Geography,19,1,59,Passing
6786,283,Geography,19,2,57,Passing
6787,283,Geography,19,3,58,Passing
6788,283,Geography,19,4,69,Passing
6789,283,History,17,1,89,Strong
6790,283,History,17,2,83,Strong
6791,283,History,17,3,87,Strong
6792,283,History,17,4,77,Strong
6793,284,English,5,1,69,Passing
6794,284,English,5,2,71,Strong
6795,284,English,5,3,73,Strong
6796,284,English,5,4,61,Passing
6797,284,Afrikaans,8,1,68,Passing
6798,284,Afrikaans,8,2,67,Passing
6799,284,Afrikaans,8,3,63,Passing
6800,284,Afrikaans,8,4,65,Passing
6801,284,Mathematics,1,1,83,Strong
6802,284,Mathematics,1,2,71,Strong
6803,284,Mathematics,1,3,68,Passing
6804,284,Mathematics,1,4,72,Strong
6805,284,Physical Science,10,1,51,Passing
6806,284,Physical Science,10,2,64,Passing
6807,284,Physical Science,10,3,52,Passing
6808,284,Physical Science,10,4,63,Passing
6809,284,Geography,19,1,64,Passing
6810,284,Geography,19,2,68,Passing
6811,284,Geography,19,3,64,Passing
6812,284,Geography,19,4,61,Passing
6813,284,Accounting,27,1,62,Passing
6814,284,Accounting,27,2,62,Passing
6815,284,Accounting,27,3,53,Passing
6816,284,Accounting,27,4,53,Passing
6817,285,English,4,1,64,Passing
6818,285,English,4,2,58,Passing
6819,285,English,4,3,65,Passing
6820,285,English,4,4,58,Passing
6821,285,Afrikaans,7,1,69,Passing
6822,285,Afrikaans,7,2,68,Passing
6823,285,Afrikaans,7,3,80,Strong
6824,285,Afrikaans,7,4,66,Passing
6825,285,Mathematics,3,1,64,Passing
6826,285,Mathematics,3,2,67,Passing
6827,285,Mathematics,3,3,68,Passing
6828,285,Mathematics,3,4,59,Passing
6829,285,Life Science,14,1,77,Strong
6830,285,Life Science,14,2,82,Strong
6831,285,Life Science,14,3,76,Strong
6832,285,Life Science,14,4,77,Strong
6833,285,Geography,21,1,57,Passing
6834,285,Geography,21,2,60,Passing
6835,285,Geography,21,3,58,Passing
6836,285,Geography,21,4,52,Passing
6837,285,Information Technology,24,1,38,High Risk
6838,285,Information Technology,24,2,44,At Risk
6839,285,Information Technology,24,3,37,High Risk
6840,285,Information Technology,24,4,41,At Risk
6841,286,English,6,1,54,Passing
6842,286,English,6,2,57,Passing
6843,286,English,6,3,50,Passing
6844,286,English,6,4,57,Passing
6845,286,Afrikaans,8,1,48,At Risk
6846,286,Afrikaans,8,2,53,Passing
6847,286,Afrikaans,8,3,55,Passing
6848,286,Afrikaans,8,4,43,At Risk
6849,286,Mathematics,3,1,68,Passing
6850,286,Mathematics,3,2,68,Passing
6851,286,Mathematics,3,3,68,Passing
6852,286,Mathematics,3,4,57,Passing
6853,286,Information Technology,23,1,45,At Risk
6854,286,Information Technology,23,2,43,At Risk
6855,286,Information Technology,23,3,52,Passing
6856,286,Information Technology,23,4,53,Passing
6857,286,Physical Science,10,1,54,Passing
6858,286,Physical Science,10,2,52,Passing
6859,286,Physical Science,10,3,44,At Risk
6860,286,Physical Science,10,4,52,Passing
6861,286,Geography,20,1,75,Strong
6862,286,Geography,20,2,66,Passing
6863,286,Geography,20,3,75,Strong
6864,286,Geography,20,4,63,Passing
6865,287,English,4,1,70,Strong
6866,287,English,4,2,57,Passing
6867,287,English,4,3,60,Passing
6868,287,English,4,4,71,Strong
6869,287,Afrikaans,9,1,52,Passing
6870,287,Afrikaans,9,2,56,Passing
6871,287,Afrikaans,9,3,47,At Risk
6872,287,Afrikaans,9,4,58,Passing
6873,287,Mathematics,3,1,46,At Risk
6874,287,Mathematics,3,2,48,At Risk
6875,287,Mathematics,3,3,50,Passing
6876,287,Mathematics,3,4,41,At Risk
6877,287,History,17,1,49,At Risk
6878,287,History,17,2,43,At Risk
6879,287,History,17,3,56,Passing
6880,287,History,17,4,51,Passing
6881,287,Accounting,26,1,55,Passing
6882,287,Accounting,26,2,52,Passing
6883,287,Accounting,26,3,54,Passing
6884,287,Accounting,26,4,52,Passing
6885,287,Life Science,15,1,67,Passing
6886,287,Life Science,15,2,57,Passing
6887,287,Life Science,15,3,64,Passing
6888,287,Life Science,15,4,69,Passing
6889,288,English,4,1,81,Strong
6890,288,English,4,2,71,Strong
6891,288,English,4,3,73,Strong
6892,288,English,4,4,70,Strong
6893,288,Afrikaans,9,1,42,At Risk
6894,288,Afrikaans,9,2,53,Passing
6895,288,Afrikaans,9,3,50,Passing
6896,288,Afrikaans,9,4,49,At Risk
6897,288,Mathematics,1,1,48,At Risk
6898,288,Mathematics,1,2,53,Passing
6899,288,Mathematics,1,3,55,Passing
6900,288,Mathematics,1,4,57,Passing
6901,288,History,17,1,75,Strong
6902,288,History,17,2,83,Strong
6903,288,History,17,3,81,Strong
6904,288,History,17,4,82,Strong
6905,288,Life Science,14,1,44,At Risk
6906,288,Life Science,14,2,40,At Risk
6907,288,Life Science,14,3,42,At Risk
6908,288,Life Science,14,4,48,At Risk
6909,288,Physical Science,12,1,50,Passing
6910,288,Physical Science,12,2,54,Passing
6911,288,Physical Science,12,3,64,Passing
6912,288,Physical Science,12,4,54,Passing
6913,289,English,4,1,80,Strong
6914,289,English,4,2,73,Strong
6915,289,English,4,3,83,Strong
6916,289,English,4,4,78,Strong
6917,289,Afrikaans,9,1,70,Strong
6918,289,Afrikaans,9,2,84,Strong
6919,289,Afrikaans,9,3,74,Strong
6920,289,Afrikaans,9,4,84,Strong
6921,289,Mathematics,3,1,75,Strong
6922,289,Mathematics,3,2,73,Strong
6923,289,Mathematics,3,3,78,Strong
6924,289,Mathematics,3,4,78,Strong
6925,289,Information Technology,23,1,66,Passing
6926,289,Information Technology,23,2,73,Strong
6927,289,Information Technology,23,3,67,Passing
6928,289,Information Technology,23,4,72,Strong
6929,289,Physical Science,11,1,49,At Risk
6930,289,Physical Science,11,2,43,At Risk
6931,289,Physical Science,11,3,54,Passing
6932,289,Physical Science,11,4,54,Passing
6933,289,Life Science,13,1,48,At Risk
6934,289,Life Science,13,2,48,At Risk
6935,289,Life Science,13,3,55,Passing
6936,289,Life Science,13,4,42,At Risk
6937,290,English,4,1,84,Strong
6938,290,English,4,2,83,Strong
6939,290,English,4,3,83,Strong
6940,290,English,4,4,81,Strong
6941,290,Afrikaans,9,1,72,Strong
6942,290,Afrikaans,9,2,75,Strong
6943,290,Afrikaans,9,3,69,Passing
6944,290,Afrikaans,9,4,62,Passing
6945,290,Mathematics,2,1,57,Passing
6946,290,Mathematics,2,2,56,Passing
6947,290,Mathematics,2,3,54,Passing
6948,290,Mathematics,2,4,48,At Risk
6949,290,History,16,1,80,Strong
6950,290,History,16,2,88,Strong
6951,290,History,16,3,87,Strong
6952,290,History,16,4,84,Strong
6953,290,Accounting,26,1,70,Strong
6954,290,Accounting,26,2,64,Passing
6955,290,Accounting,26,3,63,Passing
6956,290,Accounting,26,4,64,Passing
6957,290,Life Science,14,1,43,At Risk
6958,290,Life Science,14,2,56,Passing
6959,290,Life Science,14,3,46,At Risk
6960,290,Life Science,14,4,58,Passing
6961,291,English,6,1,81,Strong
6962,291,English,6,2,92,Strong
6963,291,English,6,3,94,Strong
6964,291,English,6,4,79,Strong
6965,291,Afrikaans,9,1,68,Passing
6966,291,Afrikaans,9,2,61,Passing
6967,291,Afrikaans,9,3,62,Passing
6968,291,Afrikaans,9,4,69,Passing
6969,291,Mathematics,3,1,79,Strong
6970,291,Mathematics,3,2,70,Strong
6971,291,Mathematics,3,3,73,Strong
6972,291,Mathematics,3,4,82,Strong
6973,291,Life Science,13,1,56,Passing
6974,291,Life Science,13,2,59,Passing
6975,291,Life Science,13,3,58,Passing
6976,291,Life Science,13,4,57,Passing
6977,291,Physical Science,10,1,41,At Risk
6978,291,Physical Science,10,2,37,High Risk
6979,291,Physical Science,10,3,46,At Risk
6980,291,Physical Science,10,4,39,High Risk
6981,291,Accounting,25,1,59,Passing
6982,291,Accounting,25,2,60,Passing
6983,291,Accounting,25,3,64,Passing
6984,291,Accounting,25,4,58,Passing
6985,292,English,4,1,52,Passing
6986,292,English,4,2,40,At Risk
6987,292,English,4,3,39,High Risk
6988,292,English,4,4,39,High Risk
6989,292,Afrikaans,8,1,57,Passing
6990,292,Afrikaans,8,2,62,Passing
6991,292,Afrikaans,8,3,56,Passing
6992,292,Afrikaans,8,4,56,Passing
6993,292,Mathematics,2,1,55,Passing
6994,292,Mathematics,2,2,49,At Risk
6995,292,Mathematics,2,3,54,Passing
6996,292,Mathematics,2,4,48,At Risk
6997,292,History,18,1,91,Strong
6998,292,History,18,2,80,Strong
6999,292,History,18,3,92,Strong
7000,292,History,18,4,83,Strong
7001,292,Life Science,15,1,90,Strong
7002,292,Life Science,15,2,83,Strong
7003,292,Life Science,15,3,90,Strong
7004,292,Life Science,15,4,88,Strong
7005,292,Information Technology,23,1,73,Strong
7006,292,Information Technology,23,2,81,Strong
7007,292,Information Technology,23,3,75,Strong
7008,292,Information Technology,23,4,71,Strong
7009,293,English,6,1,63,Passing
7010,293,English,6,2,50,Passing
7011,293,English,6,3,59,Passing
7012,293,English,6,4,55,Passing
7013,293,Afrikaans,8,1,77,Strong
7014,293,Afrikaans,8,2,82,Strong
7015,293,Afrikaans,8,3,78,Strong
7016,293,Afrikaans,8,4,74,Strong
7017,293,Mathematics,1,1,37,High Risk
7018,293,Mathematics,1,2,50,Passing
7019,293,Mathematics,1,3,37,High Risk
7020,293,Mathematics,1,4,41,At Risk
7021,293,Information Technology,22,1,38,High Risk
7022,293,Information Technology,22,2,48,At Risk
7023,293,Information Technology,22,3,36,High Risk
7024,293,Information Technology,22,4,40,At Risk
7025,293,Life Science,13,1,78,Strong
7026,293,Life Science,13,2,72,Strong
7027,293,Life Science,13,3,74,Strong
7028,293,Life Science,13,4,74,Strong
7029,293,Physical Science,11,1,55,Passing
7030,293,Physical Science,11,2,56,Passing
7031,293,Physical Science,11,3,61,Passing
7032,293,Physical Science,11,4,57,Passing
7033,294,English,6,1,50,Passing
7034,294,English,6,2,44,At Risk
7035,294,English,6,3,46,At Risk
7036,294,English,6,4,42,At Risk
7037,294,Afrikaans,8,1,80,Strong
7038,294,Afrikaans,8,2,80,Strong
7039,294,Afrikaans,8,3,91,Strong
7040,294,Afrikaans,8,4,80,Strong
7041,294,Mathematics,3,1,42,At Risk
7042,294,Mathematics,3,2,47,At Risk
7043,294,Mathematics,3,3,46,At Risk
7044,294,Mathematics,3,4,43,At Risk
7045,294,Life Science,15,1,45,At Risk
7046,294,Life Science,15,2,58,Passing
7047,294,Life Science,15,3,54,Passing
7048,294,Life Science,15,4,49,At Risk
7049,294,Geography,20,1,67,Passing
7050,294,Geography,20,2,79,Strong
7051,294,Geography,20,3,64,Passing
7052,294,Geography,20,4,77,Strong
7053,294,Information Technology,22,1,54,Passing
7054,294,Information Technology,22,2,41,At Risk
7055,294,Information Technology,22,3,45,At Risk
7056,294,Information Technology,22,4,52,Passing
7057,295,English,6,1,73,Strong
7058,295,English,6,2,77,Strong
7059,295,English,6,3,68,Passing
7060,295,English,6,4,68,Passing
7061,295,Afrikaans,7,1,56,Passing
7062,295,Afrikaans,7,2,61,Passing
7063,295,Afrikaans,7,3,57,Passing
7064,295,Afrikaans,7,4,59,Passing
7065,295,Mathematics,1,1,64,Passing
7066,295,Mathematics,1,2,68,Passing
7067,295,Mathematics,1,3,53,Passing
7068,295,Mathematics,1,4,58,Passing
7069,295,Information Technology,22,1,76,Strong
7070,295,Information Technology,22,2,71,Strong
7071,295,Information Technology,22,3,74,Strong
7072,295,Information Technology,22,4,68,Passing
7073,295,Accounting,26,1,68,Passing
7074,295,Accounting,26,2,84,Strong
7075,295,Accounting,26,3,84,Strong
7076,295,Accounting,26,4,72,Strong
7077,295,Geography,20,1,63,Passing
7078,295,Geography,20,2,55,Passing
7079,295,Geography,20,3,58,Passing
7080,295,Geography,20,4,52,Passing
7081,296,English,6,1,63,Passing
7082,296,English,6,2,66,Passing
7083,296,English,6,3,61,Passing
7084,296,English,6,4,63,Passing
7085,296,Afrikaans,8,1,62,Passing
7086,296,Afrikaans,8,2,69,Passing
7087,296,Afrikaans,8,3,60,Passing
7088,296,Afrikaans,8,4,56,Passing
7089,296,Mathematics,3,1,63,Passing
7090,296,Mathematics,3,2,68,Passing
7091,296,Mathematics,3,3,69,Passing
7092,296,Mathematics,3,4,67,Passing
7093,296,Accounting,27,1,78,Strong
7094,296,Accounting,27,2,72,Strong
7095,296,Accounting,27,3,74,Strong
7096,296,Accounting,27,4,71,Strong
7097,296,Information Technology,23,1,55,Passing
7098,296,Information Technology,23,2,59,Passing
7099,296,Information Technology,23,3,50,Passing
7100,296,Information Technology,23,4,56,Passing
7101,296,History,16,1,56,Passing
7102,296,History,16,2,65,Passing
7103,296,History,16,3,63,Passing
7104,296,History,16,4,64,Passing
7105,297,English,4,1,74,Strong
7106,297,English,4,2,76,Strong
7107,297,English,4,3,69,Passing
7108,297,English,4,4,78,Strong
7109,297,Afrikaans,7,1,70,Strong
7110,297,Afrikaans,7,2,75,Strong
7111,297,Afrikaans,7,3,75,Strong
7112,297,Afrikaans,7,4,66,Passing
7113,297,Mathematics,3,1,65,Passing
7114,297,Mathematics,3,2,61,Passing
7115,297,Mathematics,3,3,76,Strong
7116,297,Mathematics,3,4,68,Passing
7117,297,Accounting,26,1,84,Strong
7118,297,Accounting,26,2,80,Strong
7119,297,Accounting,26,3,87,Strong
7120,297,Accounting,26,4,82,Strong
7121,297,History,18,1,65,Passing
7122,297,History,18,2,68,Passing
7123,297,History,18,3,70,Strong
7124,297,History,18,4,75,Strong
7125,297,Life Science,15,1,70,Strong
7126,297,Life Science,15,2,76,Strong
7127,297,Life Science,15,3,72,Strong
7128,297,Life Science,15,4,67,Passing
7129,298,English,5,1,63,Passing
7130,298,English,5,2,63,Passing
7131,298,English,5,3,56,Passing
7132,298,English,5,4,62,Passing
7133,298,Afrikaans,9,1,44,At Risk
7134,298,Afrikaans,9,2,54,Passing
7135,298,Afrikaans,9,3,44,At Risk
7136,298,Afrikaans,9,4,54,Passing
7137,298,Mathematics,2,1,59,Passing
7138,298,Mathematics,2,2,55,Passing
7139,298,Mathematics,2,3,52,Passing
7140,298,Mathematics,2,4,47,At Risk
7141,298,Geography,21,1,72,Strong
7142,298,Geography,21,2,69,Passing
7143,298,Geography,21,3,79,Strong
7144,298,Geography,21,4,69,Passing
7145,298,Physical Science,10,1,44,At Risk
7146,298,Physical Science,10,2,38,High Risk
7147,298,Physical Science,10,3,49,At Risk
7148,298,Physical Science,10,4,49,At Risk
7149,298,Accounting,27,1,64,Passing
7150,298,Accounting,27,2,60,Passing
7151,298,Accounting,27,3,60,Passing
7152,298,Accounting,27,4,55,Passing
7153,299,English,5,1,85,Strong
7154,299,English,5,2,71,Strong
7155,299,English,5,3,78,Strong
7156,299,English,5,4,83,Strong
7157,299,Afrikaans,7,1,47,At Risk
7158,299,Afrikaans,7,2,58,Passing
7159,299,Afrikaans,7,3,49,At Risk
7160,299,Afrikaans,7,4,54,Passing
7161,299,Mathematics,1,1,81,Strong
7162,299,Mathematics,1,2,76,Strong
7163,299,Mathematics,1,3,69,Passing
7164,299,Mathematics,1,4,78,Strong
7165,299,Geography,20,1,40,At Risk
7166,299,Geography,20,2,54,Passing
7167,299,Geography,20,3,49,At Risk
7168,299,Geography,20,4,44,At Risk
7169,299,History,16,1,66,Passing
7170,299,History,16,2,81,Strong
7171,299,History,16,3,66,Passing
7172,299,History,16,4,75,Strong
7173,299,Information Technology,22,1,38,High Risk
7174,299,Information Technology,22,2,51,Passing
7175,299,Information Technology,22,3,39,High Risk
7176,299,Information Technology,22,4,49,At Risk
7177,300,English,4,1,66,Passing
7178,300,English,4,2,68,Passing
7179,300,English,4,3,69,Passing
7180,300,English,4,4,70,Strong
7181,300,Afrikaans,9,1,52,Passing
7182,300,Afrikaans,9,2,57,Passing
7183,300,Afrikaans,9,3,43,At Risk
7184,300,Afrikaans,9,4,54,Passing
7185,300,Mathematics,1,1,65,Passing
7186,300,Mathematics,1,2,66,Passing
7187,300,Mathematics,1,3,54,Passing
7188,300,Mathematics,1,4,62,Passing
7189,300,Information Technology,23,1,77,Strong
7190,300,Information Technology,23,2,74,Strong
7191,300,Information Technology,23,3,81,Strong
7192,300,Information Technology,23,4,75,Strong
7193,300,Physical Science,11,1,34,High Risk
7194,300,Physical Science,11,2,33,High Risk
7195,300,Physical Science,11,3,40,At Risk
7196,300,Physical Science,11,4,43,At Risk
7197,300,History,16,1,59,Passing
7198,300,History,16,2,56,Passing
7199,300,History,16,3,60,Passing
7200,300,History,16,4,65,Passing
