mark_id,learner_id,subject,teacher_id,term,mark
1,1,English,6,1,73
2,1,English,6,2,80
3,1,English,6,3,85
4,1,English,6,4,85
5,1,Afrikaans,8,1,40
6,1,Afrikaans,8,2,50
7,1,Afrikaans,8,3,48
8,1,Afrikaans,8,4,41
9,1,Mathematics,2,1,53
10,1,Mathematics,2,2,49
11,1,Mathematics,2,3,51
12,1,Mathematics,2,4,38
13,1,Life Science,14,1,72
14,1,Life Science,14,2,76
15,1,Life Science,14,3,81
16,1,Life Science,14,4,82
17,1,Geography,21,1,49
18,1,Geography,21,2,62
19,1,Geography,21,3,51
20,1,Geography,21,4,58
21,1,Accounting,25,1,55
22,1,Accounting,25,2,44
23,1,Accounting,25,3,40
24,1,Accounting,25,4,46
25,2,English,6,1,81
26,2,English,6,2,83
27,2,English,6,3,83
28,2,English,6,4,72
29,2,Afrikaans,8,1,71
30,2,Afrikaans,8,2,69
31,2,Afrikaans,8,3,72
32,2,Afrikaans,8,4,73
33,2,Mathematics,1,1,54
34,2,Mathematics,1,2,63
35,2,Mathematics,1,3,55
36,2,Mathematics,1,4,63
37,2,History,17,1,58
38,2,History,17,2,55
39,2,History,17,3,54
40,2,History,17,4,50
41,2,Geography,19,1,62
42,2,Geography,19,2,64
43,2,Geography,19,3,71
44,2,Geography,19,4,69
45,2,Information Technology,22,1,64
46,2,Information Technology,22,2,62
47,2,Information Technology,22,3,69
48,2,Information Technology,22,4,72
49,3,English,4,1,64
50,3,English,4,2,76
51,3,English,4,3,62
52,3,English,4,4,73
53,3,Afrikaans,8,1,80
54,3,Afrikaans,8,2,69
55,3,Afrikaans,8,3,80
56,3,Afrikaans,8,4,78
57,3,Mathematics,3,1,49
58,3,Mathematics,3,2,53
59,3,Mathematics,3,3,58
60,3,Mathematics,3,4,49
61,3,Physical Science,12,1,48
62,3,Physical Science,12,2,48
63,3,Physical Science,12,3,46
64,3,Physical Science,12,4,53
65,3,Geography,21,1,61
66,3,Geography,21,2,61
67,3,Geography,21,3,46
68,3,Geography,21,4,55
69,3,History,16,1,83
70,3,History,16,2,91
71,3,History,16,3,83
72,3,History,16,4,84
73,4,English,4,1,55
74,4,English,4,2,64
75,4,English,4,3,51
76,4,English,4,4,63
77,4,Afrikaans,7,1,67
78,4,Afrikaans,7,2,74
79,4,Afrikaans,7,3,69
80,4,Afrikaans,7,4,74
81,4,Mathematics,3,1,53
82,4,Mathematics,3,2,55
83,4,Mathematics,3,3,61
84,4,Mathematics,3,4,52
85,4,Accounting,25,1,71
86,4,Accounting,25,2,71
87,4,Accounting,25,3,66
88,4,Accounting,25,4,69
89,4,Geography,21,1,87
90,4,Geography,21,2,84
91,4,Geography,21,3,76
92,4,Geography,21,4,77
93,4,Life Science,13,1,80
94,4,Life Science,13,2,84
95,4,Life Science,13,3,77
96,4,Life Science,13,4,91
97,5,English,5,1,65
98,5,English,5,2,78
99,5,English,5,3,65
100,5,English,5,4,71
101,5,Afrikaans,7,1,47
102,5,Afrikaans,7,2,50
103,5,Afrikaans,7,3,56
104,5,Afrikaans,7,4,58
105,5,Mathematics,2,1,54
106,5,Mathematics,2,2,43
107,5,Mathematics,2,3,48
108,5,Mathematics,2,4,55
109,5,Geography,19,1,61
110,5,Geography,19,2,74
111,5,Geography,19,3,62
112,5,Geography,19,4,73
113,5,Life Science,15,1,81
114,5,Life Science,15,2,77
115,5,Life Science,15,3,82
116,5,Life Science,15,4,72
117,5,Physical Science,11,1,60
118,5,Physical Science,11,2,53
119,5,Physical Science,11,3,63
120,5,Physical Science,11,4,56
121,6,English,6,1,64
122,6,English,6,2,64
123,6,English,6,3,61
124,6,English,6,4,69
125,6,Afrikaans,9,1,71
126,6,Afrikaans,9,2,82
127,6,Afrikaans,9,3,81
128,6,Afrikaans,9,4,67
129,6,Mathematics,1,1,37
130,6,Mathematics,1,2,45
131,6,Mathematics,1,3,43
132,6,Mathematics,1,4,41
133,6,Geography,19,1,90
134,6,Geography,19,2,87
135,6,Geography,19,3,77
136,6,Geography,19,4,83
137,6,Information Technology,24,1,59
138,6,Information Technology,24,2,53
139,6,Information Technology,24,3,51
140,6,Information Technology,24,4,57
141,6,Physical Science,10,1,70
142,6,Physical Science,10,2,58
143,6,Physical Science,10,3,59
144,6,Physical Science,10,4,71
145,7,English,6,1,77
146,7,English,6,2,93
147,7,English,6,3,84
148,7,English,6,4,81
149,7,Afrikaans,7,1,68
150,7,Afrikaans,7,2,55
151,7,Afrikaans,7,3,66
152,7,Afrikaans,7,4,62
153,7,Mathematics,3,1,81
154,7,Mathematics,3,2,73
155,7,Mathematics,3,3,70
156,7,Mathematics,3,4,84
157,7,Physical Science,12,1,55
158,7,Physical Science,12,2,69
159,7,Physical Science,12,3,69
160,7,Physical Science,12,4,69
161,7,Geography,21,1,74
162,7,Geography,21,2,86
163,7,Geography,21,3,89
164,7,Geography,21,4,75
165,7,Life Science,15,1,90
166,7,Life Science,15,2,89
167,7,Life Science,15,3,86
168,7,Life Science,15,4,78
169,8,English,6,1,63
170,8,English,6,2,72
171,8,English,6,3,68
172,8,English,6,4,64
173,8,Afrikaans,8,1,84
174,8,Afrikaans,8,2,78
175,8,Afrikaans,8,3,75
176,8,Afrikaans,8,4,85
177,8,Mathematics,2,1,76
178,8,Mathematics,2,2,71
179,8,Mathematics,2,3,80
180,8,Mathematics,2,4,81
181,8,Geography,19,1,84
182,8,Geography,19,2,83
183,8,Geography,19,3,81
184,8,Geography,19,4,93
185,8,Life Science,15,1,49
186,8,Life Science,15,2,46
187,8,Life Science,15,3,41
188,8,Life Science,15,4,46
189,8,Physical Science,10,1,42
190,8,Physical Science,10,2,41
191,8,Physical Science,10,3,48
192,8,Physical Science,10,4,44
193,9,English,5,1,88
194,9,English,5,2,81
195,9,English,5,3,74
196,9,English,5,4,79
197,9,Afrikaans,9,1,66
198,9,Afrikaans,9,2,56
199,9,Afrikaans,9,3,65
200,9,Afrikaans,9,4,63
201,9,Mathematics,1,1,50
202,9,Mathematics,1,2,52
203,9,Mathematics,1,3,51
204,9,Mathematics,1,4,53
205,9,History,18,1,74
206,9,History,18,2,69
207,9,History,18,3,79
208,9,History,18,4,79
209,9,Geography,20,1,78
210,9,Geography,20,2,70
211,9,Geography,20,3,64
212,9,Geography,20,4,75
213,9,Accounting,26,1,52
214,9,Accounting,26,2,44
215,9,Accounting,26,3,48
216,9,Accounting,26,4,49
217,10,English,4,1,47
218,10,English,4,2,55
219,10,English,4,3,54
220,10,English,4,4,54
221,10,Afrikaans,7,1,78
222,10,Afrikaans,7,2,70
223,10,Afrikaans,7,3,79
224,10,Afrikaans,7,4,76
225,10,Mathematics,2,1,61
226,10,Mathematics,2,2,71
227,10,Mathematics,2,3,73
228,10,Mathematics,2,4,68
229,10,Life Science,14,1,79
230,10,Life Science,14,2,80
231,10,Life Science,14,3,90
232,10,Life Science,14,4,89
233,10,Geography,20,1,76
234,10,Geography,20,2,71
235,10,Geography,20,3,75
236,10,Geography,20,4,85
237,10,History,17,1,46
238,10,History,17,2,44
239,10,History,17,3,49
240,10,History,17,4,53
241,11,English,6,1,74
242,11,English,6,2,63
243,11,English,6,3,66
244,11,English,6,4,76
245,11,Afrikaans,7,1,71
246,11,Afrikaans,7,2,74
247,11,Afrikaans,7,3,62
248,11,Afrikaans,7,4,64
249,11,Mathematics,3,1,76
250,11,Mathematics,3,2,77
251,11,Mathematics,3,3,75
252,11,Mathematics,3,4,73
253,11,History,18,1,58
254,11,History,18,2,55
255,11,History,18,3,60
256,11,History,18,4,70
257,11,Geography,19,1,84
258,11,Geography,19,2,75
259,11,Geography,19,3,80
260,11,Geography,19,4,80
261,11,Accounting,26,1,68
262,11,Accounting,26,2,71
263,11,Accounting,26,3,77
264,11,Accounting,26,4,68
265,12,English,4,1,50
266,12,English,4,2,48
267,12,English,4,3,60
268,12,English,4,4,51
269,12,Afrikaans,7,1,67
270,12,Afrikaans,7,2,75
271,12,Afrikaans,7,3,76
272,12,Afrikaans,7,4,67
273,12,Mathematics,2,1,76
274,12,Mathematics,2,2,76
275,12,Mathematics,2,3,72
276,12,Mathematics,2,4,72
277,12,Geography,19,1,78
278,12,Geography,19,2,69
279,12,Geography,19,3,65
280,12,Geography,19,4,68
281,12,History,16,1,55
282,12,History,16,2,63
283,12,History,16,3,48
284,12,History,16,4,59
285,12,Physical Science,10,1,76
286,12,Physical Science,10,2,79
287,12,Physical Science,10,3,69
288,12,Physical Science,10,4,67
289,13,English,5,1,52
290,13,English,5,2,55
291,13,English,5,3,58
292,13,English,5,4,59
293,13,Afrikaans,9,1,76
294,13,Afrikaans,9,2,65
295,13,Afrikaans,9,3,67
296,13,Afrikaans,9,4,73
297,13,Mathematics,3,1,50
298,13,Mathematics,3,2,50
299,13,Mathematics,3,3,52
300,13,Mathematics,3,4,47
301,13,Geography,20,1,52
302,13,Geography,20,2,51
303,13,Geography,20,3,60
304,13,Geography,20,4,63
305,13,Physical Science,11,1,36
306,13,Physical Science,11,2,49
307,13,Physical Science,11,3,37
308,13,Physical Science,11,4,42
309,13,Information Technology,23,1,50
310,13,Information Technology,23,2,55
311,13,Information Technology,23,3,52
312,13,Information Technology,23,4,56
313,14,English,4,1,81
314,14,English,4,2,74
315,14,English,4,3,80
316,14,English,4,4,78
317,14,Afrikaans,7,1,85
318,14,Afrikaans,7,2,81
319,14,Afrikaans,7,3,86
320,14,Afrikaans,7,4,79
321,14,Mathematics,2,1,69
322,14,Mathematics,2,2,68
323,14,Mathematics,2,3,69
324,14,Mathematics,2,4,74
325,14,History,16,1,77
326,14,History,16,2,76
327,14,History,16,3,78
328,14,History,16,4,77
329,14,Life Science,15,1,82
330,14,Life Science,15,2,80
331,14,Life Science,15,3,87
332,14,Life Science,15,4,74
333,14,Physical Science,10,1,70
334,14,Physical Science,10,2,70
335,14,Physical Science,10,3,76
336,14,Physical Science,10,4,68
337,15,English,6,1,73
338,15,English,6,2,78
339,15,English,6,3,66
340,15,English,6,4,65
341,15,Afrikaans,8,1,61
342,15,Afrikaans,8,2,60
343,15,Afrikaans,8,3,62
344,15,Afrikaans,8,4,61
345,15,Mathematics,2,1,55
346,15,Mathematics,2,2,49
347,15,Mathematics,2,3,55
348,15,Mathematics,2,4,55
349,15,Accounting,26,1,68
350,15,Accounting,26,2,60
351,15,Accounting,26,3,67
352,15,Accounting,26,4,72
353,15,Physical Science,12,1,68
354,15,Physical Science,12,2,75
355,15,Physical Science,12,3,72
356,15,Physical Science,12,4,79
357,15,Information Technology,23,1,50
358,15,Information Technology,23,2,56
359,15,Information Technology,23,3,49
360,15,Information Technology,23,4,46
361,16,English,5,1,46
362,16,English,5,2,54
363,16,English,5,3,57
364,16,English,5,4,58
365,16,Afrikaans,8,1,57
366,16,Afrikaans,8,2,62
367,16,Afrikaans,8,3,62
368,16,Afrikaans,8,4,58
369,16,Mathematics,1,1,57
370,16,Mathematics,1,2,58
371,16,Mathematics,1,3,56
372,16,Mathematics,1,4,57
373,16,Life Science,13,1,72
374,16,Life Science,13,2,57
375,16,Life Science,13,3,59
376,16,Life Science,13,4,69
377,16,Accounting,25,1,80
378,16,Accounting,25,2,73
379,16,Accounting,25,3,72
380,16,Accounting,25,4,77
381,16,Physical Science,10,1,34
382,16,Physical Science,10,2,42
383,16,Physical Science,10,3,48
384,16,Physical Science,10,4,48
385,17,English,6,1,57
386,17,English,6,2,60
387,17,English,6,3,70
388,17,English,6,4,61
389,17,Afrikaans,8,1,64
390,17,Afrikaans,8,2,65
391,17,Afrikaans,8,3,64
392,17,Afrikaans,8,4,54
393,17,Mathematics,3,1,58
394,17,Mathematics,3,2,63
395,17,Mathematics,3,3,68
396,17,Mathematics,3,4,66
397,17,Information Technology,22,1,51
398,17,Information Technology,22,2,55
399,17,Information Technology,22,3,53
400,17,Information Technology,22,4,47
401,17,Life Science,13,1,80
402,17,Life Science,13,2,81
403,17,Life Science,13,3,80
404,17,Life Science,13,4,89
405,17,Accounting,25,1,67
406,17,Accounting,25,2,68
407,17,Accounting,25,3,61
408,17,Accounting,25,4,63
409,18,English,5,1,93
410,18,English,5,2,89
411,18,English,5,3,93
412,18,English,5,4,78
413,18,Afrikaans,9,1,40
414,18,Afrikaans,9,2,43
415,18,Afrikaans,9,3,49
416,18,Afrikaans,9,4,54
417,18,Mathematics,2,1,79
418,18,Mathematics,2,2,69
419,18,Mathematics,2,3,81
420,18,Mathematics,2,4,69
421,18,Life Science,15,1,68
422,18,Life Science,15,2,63
423,18,Life Science,15,3,70
424,18,Life Science,15,4,67
425,18,Geography,21,1,86
426,18,Geography,21,2,92
427,18,Geography,21,3,92
428,18,Geography,21,4,91
429,18,Physical Science,10,1,75
430,18,Physical Science,10,2,81
431,18,Physical Science,10,3,66
432,18,Physical Science,10,4,77
433,19,English,4,1,63
434,19,English,4,2,73
435,19,English,4,3,69
436,19,English,4,4,60
437,19,Afrikaans,7,1,90
438,19,Afrikaans,7,2,83
439,19,Afrikaans,7,3,82
440,19,Afrikaans,7,4,76
441,19,Mathematics,3,1,84
442,19,Mathematics,3,2,74
443,19,Mathematics,3,3,85
444,19,Mathematics,3,4,81
445,19,Information Technology,24,1,51
446,19,Information Technology,24,2,45
447,19,Information Technology,24,3,47
448,19,Information Technology,24,4,50
449,19,Life Science,13,1,53
450,19,Life Science,13,2,49
451,19,Life Science,13,3,52
452,19,Life Science,13,4,43
453,19,Geography,20,1,71
454,19,Geography,20,2,78
455,19,Geography,20,3,81
456,19,Geography,20,4,80
457,20,English,5,1,46
458,20,English,5,2,58
459,20,English,5,3,48
460,20,English,5,4,52
461,20,Afrikaans,9,1,83
462,20,Afrikaans,9,2,79
463,20,Afrikaans,9,3,77
464,20,Afrikaans,9,4,72
465,20,Mathematics,3,1,71
466,20,Mathematics,3,2,72
467,20,Mathematics,3,3,69
468,20,Mathematics,3,4,76
469,20,Accounting,26,1,53
470,20,Accounting,26,2,54
471,20,Accounting,26,3,55
472,20,Accounting,26,4,53
473,20,History,16,1,68
474,20,History,16,2,65
475,20,History,16,3,74
476,20,History,16,4,69
477,20,Information Technology,22,1,76
478,20,Information Technology,22,2,73
479,20,Information Technology,22,3,74
480,20,Information Technology,22,4,68
481,21,English,4,1,87
482,21,English,4,2,87
483,21,English,4,3,86
484,21,English,4,4,79
485,21,Afrikaans,7,1,56
486,21,Afrikaans,7,2,64
487,21,Afrikaans,7,3,57
488,21,Afrikaans,7,4,66
489,21,Mathematics,3,1,68
490,21,Mathematics,3,2,75
491,21,Mathematics,3,3,66
492,21,Mathematics,3,4,66
493,21,Life Science,15,1,80
494,21,Life Science,15,2,80
495,21,Life Science,15,3,76
496,21,Life Science,15,4,75
497,21,Information Technology,24,1,81
498,21,Information Technology,24,2,81
499,21,Information Technology,24,3,75
500,21,Information Technology,24,4,90
501,21,Physical Science,11,1,51
502,21,Physical Science,11,2,45
503,21,Physical Science,11,3,47
504,21,Physical Science,11,4,57
505,22,English,4,1,75
506,22,English,4,2,63
507,22,English,4,3,64
508,22,English,4,4,60
509,22,Afrikaans,9,1,77
510,22,Afrikaans,9,2,85
511,22,Afrikaans,9,3,87
512,22,Afrikaans,9,4,87
513,22,Mathematics,2,1,53
514,22,Mathematics,2,2,54
515,22,Mathematics,2,3,53
516,22,Mathematics,2,4,45
517,22,Life Science,13,1,50
518,22,Life Science,13,2,44
519,22,Life Science,13,3,48
520,22,Life Science,13,4,56
521,22,History,18,1,52
522,22,History,18,2,63
523,22,History,18,3,66
524,22,History,18,4,56
525,22,Physical Science,10,1,49
526,22,Physical Science,10,2,48
527,22,Physical Science,10,3,57
528,22,Physical Science,10,4,51
529,23,English,6,1,69
530,23,English,6,2,74
531,23,English,6,3,76
532,23,English,6,4,75
533,23,Afrikaans,8,1,61
534,23,Afrikaans,8,2,59
535,23,Afrikaans,8,3,53
536,23,Afrikaans,8,4,51
537,23,Mathematics,1,1,49
538,23,Mathematics,1,2,44
539,23,Mathematics,1,3,53
540,23,Mathematics,1,4,47
541,23,Information Technology,23,1,46
542,23,Information Technology,23,2,56
543,23,Information Technology,23,3,55
544,23,Information Technology,23,4,52
545,23,Physical Science,11,1,53
546,23,Physical Science,11,2,54
547,23,Physical Science,11,3,57
548,23,Physical Science,11,4,51
549,23,History,18,1,57
550,23,History,18,2,48
551,23,History,18,3,50
552,23,History,18,4,49
553,24,English,4,1,79
554,24,English,4,2,76
555,24,English,4,3,69
556,24,English,4,4,77
557,24,Afrikaans,9,1,68
558,24,Afrikaans,9,2,75
559,24,Afrikaans,9,3,69
560,24,Afrikaans,9,4,71
561,24,Mathematics,2,1,51
562,24,Mathematics,2,2,59
563,24,Mathematics,2,3,62
564,24,Mathematics,2,4,58
565,24,Information Technology,22,1,41
566,24,Information Technology,22,2,52
567,24,Information Technology,22,3,47
568,24,Information Technology,22,4,43
569,24,Geography,19,1,80
570,24,Geography,19,2,73
571,24,Geography,19,3,67
572,24,Geography,19,4,73
573,24,Accounting,26,1,64
574,24,Accounting,26,2,64
575,24,Accounting,26,3,61
576,24,Accounting,26,4,72
577,25,English,4,1,62
578,25,English,4,2,59
579,25,English,4,3,61
580,25,English,4,4,63
581,25,Afrikaans,9,1,77
582,25,Afrikaans,9,2,78
583,25,Afrikaans,9,3,73
584,25,Afrikaans,9,4,87
585,25,Mathematics,3,1,76
586,25,Mathematics,3,2,71
587,25,Mathematics,3,3,62
588,25,Mathematics,3,4,63
589,25,Accounting,27,1,53
590,25,Accounting,27,2,43
591,25,Accounting,27,3,41
592,25,Accounting,27,4,42
593,25,Life Science,14,1,74
594,25,Life Science,14,2,72
595,25,Life Science,14,3,61
596,25,Life Science,14,4,64
597,25,Physical Science,12,1,82
598,25,Physical Science,12,2,69
599,25,Physical Science,12,3,83
600,25,Physical Science,12,4,81
601,26,English,5,1,56
602,26,English,5,2,46
603,26,English,5,3,58
604,26,English,5,4,55
605,26,Afrikaans,9,1,67
606,26,Afrikaans,9,2,80
607,26,Afrikaans,9,3,75
608,26,Afrikaans,9,4,66
609,26,Mathematics,1,1,65
610,26,Mathematics,1,2,57
611,26,Mathematics,1,3,63
612,26,Mathematics,1,4,59
613,26,Information Technology,24,1,50
614,26,Information Technology,24,2,48
615,26,Information Technology,24,3,39
616,26,Information Technology,24,4,38
617,26,Life Science,14,1,57
618,26,Life Science,14,2,43
619,26,Life Science,14,3,51
620,26,Life Science,14,4,55
621,26,Physical Science,10,1,45
622,26,Physical Science,10,2,54
623,26,Physical Science,10,3,52
624,26,Physical Science,10,4,53
625,27,English,4,1,79
626,27,English,4,2,79
627,27,English,4,3,69
628,27,English,4,4,71
629,27,Afrikaans,7,1,62
630,27,Afrikaans,7,2,64
631,27,Afrikaans,7,3,71
632,27,Afrikaans,7,4,75
633,27,Mathematics,3,1,47
634,27,Mathematics,3,2,40
635,27,Mathematics,3,3,40
636,27,Mathematics,3,4,49
637,27,Accounting,26,1,76
638,27,Accounting,26,2,75
639,27,Accounting,26,3,70
640,27,Accounting,26,4,70
641,27,History,18,1,80
642,27,History,18,2,73
643,27,History,18,3,77
644,27,History,18,4,75
645,27,Physical Science,12,1,38
646,27,Physical Science,12,2,50
647,27,Physical Science,12,3,37
648,27,Physical Science,12,4,44
649,28,English,4,1,54
650,28,English,4,2,55
651,28,English,4,3,53
652,28,English,4,4,66
653,28,Afrikaans,8,1,76
654,28,Afrikaans,8,2,82
655,28,Afrikaans,8,3,76
656,28,Afrikaans,8,4,87
657,28,Mathematics,1,1,67
658,28,Mathematics,1,2,66
659,28,Mathematics,1,3,61
660,28,Mathematics,1,4,64
661,28,Information Technology,23,1,76
662,28,Information Technology,23,2,74
663,28,Information Technology,23,3,77
664,28,Information Technology,23,4,77
665,28,Physical Science,12,1,54
666,28,Physical Science,12,2,49
667,28,Physical Science,12,3,61
668,28,Physical Science,12,4,52
669,28,History,17,1,75
670,28,History,17,2,74
671,28,History,17,3,67
672,28,History,17,4,71
673,29,English,6,1,92
674,29,English,6,2,94
675,29,English,6,3,80
676,29,English,6,4,90
677,29,Afrikaans,8,1,77
678,29,Afrikaans,8,2,71
679,29,Afrikaans,8,3,74
680,29,Afrikaans,8,4,74
681,29,Mathematics,2,1,50
682,29,Mathematics,2,2,53
683,29,Mathematics,2,3,46
684,29,Mathematics,2,4,56
685,29,Information Technology,22,1,57
686,29,Information Technology,22,2,59
687,29,Information Technology,22,3,54
688,29,Information Technology,22,4,64
689,29,Geography,21,1,55
690,29,Geography,21,2,55
691,29,Geography,21,3,58
692,29,Geography,21,4,46
693,29,History,17,1,71
694,29,History,17,2,72
695,29,History,17,3,70
696,29,History,17,4,74
697,30,English,6,1,58
698,30,English,6,2,55
699,30,English,6,3,46
700,30,English,6,4,50
701,30,Afrikaans,9,1,48
702,30,Afrikaans,9,2,52
703,30,Afrikaans,9,3,41
704,30,Afrikaans,9,4,42
705,30,Mathematics,2,1,50
706,30,Mathematics,2,2,59
707,30,Mathematics,2,3,50
708,30,Mathematics,2,4,54
709,30,Physical Science,10,1,49
710,30,Physical Science,10,2,55
711,30,Physical Science,10,3,55
712,30,Physical Science,10,4,52
713,30,Information Technology,23,1,72
714,30,Information Technology,23,2,71
715,30,Information Technology,23,3,77
716,30,Information Technology,23,4,72
717,30,History,16,1,85
718,30,History,16,2,84
719,30,History,16,3,87
720,30,History,16,4,89
721,31,English,6,1,84
722,31,English,6,2,82
723,31,English,6,3,81
724,31,English,6,4,84
725,31,Afrikaans,9,1,84
726,31,Afrikaans,9,2,83
727,31,Afrikaans,9,3,72
728,31,Afrikaans,9,4,84
729,31,Mathematics,3,1,58
730,31,Mathematics,3,2,63
731,31,Mathematics,3,3,62
732,31,Mathematics,3,4,65
733,31,Physical Science,10,1,39
734,31,Physical Science,10,2,36
735,31,Physical Science,10,3,32
736,31,Physical Science,10,4,40
737,31,Geography,20,1,87
738,31,Geography,20,2,83
739,31,Geography,20,3,78
740,31,Geography,20,4,80
741,31,Information Technology,24,1,63
742,31,Information Technology,24,2,68
743,31,Information Technology,24,3,63
744,31,Information Technology,24,4,71
745,32,English,6,1,84
746,32,English,6,2,82
747,32,English,6,3,89
748,32,English,6,4,89
749,32,Afrikaans,9,1,71
750,32,Afrikaans,9,2,77
751,32,Afrikaans,9,3,71
752,32,Afrikaans,9,4,70
753,32,Mathematics,3,1,81
754,32,Mathematics,3,2,71
755,32,Mathematics,3,3,67
756,32,Mathematics,3,4,82
757,32,Physical Science,12,1,34
758,32,Physical Science,12,2,33
759,32,Physical Science,12,3,32
760,32,Physical Science,12,4,45
761,32,Geography,19,1,54
762,32,Geography,19,2,49
763,32,Geography,19,3,51
764,32,Geography,19,4,47
765,32,History,16,1,69
766,32,History,16,2,67
767,32,History,16,3,64
768,32,History,16,4,54
769,33,English,4,1,93
770,33,English,4,2,93
771,33,English,4,3,78
772,33,English,4,4,78
773,33,Afrikaans,8,1,84
774,33,Afrikaans,8,2,71
775,33,Afrikaans,8,3,71
776,33,Afrikaans,8,4,87
777,33,Mathematics,3,1,58
778,33,Mathematics,3,2,49
779,33,Mathematics,3,3,65
780,33,Mathematics,3,4,62
781,33,Accounting,27,1,48
782,33,Accounting,27,2,48
783,33,Accounting,27,3,61
784,33,Accounting,27,4,49
785,33,Geography,20,1,60
786,33,Geography,20,2,70
787,33,Geography,20,3,62
788,33,Geography,20,4,65
789,33,Life Science,15,1,67
790,33,Life Science,15,2,57
791,33,Life Science,15,3,66
792,33,Life Science,15,4,67
793,34,English,5,1,75
794,34,English,5,2,75
795,34,English,5,3,77
796,34,English,5,4,70
797,34,Afrikaans,9,1,41
798,34,Afrikaans,9,2,51
799,34,Afrikaans,9,3,51
800,34,Afrikaans,9,4,51
801,34,Mathematics,1,1,82
802,34,Mathematics,1,2,68
803,34,Mathematics,1,3,67
804,34,Mathematics,1,4,72
805,34,Geography,21,1,59
806,34,Geography,21,2,57
807,34,Geography,21,3,54
808,34,Geography,21,4,47
809,34,Life Science,15,1,72
810,34,Life Science,15,2,78
811,34,Life Science,15,3,77
812,34,Life Science,15,4,86
813,34,History,16,1,58
814,34,History,16,2,59
815,34,History,16,3,65
816,34,History,16,4,58
817,35,English,4,1,60
818,35,English,4,2,50
819,35,English,4,3,56
820,35,English,4,4,54
821,35,Afrikaans,7,1,64
822,35,Afrikaans,7,2,71
823,35,Afrikaans,7,3,67
824,35,Afrikaans,7,4,69
825,35,Mathematics,3,1,80
826,35,Mathematics,3,2,78
827,35,Mathematics,3,3,80
828,35,Mathematics,3,4,72
829,35,Information Technology,22,1,56
830,35,Information Technology,22,2,51
831,35,Information Technology,22,3,41
832,35,Information Technology,22,4,43
833,35,Accounting,26,1,68
834,35,Accounting,26,2,63
835,35,Accounting,26,3,71
836,35,Accounting,26,4,73
837,35,Geography,19,1,59
838,35,Geography,19,2,67
839,35,Geography,19,3,73
840,35,Geography,19,4,74
841,36,English,5,1,64
842,36,English,5,2,65
843,36,English,5,3,66
844,36,English,5,4,58
845,36,Afrikaans,7,1,86
846,36,Afrikaans,7,2,76
847,36,Afrikaans,7,3,83
848,36,Afrikaans,7,4,81
849,36,Mathematics,3,1,38
850,36,Mathematics,3,2,44
851,36,Mathematics,3,3,40
852,36,Mathematics,3,4,48
853,36,Geography,20,1,83
854,36,Geography,20,2,91
855,36,Geography,20,3,89
856,36,Geography,20,4,90
857,36,Accounting,25,1,42
858,36,Accounting,25,2,40
859,36,Accounting,25,3,49
860,36,Accounting,25,4,54
861,36,History,16,1,71
862,36,History,16,2,66
863,36,History,16,3,67
864,36,History,16,4,65
865,37,English,6,1,63
866,37,English,6,2,64
867,37,English,6,3,66
868,37,English,6,4,63
869,37,Afrikaans,8,1,43
870,37,Afrikaans,8,2,45
871,37,Afrikaans,8,3,54
872,37,Afrikaans,8,4,45
873,37,Mathematics,2,1,80
874,37,Mathematics,2,2,82
875,37,Mathematics,2,3,70
876,37,Mathematics,2,4,79
877,37,History,17,1,78
878,37,History,17,2,68
879,37,History,17,3,73
880,37,History,17,4,82
881,37,Life Science,15,1,60
882,37,Life Science,15,2,53
883,37,Life Science,15,3,52
884,37,Life Science,15,4,56
885,37,Physical Science,11,1,57
886,37,Physical Science,11,2,64
887,37,Physical Science,11,3,53
888,37,Physical Science,11,4,51
889,38,English,6,1,62
890,38,English,6,2,57
891,38,English,6,3,62
892,38,English,6,4,58
893,38,Afrikaans,7,1,69
894,38,Afrikaans,7,2,78
895,38,Afrikaans,7,3,75
896,38,Afrikaans,7,4,74
897,38,Mathematics,1,1,87
898,38,Mathematics,1,2,78
899,38,Mathematics,1,3,86
900,38,Mathematics,1,4,75
901,38,History,16,1,57
902,38,History,16,2,48
903,38,History,16,3,60
904,38,History,16,4,58
905,38,Geography,19,1,90
906,38,Geography,19,2,88
907,38,Geography,19,3,92
908,38,Geography,19,4,88
909,38,Life Science,15,1,69
910,38,Life Science,15,2,74
911,38,Life Science,15,3,75
912,38,Life Science,15,4,71
913,39,English,5,1,79
914,39,English,5,2,74
915,39,English,5,3,81
916,39,English,5,4,79
917,39,Afrikaans,8,1,70
918,39,Afrikaans,8,2,62
919,39,Afrikaans,8,3,65
920,39,Afrikaans,8,4,67
921,39,Mathematics,3,1,61
922,39,Mathematics,3,2,60
923,39,Mathematics,3,3,52
924,39,Mathematics,3,4,55
925,39,Geography,21,1,81
926,39,Geography,21,2,76
927,39,Geography,21,3,90
928,39,Geography,21,4,82
929,39,Information Technology,24,1,72
930,39,Information Technology,24,2,65
931,39,Information Technology,24,3,76
932,39,Information Technology,24,4,78
933,39,Accounting,26,1,51
934,39,Accounting,26,2,49
935,39,Accounting,26,3,50
936,39,Accounting,26,4,46
937,40,English,5,1,78
938,40,English,5,2,68
939,40,English,5,3,80
940,40,English,5,4,81
941,40,Afrikaans,9,1,86
942,40,Afrikaans,9,2,90
943,40,Afrikaans,9,3,87
944,40,Afrikaans,9,4,75
945,40,Mathematics,3,1,57
946,40,Mathematics,3,2,58
947,40,Mathematics,3,3,62
948,40,Mathematics,3,4,66
949,40,History,18,1,51
950,40,History,18,2,62
951,40,History,18,3,60
952,40,History,18,4,63
953,40,Physical Science,12,1,36
954,40,Physical Science,12,2,39
955,40,Physical Science,12,3,44
956,40,Physical Science,12,4,43
957,40,Geography,19,1,87
958,40,Geography,19,2,78
959,40,Geography,19,3,85
960,40,Geography,19,4,82
961,41,English,4,1,78
962,41,English,4,2,80
963,41,English,4,3,68
964,41,English,4,4,75
965,41,Afrikaans,8,1,53
966,41,Afrikaans,8,2,41
967,41,Afrikaans,8,3,47
968,41,Afrikaans,8,4,51
969,41,Mathematics,2,1,40
970,41,Mathematics,2,2,41
971,41,Mathematics,2,3,48
972,41,Mathematics,2,4,46
973,41,History,18,1,75
974,41,History,18,2,67
975,41,History,18,3,77
976,41,History,18,4,76
977,41,Life Science,15,1,75
978,41,Life Science,15,2,63
979,41,Life Science,15,3,74
980,41,Life Science,15,4,74
981,41,Geography,21,1,61
982,41,Geography,21,2,68
983,41,Geography,21,3,60
984,41,Geography,21,4,62
985,42,English,4,1,50
986,42,English,4,2,43
987,42,English,4,3,45
988,42,English,4,4,47
989,42,Afrikaans,9,1,75
990,42,Afrikaans,9,2,75
991,42,Afrikaans,9,3,80
992,42,Afrikaans,9,4,83
993,42,Mathematics,1,1,68
994,42,Mathematics,1,2,73
995,42,Mathematics,1,3,66
996,42,Mathematics,1,4,66
997,42,Life Science,13,1,91
998,42,Life Science,13,2,90
999,42,Life Science,13,3,78
1000,42,Life Science,13,4,84
1001,42,History,17,1,81
1002,42,History,17,2,80
1003,42,History,17,3,68
1004,42,History,17,4,74
1005,42,Information Technology,23,1,56
1006,42,Information Technology,23,2,50
1007,42,Information Technology,23,3,51
1008,42,Information Technology,23,4,53
1009,43,English,4,1,72
1010,43,English,4,2,68
1011,43,English,4,3,76
1012,43,English,4,4,65
1013,43,Afrikaans,9,1,68
1014,43,Afrikaans,9,2,69
1015,43,Afrikaans,9,3,63
1016,43,Afrikaans,9,4,65
1017,43,Mathematics,3,1,83
1018,43,Mathematics,3,2,74
1019,43,Mathematics,3,3,82
1020,43,Mathematics,3,4,82
1021,43,History,16,1,74
1022,43,History,16,2,78
1023,43,History,16,3,71
1024,43,History,16,4,73
1025,43,Accounting,25,1,57
1026,43,Accounting,25,2,61
1027,43,Accounting,25,3,63
1028,43,Accounting,25,4,57
1029,43,Information Technology,22,1,57
1030,43,Information Technology,22,2,50
1031,43,Information Technology,22,3,62
1032,43,Information Technology,22,4,58
1033,44,English,5,1,69
1034,44,English,5,2,77
1035,44,English,5,3,78
1036,44,English,5,4,70
1037,44,Afrikaans,7,1,73
1038,44,Afrikaans,7,2,73
1039,44,Afrikaans,7,3,83
1040,44,Afrikaans,7,4,77
1041,44,Mathematics,3,1,45
1042,44,Mathematics,3,2,50
1043,44,Mathematics,3,3,54
1044,44,Mathematics,3,4,41
1045,44,Information Technology,23,1,57
1046,44,Information Technology,23,2,72
1047,44,Information Technology,23,3,61
1048,44,Information Technology,23,4,63
1049,44,Physical Science,12,1,70
1050,44,Physical Science,12,2,69
1051,44,Physical Science,12,3,67
1052,44,Physical Science,12,4,69
1053,44,Life Science,14,1,78
1054,44,Life Science,14,2,79
1055,44,Life Science,14,3,69
1056,44,Life Science,14,4,66
1057,45,English,5,1,75
1058,45,English,5,2,82
1059,45,English,5,3,84
1060,45,English,5,4,76
1061,45,Afrikaans,8,1,61
1062,45,Afrikaans,8,2,63
1063,45,Afrikaans,8,3,59
1064,45,Afrikaans,8,4,68
1065,45,Mathematics,2,1,83
1066,45,Mathematics,2,2,84
1067,45,Mathematics,2,3,71
1068,45,Mathematics,2,4,71
1069,45,Physical Science,11,1,58
1070,45,Physical Science,11,2,48
1071,45,Physical Science,11,3,61
1072,45,Physical Science,11,4,53
1073,45,Life Science,13,1,68
1074,45,Life Science,13,2,72
1075,45,Life Science,13,3,74
1076,45,Life Science,13,4,66
1077,45,Geography,20,1,75
1078,45,Geography,20,2,78
1079,45,Geography,20,3,69
1080,45,Geography,20,4,81
1081,46,English,4,1,53
1082,46,English,4,2,52
1083,46,English,4,3,57
1084,46,English,4,4,59
1085,46,Afrikaans,8,1,51
1086,46,Afrikaans,8,2,53
1087,46,Afrikaans,8,3,53
1088,46,Afrikaans,8,4,48
1089,46,Mathematics,1,1,79
1090,46,Mathematics,1,2,76
1091,46,Mathematics,1,3,73
1092,46,Mathematics,1,4,78
1093,46,Geography,20,1,66
1094,46,Geography,20,2,65
1095,46,Geography,20,3,73
1096,46,Geography,20,4,60
1097,46,Information Technology,24,1,56
1098,46,Information Technology,24,2,44
1099,46,Information Technology,24,3,51
1100,46,Information Technology,24,4,47
1101,46,Life Science,13,1,53
1102,46,Life Science,13,2,50
1103,46,Life Science,13,3,56
1104,46,Life Science,13,4,53
1105,47,English,6,1,79
1106,47,English,6,2,68
1107,47,English,6,3,72
1108,47,English,6,4,77
1109,47,Afrikaans,7,1,75
1110,47,Afrikaans,7,2,63
1111,47,Afrikaans,7,3,63
1112,47,Afrikaans,7,4,73
1113,47,Mathematics,1,1,72
1114,47,Mathematics,1,2,75
1115,47,Mathematics,1,3,78
1116,47,Mathematics,1,4,79
1117,47,Accounting,27,1,54
1118,47,Accounting,27,2,56
1119,47,Accounting,27,3,68
1120,47,Accounting,27,4,65
1121,47,Geography,21,1,55
1122,47,Geography,21,2,49
1123,47,Geography,21,3,56
1124,47,Geography,21,4,49
1125,47,Information Technology,22,1,74
1126,47,Information Technology,22,2,76
1127,47,Information Technology,22,3,75
1128,47,Information Technology,22,4,76
1129,48,English,5,1,78
1130,48,English,5,2,89
1131,48,English,5,3,84
1132,48,English,5,4,75
1133,48,Afrikaans,8,1,42
1134,48,Afrikaans,8,2,53
1135,48,Afrikaans,8,3,39
1136,48,Afrikaans,8,4,42
1137,48,Mathematics,2,1,56
1138,48,Mathematics,2,2,56
1139,48,Mathematics,2,3,42
1140,48,Mathematics,2,4,55
1141,48,Geography,19,1,55
1142,48,Geography,19,2,60
1143,48,Geography,19,3,56
1144,48,Geography,19,4,59
1145,48,Physical Science,10,1,46
1146,48,Physical Science,10,2,43
1147,48,Physical Science,10,3,37
1148,48,Physical Science,10,4,46
1149,48,Information Technology,24,1,46
1150,48,Information Technology,24,2,57
1151,48,Information Technology,24,3,54
1152,48,Information Technology,24,4,52
1153,49,English,5,1,68
1154,49,English,5,2,69
1155,49,English,5,3,66
1156,49,English,5,4,72
1157,49,Afrikaans,8,1,69
1158,49,Afrikaans,8,2,71
1159,49,Afrikaans,8,3,74
1160,49,Afrikaans,8,4,83
1161,49,Mathematics,2,1,60
1162,49,Mathematics,2,2,60
1163,49,Mathematics,2,3,70
1164,49,Mathematics,2,4,63
1165,49,History,18,1,71
1166,49,History,18,2,82
1167,49,History,18,3,69
1168,49,History,18,4,74
1169,49,Life Science,15,1,64
1170,49,Life Science,15,2,65
1171,49,Life Science,15,3,65
1172,49,Life Science,15,4,72
1173,49,Geography,21,1,71
1174,49,Geography,21,2,66
1175,49,Geography,21,3,74
1176,49,Geography,21,4,66
1177,50,English,5,1,50
1178,50,English,5,2,64
1179,50,English,5,3,48
1180,50,English,5,4,53
1181,50,Afrikaans,8,1,76
1182,50,Afrikaans,8,2,71
1183,50,Afrikaans,8,3,69
1184,50,Afrikaans,8,4,78
1185,50,Mathematics,3,1,85
1186,50,Mathematics,3,2,77
1187,50,Mathematics,3,3,73
1188,50,Mathematics,3,4,74
1189,50,Accounting,25,1,45
1190,50,Accounting,25,2,54
1191,50,Accounting,25,3,53
1192,50,Accounting,25,4,55
1193,50,Life Science,14,1,62
1194,50,Life Science,14,2,65
1195,50,Life Science,14,3,66
1196,50,Life Science,14,4,60
1197,50,History,18,1,64
1198,50,History,18,2,55
1199,50,History,18,3,64
1200,50,History,18,4,61
1201,51,English,6,1,88
1202,51,English,6,2,78
1203,51,English,6,3,84
1204,51,English,6,4,81
1205,51,Afrikaans,9,1,47
1206,51,Afrikaans,9,2,55
1207,51,Afrikaans,9,3,52
1208,51,Afrikaans,9,4,43
1209,51,Mathematics,2,1,62
1210,51,Mathematics,2,2,49
1211,51,Mathematics,2,3,63
1212,51,Mathematics,2,4,47
1213,51,Accounting,27,1,67
1214,51,Accounting,27,2,61
1215,51,Accounting,27,3,69
1216,51,Accounting,27,4,70
1217,51,Information Technology,24,1,63
1218,51,Information Technology,24,2,73
1219,51,Information Technology,24,3,60
1220,51,Information Technology,24,4,58
1221,51,History,16,1,79
1222,51,History,16,2,77
1223,51,History,16,3,85
1224,51,History,16,4,83
1225,52,English,4,1,42
1226,52,English,4,2,53
1227,52,English,4,3,57
1228,52,English,4,4,50
1229,52,Afrikaans,7,1,93
1230,52,Afrikaans,7,2,90
1231,52,Afrikaans,7,3,90
1232,52,Afrikaans,7,4,89
1233,52,Mathematics,1,1,41
1234,52,Mathematics,1,2,45
1235,52,Mathematics,1,3,39
1236,52,Mathematics,1,4,46
1237,52,Geography,19,1,60
1238,52,Geography,19,2,50
1239,52,Geography,19,3,48
1240,52,Geography,19,4,54
1241,52,Information Technology,23,1,62
1242,52,Information Technology,23,2,69
1243,52,Information Technology,23,3,73
1244,52,Information Technology,23,4,67
1245,52,History,17,1,50
1246,52,History,17,2,45
1247,52,History,17,3,56
1248,52,History,17,4,46
1249,53,English,5,1,69
1250,53,English,5,2,77
1251,53,English,5,3,73
1252,53,English,5,4,71
1253,53,Afrikaans,9,1,41
1254,53,Afrikaans,9,2,37
1255,53,Afrikaans,9,3,42
1256,53,Afrikaans,9,4,52
1257,53,Mathematics,3,1,70
1258,53,Mathematics,3,2,70
1259,53,Mathematics,3,3,62
1260,53,Mathematics,3,4,59
1261,53,Geography,19,1,66
1262,53,Geography,19,2,70
1263,53,Geography,19,3,65
1264,53,Geography,19,4,62
1265,53,Information Technology,23,1,69
1266,53,Information Technology,23,2,64
1267,53,Information Technology,23,3,72
1268,53,Information Technology,23,4,58
1269,53,History,18,1,58
1270,53,History,18,2,71
1271,53,History,18,3,70
1272,53,History,18,4,72
1273,54,English,4,1,63
1274,54,English,4,2,77
1275,54,English,4,3,67
1276,54,English,4,4,73
1277,54,Afrikaans,7,1,55
1278,54,Afrikaans,7,2,50
1279,54,Afrikaans,7,3,50
1280,54,Afrikaans,7,4,54
1281,54,Mathematics,2,1,64
1282,54,Mathematics,2,2,65
1283,54,Mathematics,2,3,64
1284,54,Mathematics,2,4,71
1285,54,History,16,1,57
1286,54,History,16,2,53
1287,54,History,16,3,54
1288,54,History,16,4,46
1289,54,Geography,21,1,51
1290,54,Geography,21,2,63
1291,54,Geography,21,3,57
1292,54,Geography,21,4,60
1293,54,Accounting,27,1,62
1294,54,Accounting,27,2,59
1295,54,Accounting,27,3,57
1296,54,Accounting,27,4,51
1297,55,English,4,1,86
1298,55,English,4,2,78
1299,55,English,4,3,91
1300,55,English,4,4,76
1301,55,Afrikaans,8,1,55
1302,55,Afrikaans,8,2,64
1303,55,Afrikaans,8,3,49
1304,55,Afrikaans,8,4,60
1305,55,Mathematics,3,1,50
1306,55,Mathematics,3,2,45
1307,55,Mathematics,3,3,45
1308,55,Mathematics,3,4,46
1309,55,History,17,1,59
1310,55,History,17,2,45
1311,55,History,17,3,56
1312,55,History,17,4,51
1313,55,Accounting,26,1,61
1314,55,Accounting,26,2,59
1315,55,Accounting,26,3,66
1316,55,Accounting,26,4,63
1317,55,Life Science,14,1,90
1318,55,Life Science,14,2,81
1319,55,Life Science,14,3,82
1320,55,Life Science,14,4,79
1321,56,English,4,1,52
1322,56,English,4,2,39
1323,56,English,4,3,46
1324,56,English,4,4,50
1325,56,Afrikaans,9,1,77
1326,56,Afrikaans,9,2,87
1327,56,Afrikaans,9,3,77
1328,56,Afrikaans,9,4,89
1329,56,Mathematics,2,1,54
1330,56,Mathematics,2,2,57
1331,56,Mathematics,2,3,67
1332,56,Mathematics,2,4,58
1333,56,Physical Science,10,1,71
1334,56,Physical Science,10,2,57
1335,56,Physical Science,10,3,60
1336,56,Physical Science,10,4,64
1337,56,Life Science,13,1,44
1338,56,Life Science,13,2,50
1339,56,Life Science,13,3,59
1340,56,Life Science,13,4,56
1341,56,History,17,1,77
1342,56,History,17,2,65
1343,56,History,17,3,66
1344,56,History,17,4,79
1345,57,English,5,1,59
1346,57,English,5,2,49
1347,57,English,5,3,48
1348,57,English,5,4,60
1349,57,Afrikaans,7,1,52
1350,57,Afrikaans,7,2,54
1351,57,Afrikaans,7,3,53
1352,57,Afrikaans,7,4,55
1353,57,Mathematics,2,1,67
1354,57,Mathematics,2,2,67
1355,57,Mathematics,2,3,71
1356,57,Mathematics,2,4,65
1357,57,Physical Science,10,1,46
1358,57,Physical Science,10,2,50
1359,57,Physical Science,10,3,48
1360,57,Physical Science,10,4,47
1361,57,Information Technology,22,1,47
1362,57,Information Technology,22,2,49
1363,57,Information Technology,22,3,58
1364,57,Information Technology,22,4,58
1365,57,Life Science,14,1,71
1366,57,Life Science,14,2,61
1367,57,Life Science,14,3,69
1368,57,Life Science,14,4,64
1369,58,English,5,1,76
1370,58,English,5,2,81
1371,58,English,5,3,75
1372,58,English,5,4,70
1373,58,Afrikaans,9,1,47
1374,58,Afrikaans,9,2,51
1375,58,Afrikaans,9,3,43
1376,58,Afrikaans,9,4,48
1377,58,Mathematics,1,1,56
1378,58,Mathematics,1,2,54
1379,58,Mathematics,1,3,59
1380,58,Mathematics,1,4,63
1381,58,Life Science,13,1,79
1382,58,Life Science,13,2,64
1383,58,Life Science,13,3,72
1384,58,Life Science,13,4,71
1385,58,Accounting,26,1,45
1386,58,Accounting,26,2,57
1387,58,Accounting,26,3,59
1388,58,Accounting,26,4,52
1389,58,Geography,19,1,59
1390,58,Geography,19,2,48
1391,58,Geography,19,3,49
1392,58,Geography,19,4,48
1393,59,English,5,1,40
1394,59,English,5,2,46
1395,59,English,5,3,43
1396,59,English,5,4,45
1397,59,Afrikaans,8,1,73
1398,59,Afrikaans,8,2,64
1399,59,Afrikaans,8,3,70
1400,59,Afrikaans,8,4,64
1401,59,Mathematics,3,1,35
1402,59,Mathematics,3,2,39
1403,59,Mathematics,3,3,47
1404,59,Mathematics,3,4,37
1405,59,History,17,1,55
1406,59,History,17,2,48
1407,59,History,17,3,46
1408,59,History,17,4,59
1409,59,Information Technology,24,1,43
1410,59,Information Technology,24,2,51
1411,59,Information Technology,24,3,50
1412,59,Information Technology,24,4,53
1413,59,Accounting,25,1,47
1414,59,Accounting,25,2,48
1415,59,Accounting,25,3,40
1416,59,Accounting,25,4,46
1417,60,English,6,1,57
1418,60,English,6,2,60
1419,60,English,6,3,60
1420,60,English,6,4,66
1421,60,Afrikaans,8,1,47
1422,60,Afrikaans,8,2,53
1423,60,Afrikaans,8,3,55
1424,60,Afrikaans,8,4,61
1425,60,Mathematics,2,1,73
1426,60,Mathematics,2,2,59
1427,60,Mathematics,2,3,60
1428,60,Mathematics,2,4,66
1429,60,Physical Science,12,1,58
1430,60,Physical Science,12,2,67
1431,60,Physical Science,12,3,60
1432,60,Physical Science,12,4,70
1433,60,Life Science,13,1,53
1434,60,Life Science,13,2,65
1435,60,Life Science,13,3,64
1436,60,Life Science,13,4,68
1437,60,History,18,1,89
1438,60,History,18,2,85
1439,60,History,18,3,90
1440,60,History,18,4,84
1441,61,English,4,1,71
1442,61,English,4,2,68
1443,61,English,4,3,63
1444,61,English,4,4,73
1445,61,Afrikaans,9,1,82
1446,61,Afrikaans,9,2,75
1447,61,Afrikaans,9,3,83
1448,61,Afrikaans,9,4,76
1449,61,Mathematics,1,1,78
1450,61,Mathematics,1,2,73
1451,61,Mathematics,1,3,69
1452,61,Mathematics,1,4,67
1453,61,Life Science,13,1,51
1454,61,Life Science,13,2,51
1455,61,Life Science,13,3,52
1456,61,Life Science,13,4,45
1457,61,History,17,1,66
1458,61,History,17,2,65
1459,61,History,17,3,59
1460,61,History,17,4,59
1461,61,Accounting,25,1,59
1462,61,Accounting,25,2,60
1463,61,Accounting,25,3,49
1464,61,Accounting,25,4,60
1465,62,English,4,1,79
1466,62,English,4,2,81
1467,62,English,4,3,90
1468,62,English,4,4,84
1469,62,Afrikaans,9,1,63
1470,62,Afrikaans,9,2,49
1471,62,Afrikaans,9,3,50
1472,62,Afrikaans,9,4,49
1473,62,Mathematics,2,1,53
1474,62,Mathematics,2,2,46
1475,62,Mathematics,2,3,62
1476,62,Mathematics,2,4,61
1477,62,History,18,1,50
1478,62,History,18,2,46
1479,62,History,18,3,44
1480,62,History,18,4,50
1481,62,Physical Science,10,1,51
1482,62,Physical Science,10,2,42
1483,62,Physical Science,10,3,41
1484,62,Physical Science,10,4,45
1485,62,Life Science,14,1,79
1486,62,Life Science,14,2,78
1487,62,Life Science,14,3,91
1488,62,Life Science,14,4,86
1489,63,English,6,1,54
1490,63,English,6,2,55
1491,63,English,6,3,46
1492,63,English,6,4,53
1493,63,Afrikaans,8,1,66
1494,63,Afrikaans,8,2,60
1495,63,Afrikaans,8,3,61
1496,63,Afrikaans,8,4,69
1497,63,Mathematics,2,1,87
1498,63,Mathematics,2,2,82
1499,63,Mathematics,2,3,77
1500,63,Mathematics,2,4,83
1501,63,History,18,1,59
1502,63,History,18,2,66
1503,63,History,18,3,63
1504,63,History,18,4,63
1505,63,Physical Science,11,1,43
1506,63,Physical Science,11,2,38
1507,63,Physical Science,11,3,50
1508,63,Physical Science,11,4,39
1509,63,Information Technology,23,1,56
1510,63,Information Technology,23,2,53
1511,63,Information Technology,23,3,49
1512,63,Information Technology,23,4,61
1513,64,English,5,1,58
1514,64,English,5,2,50
1515,64,English,5,3,55
1516,64,English,5,4,59
1517,64,Afrikaans,8,1,62
1518,64,Afrikaans,8,2,59
1519,64,Afrikaans,8,3,67
1520,64,Afrikaans,8,4,71
1521,64,Mathematics,1,1,40
1522,64,Mathematics,1,2,38
1523,64,Mathematics,1,3,39
1524,64,Mathematics,1,4,34
1525,64,Information Technology,23,1,65
1526,64,Information Technology,23,2,60
1527,64,Information Technology,23,3,57
1528,64,Information Technology,23,4,58
1529,64,History,16,1,78
1530,64,History,16,2,77
1531,64,History,16,3,69
1532,64,History,16,4,77
1533,64,Life Science,15,1,81
1534,64,Life Science,15,2,80
1535,64,Life Science,15,3,81
1536,64,Life Science,15,4,72
1537,65,English,4,1,76
1538,65,English,4,2,74
1539,65,English,4,3,83
1540,65,English,4,4,71
1541,65,Afrikaans,8,1,48
1542,65,Afrikaans,8,2,39
1543,65,Afrikaans,8,3,49
1544,65,Afrikaans,8,4,47
1545,65,Mathematics,3,1,40
1546,65,Mathematics,3,2,48
1547,65,Mathematics,3,3,43
1548,65,Mathematics,3,4,50
1549,65,Accounting,25,1,46
1550,65,Accounting,25,2,46
1551,65,Accounting,25,3,54
1552,65,Accounting,25,4,59
1553,65,Geography,20,1,53
1554,65,Geography,20,2,45
1555,65,Geography,20,3,53
1556,65,Geography,20,4,45
1557,65,Physical Science,11,1,36
1558,65,Physical Science,11,2,43
1559,65,Physical Science,11,3,39
1560,65,Physical Science,11,4,39
1561,66,English,5,1,73
1562,66,English,5,2,74
1563,66,English,5,3,74
1564,66,English,5,4,72
1565,66,Afrikaans,9,1,44
1566,66,Afrikaans,9,2,55
1567,66,Afrikaans,9,3,58
1568,66,Afrikaans,9,4,47
1569,66,Mathematics,1,1,46
1570,66,Mathematics,1,2,35
1571,66,Mathematics,1,3,48
1572,66,Mathematics,1,4,37
1573,66,Physical Science,10,1,63
1574,66,Physical Science,10,2,54
1575,66,Physical Science,10,3,51
1576,66,Physical Science,10,4,48
1577,66,Information Technology,24,1,53
1578,66,Information Technology,24,2,57
1579,66,Information Technology,24,3,50
1580,66,Information Technology,24,4,63
1581,66,History,18,1,56
1582,66,History,18,2,59
1583,66,History,18,3,62
1584,66,History,18,4,62
1585,67,English,6,1,57
1586,67,English,6,2,67
1587,67,English,6,3,60
1588,67,English,6,4,66
1589,67,Afrikaans,7,1,72
1590,67,Afrikaans,7,2,66
1591,67,Afrikaans,7,3,75
1592,67,Afrikaans,7,4,62
1593,67,Mathematics,1,1,62
1594,67,Mathematics,1,2,62
1595,67,Mathematics,1,3,56
1596,67,Mathematics,1,4,55
1597,67,Geography,21,1,57
1598,67,Geography,21,2,60
1599,67,Geography,21,3,59
1600,67,Geography,21,4,58
1601,67,Accounting,26,1,69
1602,67,Accounting,26,2,63
1603,67,Accounting,26,3,57
1604,67,Accounting,26,4,68
1605,67,Information Technology,22,1,81
1606,67,Information Technology,22,2,83
1607,67,Information Technology,22,3,75
1608,67,Information Technology,22,4,83
1609,68,English,4,1,60
1610,68,English,4,2,70
1611,68,English,4,3,59
1612,68,English,4,4,74
1613,68,Afrikaans,7,1,89
1614,68,Afrikaans,7,2,77
1615,68,Afrikaans,7,3,76
1616,68,Afrikaans,7,4,87
1617,68,Mathematics,1,1,48
1618,68,Mathematics,1,2,49
1619,68,Mathematics,1,3,49
1620,68,Mathematics,1,4,47
1621,68,History,17,1,55
1622,68,History,17,2,44
1623,68,History,17,3,55
1624,68,History,17,4,48
1625,68,Life Science,13,1,82
1626,68,Life Science,13,2,86
1627,68,Life Science,13,3,88
1628,68,Life Science,13,4,80
1629,68,Physical Science,12,1,47
1630,68,Physical Science,12,2,47
1631,68,Physical Science,12,3,45
1632,68,Physical Science,12,4,43
1633,69,English,4,1,86
1634,69,English,4,2,72
1635,69,English,4,3,88
1636,69,English,4,4,85
1637,69,Afrikaans,7,1,57
1638,69,Afrikaans,7,2,48
1639,69,Afrikaans,7,3,48
1640,69,Afrikaans,7,4,47
1641,69,Mathematics,2,1,41
1642,69,Mathematics,2,2,47
1643,69,Mathematics,2,3,49
1644,69,Mathematics,2,4,51
1645,69,History,18,1,68
1646,69,History,18,2,71
1647,69,History,18,3,71
1648,69,History,18,4,57
1649,69,Geography,19,1,58
1650,69,Geography,19,2,62
1651,69,Geography,19,3,54
1652,69,Geography,19,4,62
1653,69,Physical Science,12,1,44
1654,69,Physical Science,12,2,42
1655,69,Physical Science,12,3,39
1656,69,Physical Science,12,4,33
1657,70,English,4,1,77
1658,70,English,4,2,80
1659,70,English,4,3,69
1660,70,English,4,4,79
1661,70,Afrikaans,9,1,65
1662,70,Afrikaans,9,2,64
1663,70,Afrikaans,9,3,71
1664,70,Afrikaans,9,4,59
1665,70,Mathematics,1,1,50
1666,70,Mathematics,1,2,55
1667,70,Mathematics,1,3,60
1668,70,Mathematics,1,4,56
1669,70,Physical Science,10,1,60
1670,70,Physical Science,10,2,49
1671,70,Physical Science,10,3,53
1672,70,Physical Science,10,4,61
1673,70,Geography,21,1,65
1674,70,Geography,21,2,67
1675,70,Geography,21,3,68
1676,70,Geography,21,4,63
1677,70,Information Technology,24,1,54
1678,70,Information Technology,24,2,43
1679,70,Information Technology,24,3,40
1680,70,Information Technology,24,4,47
1681,71,English,6,1,83
1682,71,English,6,2,75
1683,71,English,6,3,87
1684,71,English,6,4,71
1685,71,Afrikaans,7,1,54
1686,71,Afrikaans,7,2,54
1687,71,Afrikaans,7,3,49
1688,71,Afrikaans,7,4,55
1689,71,Mathematics,1,1,48
1690,71,Mathematics,1,2,35
1691,71,Mathematics,1,3,45
1692,71,Mathematics,1,4,40
1693,71,Physical Science,11,1,58
1694,71,Physical Science,11,2,61
1695,71,Physical Science,11,3,63
1696,71,Physical Science,11,4,59
1697,71,Information Technology,24,1,78
1698,71,Information Technology,24,2,75
1699,71,Information Technology,24,3,82
1700,71,Information Technology,24,4,86
1701,71,Accounting,25,1,79
1702,71,Accounting,25,2,70
1703,71,Accounting,25,3,80
1704,71,Accounting,25,4,76
1705,72,English,5,1,66
1706,72,English,5,2,69
1707,72,English,5,3,63
1708,72,English,5,4,70
1709,72,Afrikaans,7,1,50
1710,72,Afrikaans,7,2,39
1711,72,Afrikaans,7,3,43
1712,72,Afrikaans,7,4,44
1713,72,Mathematics,3,1,53
1714,72,Mathematics,3,2,52
1715,72,Mathematics,3,3,54
1716,72,Mathematics,3,4,59
1717,72,Life Science,13,1,70
1718,72,Life Science,13,2,70
1719,72,Life Science,13,3,85
1720,72,Life Science,13,4,74
1721,72,Accounting,25,1,45
1722,72,Accounting,25,2,52
1723,72,Accounting,25,3,53
1724,72,Accounting,25,4,54
1725,72,History,18,1,70
1726,72,History,18,2,69
1727,72,History,18,3,68
1728,72,History,18,4,71
1729,73,English,5,1,61
1730,73,English,5,2,69
1731,73,English,5,3,64
1732,73,English,5,4,71
1733,73,Afrikaans,7,1,88
1734,73,Afrikaans,7,2,79
1735,73,Afrikaans,7,3,76
1736,73,Afrikaans,7,4,92
1737,73,Mathematics,2,1,64
1738,73,Mathematics,2,2,64
1739,73,Mathematics,2,3,58
1740,73,Mathematics,2,4,70
1741,73,Physical Science,12,1,44
1742,73,Physical Science,12,2,42
1743,73,Physical Science,12,3,44
1744,73,Physical Science,12,4,42
1745,73,Life Science,13,1,63
1746,73,Life Science,13,2,60
1747,73,Life Science,13,3,58
1748,73,Life Science,13,4,70
1749,73,Accounting,26,1,50
1750,73,Accounting,26,2,61
1751,73,Accounting,26,3,59
1752,73,Accounting,26,4,53
1753,74,English,6,1,55
1754,74,English,6,2,49
1755,74,English,6,3,48
1756,74,English,6,4,53
1757,74,Afrikaans,9,1,74
1758,74,Afrikaans,9,2,63
1759,74,Afrikaans,9,3,68
1760,74,Afrikaans,9,4,72
1761,74,Mathematics,3,1,61
1762,74,Mathematics,3,2,57
1763,74,Mathematics,3,3,62
1764,74,Mathematics,3,4,55
1765,74,Information Technology,24,1,50
1766,74,Information Technology,24,2,54
1767,74,Information Technology,24,3,48
1768,74,Information Technology,24,4,60
1769,74,Geography,19,1,55
1770,74,Geography,19,2,52
1771,74,Geography,19,3,57
1772,74,Geography,19,4,49
1773,74,Life Science,14,1,63
1774,74,Life Science,14,2,59
1775,74,Life Science,14,3,61
1776,74,Life Science,14,4,65
1777,75,English,6,1,71
1778,75,English,6,2,68
1779,75,English,6,3,69
1780,75,English,6,4,74
1781,75,Afrikaans,8,1,59
1782,75,Afrikaans,8,2,45
1783,75,Afrikaans,8,3,46
1784,75,Afrikaans,8,4,59
1785,75,Mathematics,3,1,60
1786,75,Mathematics,3,2,47
1787,75,Mathematics,3,3,56
1788,75,Mathematics,3,4,60
1789,75,Information Technology,24,1,67
1790,75,Information Technology,24,2,55
1791,75,Information Technology,24,3,58
1792,75,Information Technology,24,4,58
1793,75,Geography,19,1,61
1794,75,Geography,19,2,64
1795,75,Geography,19,3,65
1796,75,Geography,19,4,55
1797,75,Accounting,25,1,59
1798,75,Accounting,25,2,56
1799,75,Accounting,25,3,69
1800,75,Accounting,25,4,64
1801,76,English,4,1,84
1802,76,English,4,2,89
1803,76,English,4,3,80
1804,76,English,4,4,79
1805,76,Afrikaans,8,1,73
1806,76,Afrikaans,8,2,71
1807,76,Afrikaans,8,3,70
1808,76,Afrikaans,8,4,70
1809,76,Mathematics,3,1,65
1810,76,Mathematics,3,2,67
1811,76,Mathematics,3,3,76
1812,76,Mathematics,3,4,76
1813,76,Geography,19,1,77
1814,76,Geography,19,2,79
1815,76,Geography,19,3,76
1816,76,Geography,19,4,64
1817,76,History,17,1,48
1818,76,History,17,2,53
1819,76,History,17,3,42
1820,76,History,17,4,52
1821,76,Accounting,26,1,73
1822,76,Accounting,26,2,67
1823,76,Accounting,26,3,67
1824,76,Accounting,26,4,74
1825,77,English,6,1,64
1826,77,English,6,2,62
1827,77,English,6,3,57
1828,77,English,6,4,56
1829,77,Afrikaans,8,1,77
1830,77,Afrikaans,8,2,70
1831,77,Afrikaans,8,3,66
1832,77,Afrikaans,8,4,63
1833,77,Mathematics,2,1,43
1834,77,Mathematics,2,2,43
1835,77,Mathematics,2,3,48
1836,77,Mathematics,2,4,50
1837,77,History,17,1,94
1838,77,History,17,2,88
1839,77,History,17,3,91
1840,77,History,17,4,82
1841,77,Information Technology,23,1,71
1842,77,Information Technology,23,2,67
1843,77,Information Technology,23,3,62
1844,77,Information Technology,23,4,61
1845,77,Physical Science,12,1,55
1846,77,Physical Science,12,2,62
1847,77,Physical Science,12,3,62
1848,77,Physical Science,12,4,59
1849,78,English,4,1,52
1850,78,English,4,2,68
1851,78,English,4,3,57
1852,78,English,4,4,55
1853,78,Afrikaans,8,1,61
1854,78,Afrikaans,8,2,72
1855,78,Afrikaans,8,3,68
1856,78,Afrikaans,8,4,61
1857,78,Mathematics,1,1,71
1858,78,Mathematics,1,2,73
1859,78,Mathematics,1,3,70
1860,78,Mathematics,1,4,71
1861,78,Information Technology,24,1,55
1862,78,Information Technology,24,2,56
1863,78,Information Technology,24,3,54
1864,78,Information Technology,24,4,45
1865,78,Physical Science,12,1,73
1866,78,Physical Science,12,2,80
1867,78,Physical Science,12,3,69
1868,78,Physical Science,12,4,71
1869,78,Life Science,15,1,78
1870,78,Life Science,15,2,87
1871,78,Life Science,15,3,91
1872,78,Life Science,15,4,81
1873,79,English,4,1,80
1874,79,English,4,2,76
1875,79,English,4,3,85
1876,79,English,4,4,75
1877,79,Afrikaans,9,1,72
1878,79,Afrikaans,9,2,78
1879,79,Afrikaans,9,3,72
1880,79,Afrikaans,9,4,72
1881,79,Mathematics,2,1,69
1882,79,Mathematics,2,2,69
1883,79,Mathematics,2,3,71
1884,79,Mathematics,2,4,79
1885,79,Accounting,25,1,57
1886,79,Accounting,25,2,59
1887,79,Accounting,25,3,55
1888,79,Accounting,25,4,51
1889,79,Life Science,15,1,55
1890,79,Life Science,15,2,46
1891,79,Life Science,15,3,55
1892,79,Life Science,15,4,50
1893,79,History,17,1,55
1894,79,History,17,2,55
1895,79,History,17,3,57
1896,79,History,17,4,58
1897,80,English,5,1,90
1898,80,English,5,2,79
1899,80,English,5,3,77
1900,80,English,5,4,91
1901,80,Afrikaans,8,1,44
1902,80,Afrikaans,8,2,49
1903,80,Afrikaans,8,3,48
1904,80,Afrikaans,8,4,55
1905,80,Mathematics,1,1,58
1906,80,Mathematics,1,2,64
1907,80,Mathematics,1,3,51
1908,80,Mathematics,1,4,53
1909,80,Accounting,27,1,46
1910,80,Accounting,27,2,54
1911,80,Accounting,27,3,56
1912,80,Accounting,27,4,55
1913,80,Physical Science,12,1,60
1914,80,Physical Science,12,2,60
1915,80,Physical Science,12,3,58
1916,80,Physical Science,12,4,57
1917,80,Life Science,14,1,51
1918,80,Life Science,14,2,56
1919,80,Life Science,14,3,57
1920,80,Life Science,14,4,60
1921,81,English,6,1,86
1922,81,English,6,2,80
1923,81,English,6,3,89
1924,81,English,6,4,88
1925,81,Afrikaans,7,1,51
1926,81,Afrikaans,7,2,60
1927,81,Afrikaans,7,3,60
1928,81,Afrikaans,7,4,62
1929,81,Mathematics,1,1,61
1930,81,Mathematics,1,2,64
1931,81,Mathematics,1,3,62
1932,81,Mathematics,1,4,54
1933,81,Life Science,14,1,49
1934,81,Life Science,14,2,46
1935,81,Life Science,14,3,50
1936,81,Life Science,14,4,48
1937,81,Accounting,25,1,75
1938,81,Accounting,25,2,74
1939,81,Accounting,25,3,65
1940,81,Accounting,25,4,72
1941,81,Physical Science,11,1,52
1942,81,Physical Science,11,2,56
1943,81,Physical Science,11,3,67
1944,81,Physical Science,11,4,67
1945,82,English,5,1,59
1946,82,English,5,2,60
1947,82,English,5,3,47
1948,82,English,5,4,48
1949,82,Afrikaans,8,1,63
1950,82,Afrikaans,8,2,53
1951,82,Afrikaans,8,3,69
1952,82,Afrikaans,8,4,60
1953,82,Mathematics,2,1,69
1954,82,Mathematics,2,2,69
1955,82,Mathematics,2,3,56
1956,82,Mathematics,2,4,66
1957,82,Life Science,14,1,68
1958,82,Life Science,14,2,64
1959,82,Life Science,14,3,65
1960,82,Life Science,14,4,57
1961,82,Physical Science,11,1,66
1962,82,Physical Science,11,2,65
1963,82,Physical Science,11,3,70
1964,82,Physical Science,11,4,81
1965,82,Geography,19,1,84
1966,82,Geography,19,2,74
1967,82,Geography,19,3,71
1968,82,Geography,19,4,84
1969,83,English,4,1,66
1970,83,English,4,2,69
1971,83,English,4,3,67
1972,83,English,4,4,60
1973,83,Afrikaans,7,1,76
1974,83,Afrikaans,7,2,81
1975,83,Afrikaans,7,3,81
1976,83,Afrikaans,7,4,76
1977,83,Mathematics,1,1,51
1978,83,Mathematics,1,2,51
1979,83,Mathematics,1,3,51
1980,83,Mathematics,1,4,39
1981,83,Geography,19,1,84
1982,83,Geography,19,2,80
1983,83,Geography,19,3,73
1984,83,Geography,19,4,85
1985,83,Information Technology,24,1,39
1986,83,Information Technology,24,2,48
1987,83,Information Technology,24,3,49
1988,83,Information Technology,24,4,37
1989,83,Accounting,27,1,69
1990,83,Accounting,27,2,71
1991,83,Accounting,27,3,78
1992,83,Accounting,27,4,85
1993,84,English,4,1,80
1994,84,English,4,2,88
1995,84,English,4,3,84
1996,84,English,4,4,85
1997,84,Afrikaans,9,1,47
1998,84,Afrikaans,9,2,54
1999,84,Afrikaans,9,3,50
2000,84,Afrikaans,9,4,55
2001,84,Mathematics,1,1,69
2002,84,Mathematics,1,2,58
2003,84,Mathematics,1,3,58
2004,84,Mathematics,1,4,62
2005,84,History,17,1,50
2006,84,History,17,2,51
2007,84,History,17,3,49
2008,84,History,17,4,56
2009,84,Physical Science,11,1,56
2010,84,Physical Science,11,2,54
2011,84,Physical Science,11,3,58
2012,84,Physical Science,11,4,68
2013,84,Life Science,13,1,59
2014,84,Life Science,13,2,49
2015,84,Life Science,13,3,54
2016,84,Life Science,13,4,52
2017,85,English,6,1,54
2018,85,English,6,2,63
2019,85,English,6,3,57
2020,85,English,6,4,65
2021,85,Afrikaans,7,1,59
2022,85,Afrikaans,7,2,52
2023,85,Afrikaans,7,3,62
2024,85,Afrikaans,7,4,50
2025,85,Mathematics,3,1,75
2026,85,Mathematics,3,2,86
2027,85,Mathematics,3,3,86
2028,85,Mathematics,3,4,88
2029,85,History,16,1,63
2030,85,History,16,2,48
2031,85,History,16,3,64
2032,85,History,16,4,49
2033,85,Accounting,26,1,82
2034,85,Accounting,26,2,84
2035,85,Accounting,26,3,85
2036,85,Accounting,26,4,74
2037,85,Geography,20,1,81
2038,85,Geography,20,2,80
2039,85,Geography,20,3,79
2040,85,Geography,20,4,88
2041,86,English,4,1,87
2042,86,English,4,2,93
2043,86,English,4,3,89
2044,86,English,4,4,90
2045,86,Afrikaans,8,1,82
2046,86,Afrikaans,8,2,83
2047,86,Afrikaans,8,3,87
2048,86,Afrikaans,8,4,85
2049,86,Mathematics,1,1,64
2050,86,Mathematics,1,2,54
2051,86,Mathematics,1,3,54
2052,86,Mathematics,1,4,63
2053,86,Physical Science,11,1,84
2054,86,Physical Science,11,2,77
2055,86,Physical Science,11,3,78
2056,86,Physical Science,11,4,74
2057,86,Life Science,13,1,56
2058,86,Life Science,13,2,59
2059,86,Life Science,13,3,61
2060,86,Life Science,13,4,54
2061,86,History,17,1,67
2062,86,History,17,2,61
2063,86,History,17,3,54
2064,86,History,17,4,62
2065,87,English,4,1,89
2066,87,English,4,2,87
2067,87,English,4,3,83
2068,87,English,4,4,87
2069,87,Afrikaans,7,1,53
2070,87,Afrikaans,7,2,40
2071,87,Afrikaans,7,3,37
2072,87,Afrikaans,7,4,49
2073,87,Mathematics,3,1,42
2074,87,Mathematics,3,2,42
2075,87,Mathematics,3,3,47
2076,87,Mathematics,3,4,49
2077,87,Accounting,25,1,53
2078,87,Accounting,25,2,52
2079,87,Accounting,25,3,48
2080,87,Accounting,25,4,45
2081,87,Information Technology,24,1,59
2082,87,Information Technology,24,2,54
2083,87,Information Technology,24,3,64
2084,87,Information Technology,24,4,67
2085,87,Life Science,15,1,51
2086,87,Life Science,15,2,56
2087,87,Life Science,15,3,51
2088,87,Life Science,15,4,60
2089,88,English,6,1,58
2090,88,English,6,2,69
2091,88,English,6,3,69
2092,88,English,6,4,70
2093,88,Afrikaans,8,1,58
2094,88,Afrikaans,8,2,57
2095,88,Afrikaans,8,3,65
2096,88,Afrikaans,8,4,63
2097,88,Mathematics,2,1,85
2098,88,Mathematics,2,2,78
2099,88,Mathematics,2,3,82
2100,88,Mathematics,2,4,77
2101,88,Geography,20,1,60
2102,88,Geography,20,2,65
2103,88,Geography,20,3,56
2104,88,Geography,20,4,53
2105,88,Physical Science,10,1,46
2106,88,Physical Science,10,2,57
2107,88,Physical Science,10,3,44
2108,88,Physical Science,10,4,53
2109,88,Life Science,15,1,53
2110,88,Life Science,15,2,48
2111,88,Life Science,15,3,48
2112,88,Life Science,15,4,44
2113,89,English,6,1,57
2114,89,English,6,2,49
2115,89,English,6,3,59
2116,89,English,6,4,63
2117,89,Afrikaans,9,1,47
2118,89,Afrikaans,9,2,50
2119,89,Afrikaans,9,3,56
2120,89,Afrikaans,9,4,47
2121,89,Mathematics,1,1,81
2122,89,Mathematics,1,2,87
2123,89,Mathematics,1,3,83
2124,89,Mathematics,1,4,74
2125,89,Accounting,26,1,70
2126,89,Accounting,26,2,61
2127,89,Accounting,26,3,59
2128,89,Accounting,26,4,70
2129,89,Life Science,15,1,58
2130,89,Life Science,15,2,47
2131,89,Life Science,15,3,55
2132,89,Life Science,15,4,54
2133,89,History,17,1,56
2134,89,History,17,2,52
2135,89,History,17,3,51
2136,89,History,17,4,55
2137,90,English,5,1,71
2138,90,English,5,2,69
2139,90,English,5,3,66
2140,90,English,5,4,76
2141,90,Afrikaans,9,1,67
2142,90,Afrikaans,9,2,70
2143,90,Afrikaans,9,3,78
2144,90,Afrikaans,9,4,81
2145,90,Mathematics,3,1,54
2146,90,Mathematics,3,2,48
2147,90,Mathematics,3,3,57
2148,90,Mathematics,3,4,59
2149,90,Life Science,13,1,57
2150,90,Life Science,13,2,53
2151,90,Life Science,13,3,54
2152,90,Life Science,13,4,45
2153,90,Physical Science,12,1,74
2154,90,Physical Science,12,2,79
2155,90,Physical Science,12,3,79
2156,90,Physical Science,12,4,77
2157,90,Information Technology,22,1,67
2158,90,Information Technology,22,2,75
2159,90,Information Technology,22,3,72
2160,90,Information Technology,22,4,76
2161,91,English,5,1,73
2162,91,English,5,2,74
2163,91,English,5,3,76
2164,91,English,5,4,71
2165,91,Afrikaans,8,1,79
2166,91,Afrikaans,8,2,83
2167,91,Afrikaans,8,3,83
2168,91,Afrikaans,8,4,90
2169,91,Mathematics,1,1,44
2170,91,Mathematics,1,2,51
2171,91,Mathematics,1,3,40
2172,91,Mathematics,1,4,42
2173,91,Life Science,15,1,53
2174,91,Life Science,15,2,49
2175,91,Life Science,15,3,40
2176,91,Life Science,15,4,41
2177,91,History,18,1,45
2178,91,History,18,2,49
2179,91,History,18,3,52
2180,91,History,18,4,46
2181,91,Information Technology,24,1,78
2182,91,Information Technology,24,2,79
2183,91,Information Technology,24,3,84
2184,91,Information Technology,24,4,83
2185,92,English,4,1,79
2186,92,English,4,2,80
2187,92,English,4,3,77
2188,92,English,4,4,67
2189,92,Afrikaans,9,1,64
2190,92,Afrikaans,9,2,61
2191,92,Afrikaans,9,3,63
2192,92,Afrikaans,9,4,62
2193,92,Mathematics,2,1,47
2194,92,Mathematics,2,2,52
2195,92,Mathematics,2,3,39
2196,92,Mathematics,2,4,45
2197,92,Geography,20,1,60
2198,92,Geography,20,2,67
2199,92,Geography,20,3,72
2200,92,Geography,20,4,70
2201,92,Physical Science,10,1,55
2202,92,Physical Science,10,2,70
2203,92,Physical Science,10,3,60
2204,92,Physical Science,10,4,62
2205,92,Accounting,27,1,54
2206,92,Accounting,27,2,51
2207,92,Accounting,27,3,46
2208,92,Accounting,27,4,51
2209,93,English,4,1,62
2210,93,English,4,2,66
2211,93,English,4,3,65
2212,93,English,4,4,63
2213,93,Afrikaans,8,1,49
2214,93,Afrikaans,8,2,39
2215,93,Afrikaans,8,3,46
2216,93,Afrikaans,8,4,43
2217,93,Mathematics,3,1,60
2218,93,Mathematics,3,2,67
2219,93,Mathematics,3,3,70
2220,93,Mathematics,3,4,58
2221,93,Accounting,26,1,49
2222,93,Accounting,26,2,51
2223,93,Accounting,26,3,52
2224,93,Accounting,26,4,50
2225,93,History,17,1,52
2226,93,History,17,2,48
2227,93,History,17,3,61
2228,93,History,17,4,49
2229,93,Geography,19,1,59
2230,93,Geography,19,2,65
2231,93,Geography,19,3,60
2232,93,Geography,19,4,63
2233,94,English,6,1,91
2234,94,English,6,2,86
2235,94,English,6,3,87
2236,94,English,6,4,80
2237,94,Afrikaans,9,1,55
2238,94,Afrikaans,9,2,61
2239,94,Afrikaans,9,3,54
2240,94,Afrikaans,9,4,58
2241,94,Mathematics,1,1,67
2242,94,Mathematics,1,2,66
2243,94,Mathematics,1,3,62
2244,94,Mathematics,1,4,61
2245,94,History,18,1,81
2246,94,History,18,2,88
2247,94,History,18,3,87
2248,94,History,18,4,90
2249,94,Information Technology,23,1,45
2250,94,Information Technology,23,2,55
2251,94,Information Technology,23,3,52
2252,94,Information Technology,23,4,52
2253,94,Geography,21,1,74
2254,94,Geography,21,2,77
2255,94,Geography,21,3,70
2256,94,Geography,21,4,76
2257,95,English,6,1,83
2258,95,English,6,2,83
2259,95,English,6,3,80
2260,95,English,6,4,78
2261,95,Afrikaans,7,1,71
2262,95,Afrikaans,7,2,73
2263,95,Afrikaans,7,3,70
2264,95,Afrikaans,7,4,76
2265,95,Mathematics,3,1,46
2266,95,Mathematics,3,2,48
2267,95,Mathematics,3,3,42
2268,95,Mathematics,3,4,42
2269,95,Geography,19,1,56
2270,95,Geography,19,2,40
2271,95,Geography,19,3,52
2272,95,Geography,19,4,46
2273,95,Physical Science,11,1,40
2274,95,Physical Science,11,2,47
2275,95,Physical Science,11,3,36
2276,95,Physical Science,11,4,43
2277,95,Information Technology,22,1,67
2278,95,Information Technology,22,2,69
2279,95,Information Technology,22,3,64
2280,95,Information Technology,22,4,74
2281,96,English,6,1,87
2282,96,English,6,2,73
2283,96,English,6,3,83
2284,96,English,6,4,82
2285,96,Afrikaans,8,1,69
2286,96,Afrikaans,8,2,76
2287,96,Afrikaans,8,3,74
2288,96,Afrikaans,8,4,85
2289,96,Mathematics,1,1,54
2290,96,Mathematics,1,2,45
2291,96,Mathematics,1,3,45
2292,96,Mathematics,1,4,44
2293,96,Geography,19,1,80
2294,96,Geography,19,2,70
2295,96,Geography,19,3,76
2296,96,Geography,19,4,84
2297,96,History,17,1,56
2298,96,History,17,2,62
2299,96,History,17,3,65
2300,96,History,17,4,61
2301,96,Information Technology,23,1,43
2302,96,Information Technology,23,2,53
2303,96,Information Technology,23,3,48
2304,96,Information Technology,23,4,49
2305,97,English,4,1,83
2306,97,English,4,2,70
2307,97,English,4,3,70
2308,97,English,4,4,79
2309,97,Afrikaans,8,1,59
2310,97,Afrikaans,8,2,51
2311,97,Afrikaans,8,3,51
2312,97,Afrikaans,8,4,48
2313,97,Mathematics,3,1,68
2314,97,Mathematics,3,2,67
2315,97,Mathematics,3,3,58
2316,97,Mathematics,3,4,72
2317,97,Physical Science,11,1,58
2318,97,Physical Science,11,2,53
2319,97,Physical Science,11,3,62
2320,97,Physical Science,11,4,58
2321,97,Accounting,26,1,67
2322,97,Accounting,26,2,71
2323,97,Accounting,26,3,71
2324,97,Accounting,26,4,56
2325,97,Life Science,13,1,74
2326,97,Life Science,13,2,84
2327,97,Life Science,13,3,75
2328,97,Life Science,13,4,77
2329,98,English,5,1,59
2330,98,English,5,2,51
2331,98,English,5,3,49
2332,98,English,5,4,47
2333,98,Afrikaans,9,1,53
2334,98,Afrikaans,9,2,59
2335,98,Afrikaans,9,3,51
2336,98,Afrikaans,9,4,55
2337,98,Mathematics,3,1,68
2338,98,Mathematics,3,2,61
2339,98,Mathematics,3,3,73
2340,98,Mathematics,3,4,73
2341,98,Accounting,26,1,70
2342,98,Accounting,26,2,69
2343,98,Accounting,26,3,77
2344,98,Accounting,26,4,64
2345,98,Information Technology,24,1,51
2346,98,Information Technology,24,2,54
2347,98,Information Technology,24,3,55
2348,98,Information Technology,24,4,54
2349,98,Physical Science,10,1,86
2350,98,Physical Science,10,2,71
2351,98,Physical Science,10,3,74
2352,98,Physical Science,10,4,71
2353,99,English,6,1,57
2354,99,English,6,2,54
2355,99,English,6,3,65
2356,99,English,6,4,61
2357,99,Afrikaans,9,1,75
2358,99,Afrikaans,9,2,84
2359,99,Afrikaans,9,3,77
2360,99,Afrikaans,9,4,81
2361,99,Mathematics,3,1,75
2362,99,Mathematics,3,2,75
2363,99,Mathematics,3,3,65
2364,99,Mathematics,3,4,67
2365,99,Accounting,27,1,64
2366,99,Accounting,27,2,65
2367,99,Accounting,27,3,76
2368,99,Accounting,27,4,68
2369,99,History,18,1,60
2370,99,History,18,2,64
2371,99,History,18,3,52
2372,99,History,18,4,57
2373,99,Physical Science,11,1,66
2374,99,Physical Science,11,2,58
2375,99,Physical Science,11,3,57
2376,99,Physical Science,11,4,54
2377,100,English,5,1,67
2378,100,English,5,2,67
2379,100,English,5,3,64
2380,100,English,5,4,55
2381,100,Afrikaans,7,1,78
2382,100,Afrikaans,7,2,80
2383,100,Afrikaans,7,3,90
2384,100,Afrikaans,7,4,76
2385,100,Mathematics,1,1,82
2386,100,Mathematics,1,2,69
2387,100,Mathematics,1,3,68
2388,100,Mathematics,1,4,81
2389,100,Life Science,13,1,46
2390,100,Life Science,13,2,59
2391,100,Life Science,13,3,62
2392,100,Life Science,13,4,59
2393,100,Geography,21,1,63
2394,100,Geography,21,2,78
2395,100,Geography,21,3,75
2396,100,Geography,21,4,69
2397,100,Information Technology,23,1,77
2398,100,Information Technology,23,2,76
2399,100,Information Technology,23,3,68
2400,100,Information Technology,23,4,78
2401,101,English,6,1,55
2402,101,English,6,2,62
2403,101,English,6,3,54
2404,101,English,6,4,49
2405,101,Afrikaans,7,1,68
2406,101,Afrikaans,7,2,63
2407,101,Afrikaans,7,3,61
2408,101,Afrikaans,7,4,55
2409,101,Mathematics,2,1,48
2410,101,Mathematics,2,2,35
2411,101,Mathematics,2,3,48
2412,101,Mathematics,2,4,32
2413,101,History,17,1,70
2414,101,History,17,2,74
2415,101,History,17,3,77
2416,101,History,17,4,75
2417,101,Life Science,15,1,48
2418,101,Life Science,15,2,57
2419,101,Life Science,15,3,52
2420,101,Life Science,15,4,52
2421,101,Geography,21,1,86
2422,101,Geography,21,2,84
2423,101,Geography,21,3,81
2424,101,Geography,21,4,85
2425,102,English,5,1,65
2426,102,English,5,2,67
2427,102,English,5,3,57
2428,102,English,5,4,63
2429,102,Afrikaans,7,1,87
2430,102,Afrikaans,7,2,80
2431,102,Afrikaans,7,3,81
2432,102,Afrikaans,7,4,83
2433,102,Mathematics,3,1,61
2434,102,Mathematics,3,2,60
2435,102,Mathematics,3,3,64
2436,102,Mathematics,3,4,71
2437,102,Accounting,27,1,47
2438,102,Accounting,27,2,50
2439,102,Accounting,27,3,60
2440,102,Accounting,27,4,56
2441,102,Geography,20,1,61
2442,102,Geography,20,2,65
2443,102,Geography,20,3,72
2444,102,Geography,20,4,60
2445,102,Physical Science,10,1,39
2446,102,Physical Science,10,2,50
2447,102,Physical Science,10,3,48
2448,102,Physical Science,10,4,37
2449,103,English,6,1,51
2450,103,English,6,2,50
2451,103,English,6,3,54
2452,103,English,6,4,45
2453,103,Afrikaans,9,1,76
2454,103,Afrikaans,9,2,87
2455,103,Afrikaans,9,3,87
2456,103,Afrikaans,9,4,91
2457,103,Mathematics,1,1,51
2458,103,Mathematics,1,2,55
2459,103,Mathematics,1,3,65
2460,103,Mathematics,1,4,64
2461,103,Geography,19,1,45
2462,103,Geography,19,2,55
2463,103,Geography,19,3,48
2464,103,Geography,19,4,45
2465,103,History,18,1,58
2466,103,History,18,2,58
2467,103,History,18,3,49
2468,103,History,18,4,47
2469,103,Accounting,26,1,47
2470,103,Accounting,26,2,43
2471,103,Accounting,26,3,36
2472,103,Accounting,26,4,41
2473,104,English,5,1,52
2474,104,English,5,2,56
2475,104,English,5,3,55
2476,104,English,5,4,56
2477,104,Afrikaans,9,1,68
2478,104,Afrikaans,9,2,78
2479,104,Afrikaans,9,3,62
2480,104,Afrikaans,9,4,64
2481,104,Mathematics,1,1,46
2482,104,Mathematics,1,2,48
2483,104,Mathematics,1,3,48
2484,104,Mathematics,1,4,45
2485,104,History,17,1,60
2486,104,History,17,2,68
2487,104,History,17,3,66
2488,104,History,17,4,54
2489,104,Accounting,26,1,55
2490,104,Accounting,26,2,63
2491,104,Accounting,26,3,66
2492,104,Accounting,26,4,53
2493,104,Physical Science,10,1,67
2494,104,Physical Science,10,2,81
2495,104,Physical Science,10,3,74
2496,104,Physical Science,10,4,75
2497,105,English,6,1,62
2498,105,English,6,2,54
2499,105,English,6,3,54
2500,105,English,6,4,60
2501,105,Afrikaans,8,1,76
2502,105,Afrikaans,8,2,68
2503,105,Afrikaans,8,3,71
2504,105,Afrikaans,8,4,75
2505,105,Mathematics,2,1,61
2506,105,Mathematics,2,2,76
2507,105,Mathematics,2,3,64
2508,105,Mathematics,2,4,69
2509,105,Life Science,13,1,54
2510,105,Life Science,13,2,49
2511,105,Life Science,13,3,49
2512,105,Life Science,13,4,52
2513,105,History,17,1,77
2514,105,History,17,2,82
2515,105,History,17,3,66
2516,105,History,17,4,74
2517,105,Geography,19,1,63
2518,105,Geography,19,2,56
2519,105,Geography,19,3,66
2520,105,Geography,19,4,64
2521,106,English,5,1,48
2522,106,English,5,2,58
2523,106,English,5,3,53
2524,106,English,5,4,54
2525,106,Afrikaans,7,1,58
2526,106,Afrikaans,7,2,55
2527,106,Afrikaans,7,3,56
2528,106,Afrikaans,7,4,65
2529,106,Mathematics,1,1,51
2530,106,Mathematics,1,2,51
2531,106,Mathematics,1,3,52
2532,106,Mathematics,1,4,50
2533,106,Accounting,26,1,54
2534,106,Accounting,26,2,55
2535,106,Accounting,26,3,59
2536,106,Accounting,26,4,52
2537,106,Geography,21,1,48
2538,106,Geography,21,2,47
2539,106,Geography,21,3,60
2540,106,Geography,21,4,45
2541,106,History,16,1,75
2542,106,History,16,2,89
2543,106,History,16,3,85
2544,106,History,16,4,84
2545,107,English,6,1,78
2546,107,English,6,2,85
2547,107,English,6,3,75
2548,107,English,6,4,86
2549,107,Afrikaans,8,1,66
2550,107,Afrikaans,8,2,61
2551,107,Afrikaans,8,3,58
2552,107,Afrikaans,8,4,55
2553,107,Mathematics,3,1,78
2554,107,Mathematics,3,2,80
2555,107,Mathematics,3,3,66
2556,107,Mathematics,3,4,81
2557,107,Accounting,27,1,68
2558,107,Accounting,27,2,61
2559,107,Accounting,27,3,70
2560,107,Accounting,27,4,59
2561,107,Geography,21,1,86
2562,107,Geography,21,2,82
2563,107,Geography,21,3,72
2564,107,Geography,21,4,72
2565,107,Physical Science,10,1,55
2566,107,Physical Science,10,2,46
2567,107,Physical Science,10,3,53
2568,107,Physical Science,10,4,54
2569,108,English,5,1,86
2570,108,English,5,2,83
2571,108,English,5,3,86
2572,108,English,5,4,85
2573,108,Afrikaans,7,1,69
2574,108,Afrikaans,7,2,64
2575,108,Afrikaans,7,3,65
2576,108,Afrikaans,7,4,59
2577,108,Mathematics,2,1,76
2578,108,Mathematics,2,2,69
2579,108,Mathematics,2,3,76
2580,108,Mathematics,2,4,74
2581,108,Geography,19,1,74
2582,108,Geography,19,2,70
2583,108,Geography,19,3,76
2584,108,Geography,19,4,67
2585,108,Physical Science,12,1,70
2586,108,Physical Science,12,2,73
2587,108,Physical Science,12,3,69
2588,108,Physical Science,12,4,74
2589,108,History,16,1,68
2590,108,History,16,2,67
2591,108,History,16,3,61
2592,108,History,16,4,59
2593,109,English,5,1,63
2594,109,English,5,2,48
2595,109,English,5,3,53
2596,109,English,5,4,61
2597,109,Afrikaans,9,1,72
2598,109,Afrikaans,9,2,84
2599,109,Afrikaans,9,3,78
2600,109,Afrikaans,9,4,83
2601,109,Mathematics,1,1,59
2602,109,Mathematics,1,2,52
2603,109,Mathematics,1,3,63
2604,109,Mathematics,1,4,54
2605,109,History,18,1,51
2606,109,History,18,2,56
2607,109,History,18,3,58
2608,109,History,18,4,65
2609,109,Accounting,26,1,77
2610,109,Accounting,26,2,88
2611,109,Accounting,26,3,84
2612,109,Accounting,26,4,82
2613,109,Physical Science,10,1,64
2614,109,Physical Science,10,2,61
2615,109,Physical Science,10,3,64
2616,109,Physical Science,10,4,53
2617,110,English,6,1,68
2618,110,English,6,2,76
2619,110,English,6,3,71
2620,110,English,6,4,70
2621,110,Afrikaans,9,1,66
2622,110,Afrikaans,9,2,65
2623,110,Afrikaans,9,3,71
2624,110,Afrikaans,9,4,70
2625,110,Mathematics,1,1,62
2626,110,Mathematics,1,2,72
2627,110,Mathematics,1,3,69
2628,110,Mathematics,1,4,74
2629,110,Geography,21,1,83
2630,110,Geography,21,2,84
2631,110,Geography,21,3,89
2632,110,Geography,21,4,92
2633,110,Information Technology,24,1,87
2634,110,Information Technology,24,2,77
2635,110,Information Technology,24,3,77
2636,110,Information Technology,24,4,80
2637,110,Physical Science,10,1,58
2638,110,Physical Science,10,2,61
2639,110,Physical Science,10,3,61
2640,110,Physical Science,10,4,60
2641,111,English,5,1,68
2642,111,English,5,2,64
2643,111,English,5,3,70
2644,111,English,5,4,67
2645,111,Afrikaans,7,1,90
2646,111,Afrikaans,7,2,88
2647,111,Afrikaans,7,3,87
2648,111,Afrikaans,7,4,79
2649,111,Mathematics,3,1,43
2650,111,Mathematics,3,2,47
2651,111,Mathematics,3,3,50
2652,111,Mathematics,3,4,51
2653,111,Accounting,26,1,45
2654,111,Accounting,26,2,44
2655,111,Accounting,26,3,51
2656,111,Accounting,26,4,42
2657,111,Information Technology,23,1,43
2658,111,Information Technology,23,2,56
2659,111,Information Technology,23,3,42
2660,111,Information Technology,23,4,41
2661,111,Geography,21,1,80
2662,111,Geography,21,2,66
2663,111,Geography,21,3,67
2664,111,Geography,21,4,72
2665,112,English,4,1,82
2666,112,English,4,2,80
2667,112,English,4,3,90
2668,112,English,4,4,87
2669,112,Afrikaans,7,1,58
2670,112,Afrikaans,7,2,60
2671,112,Afrikaans,7,3,65
2672,112,Afrikaans,7,4,55
2673,112,Mathematics,1,1,56
2674,112,Mathematics,1,2,45
2675,112,Mathematics,1,3,40
2676,112,Mathematics,1,4,41
2677,112,Geography,21,1,71
2678,112,Geography,21,2,76
2679,112,Geography,21,3,75
2680,112,Geography,21,4,69
2681,112,Physical Science,11,1,79
2682,112,Physical Science,11,2,69
2683,112,Physical Science,11,3,70
2684,112,Physical Science,11,4,79
2685,112,Life Science,15,1,91
2686,112,Life Science,15,2,94
2687,112,Life Science,15,3,87
2688,112,Life Science,15,4,89
2689,113,English,5,1,76
2690,113,English,5,2,71
2691,113,English,5,3,83
2692,113,English,5,4,78
2693,113,Afrikaans,8,1,73
2694,113,Afrikaans,8,2,68
2695,113,Afrikaans,8,3,64
2696,113,Afrikaans,8,4,69
2697,113,Mathematics,2,1,32
2698,113,Mathematics,2,2,48
2699,113,Mathematics,2,3,36
2700,113,Mathematics,2,4,43
2701,113,Information Technology,22,1,68
2702,113,Information Technology,22,2,53
2703,113,Information Technology,22,3,68
2704,113,Information Technology,22,4,68
2705,113,History,17,1,59
2706,113,History,17,2,72
2707,113,History,17,3,68
2708,113,History,17,4,66
2709,113,Geography,20,1,50
2710,113,Geography,20,2,45
2711,113,Geography,20,3,52
2712,113,Geography,20,4,52
2713,114,English,5,1,71
2714,114,English,5,2,69
2715,114,English,5,3,76
2716,114,English,5,4,76
2717,114,Afrikaans,7,1,59
2718,114,Afrikaans,7,2,53
2719,114,Afrikaans,7,3,64
2720,114,Afrikaans,7,4,58
2721,114,Mathematics,1,1,73
2722,114,Mathematics,1,2,74
2723,114,Mathematics,1,3,73
2724,114,Mathematics,1,4,78
2725,114,Accounting,25,1,48
2726,114,Accounting,25,2,51
2727,114,Accounting,25,3,50
2728,114,Accounting,25,4,55
2729,114,Geography,19,1,60
2730,114,Geography,19,2,60
2731,114,Geography,19,3,54
2732,114,Geography,19,4,61
2733,114,Physical Science,12,1,52
2734,114,Physical Science,12,2,42
2735,114,Physical Science,12,3,46
2736,114,Physical Science,12,4,43
2737,115,English,4,1,73
2738,115,English,4,2,78
2739,115,English,4,3,76
2740,115,English,4,4,82
2741,115,Afrikaans,7,1,58
2742,115,Afrikaans,7,2,68
2743,115,Afrikaans,7,3,54
2744,115,Afrikaans,7,4,61
2745,115,Mathematics,3,1,41
2746,115,Mathematics,3,2,37
2747,115,Mathematics,3,3,52
2748,115,Mathematics,3,4,43
2749,115,Life Science,13,1,72
2750,115,Life Science,13,2,68
2751,115,Life Science,13,3,74
2752,115,Life Science,13,4,70
2753,115,History,18,1,70
2754,115,History,18,2,79
2755,115,History,18,3,71
2756,115,History,18,4,73
2757,115,Accounting,26,1,45
2758,115,Accounting,26,2,49
2759,115,Accounting,26,3,39
2760,115,Accounting,26,4,52
2761,116,English,4,1,56
2762,116,English,4,2,58
2763,116,English,4,3,62
2764,116,English,4,4,50
2765,116,Afrikaans,9,1,51
2766,116,Afrikaans,9,2,56
2767,116,Afrikaans,9,3,58
2768,116,Afrikaans,9,4,51
2769,116,Mathematics,1,1,40
2770,116,Mathematics,1,2,48
2771,116,Mathematics,1,3,37
2772,116,Mathematics,1,4,50
2773,116,History,18,1,68
2774,116,History,18,2,65
2775,116,History,18,3,62
2776,116,History,18,4,63
2777,116,Geography,19,1,50
2778,116,Geography,19,2,65
2779,116,Geography,19,3,52
2780,116,Geography,19,4,57
2781,116,Information Technology,23,1,74
2782,116,Information Technology,23,2,71
2783,116,Information Technology,23,3,76
2784,116,Information Technology,23,4,66
2785,117,English,5,1,55
2786,117,English,5,2,59
2787,117,English,5,3,65
2788,117,English,5,4,62
2789,117,Afrikaans,7,1,42
2790,117,Afrikaans,7,2,45
2791,117,Afrikaans,7,3,40
2792,117,Afrikaans,7,4,49
2793,117,Mathematics,3,1,47
2794,117,Mathematics,3,2,48
2795,117,Mathematics,3,3,62
2796,117,Mathematics,3,4,51
2797,117,Physical Science,10,1,55
2798,117,Physical Science,10,2,60
2799,117,Physical Science,10,3,58
2800,117,Physical Science,10,4,68
2801,117,Accounting,26,1,49
2802,117,Accounting,26,2,40
2803,117,Accounting,26,3,40
2804,117,Accounting,26,4,50
2805,117,Life Science,13,1,50
2806,117,Life Science,13,2,51
2807,117,Life Science,13,3,62
2808,117,Life Science,13,4,54
2809,118,English,4,1,70
2810,118,English,4,2,73
2811,118,English,4,3,65
2812,118,English,4,4,59
2813,118,Afrikaans,9,1,72
2814,118,Afrikaans,9,2,65
2815,118,Afrikaans,9,3,69
2816,118,Afrikaans,9,4,62
2817,118,Mathematics,1,1,77
2818,118,Mathematics,1,2,72
2819,118,Mathematics,1,3,78
2820,118,Mathematics,1,4,69
2821,118,Accounting,25,1,75
2822,118,Accounting,25,2,81
2823,118,Accounting,25,3,80
2824,118,Accounting,25,4,84
2825,118,Life Science,15,1,60
2826,118,Life Science,15,2,57
2827,118,Life Science,15,3,71
2828,118,Life Science,15,4,59
2829,118,History,18,1,77
2830,118,History,18,2,76
2831,118,History,18,3,79
2832,118,History,18,4,82
2833,119,English,5,1,55
2834,119,English,5,2,51
2835,119,English,5,3,44
2836,119,English,5,4,39
2837,119,Afrikaans,7,1,87
2838,119,Afrikaans,7,2,83
2839,119,Afrikaans,7,3,86
2840,119,Afrikaans,7,4,78
2841,119,Mathematics,3,1,78
2842,119,Mathematics,3,2,72
2843,119,Mathematics,3,3,82
2844,119,Mathematics,3,4,81
2845,119,Information Technology,24,1,74
2846,119,Information Technology,24,2,79
2847,119,Information Technology,24,3,80
2848,119,Information Technology,24,4,83
2849,119,Physical Science,12,1,53
2850,119,Physical Science,12,2,53
2851,119,Physical Science,12,3,66
2852,119,Physical Science,12,4,52
2853,119,Geography,20,1,45
2854,119,Geography,20,2,46
2855,119,Geography,20,3,42
2856,119,Geography,20,4,47
2857,120,English,6,1,60
2858,120,English,6,2,51
2859,120,English,6,3,48
2860,120,English,6,4,46
2861,120,Afrikaans,9,1,85
2862,120,Afrikaans,9,2,88
2863,120,Afrikaans,9,3,89
2864,120,Afrikaans,9,4,81
2865,120,Mathematics,3,1,46
2866,120,Mathematics,3,2,42
2867,120,Mathematics,3,3,37
2868,120,Mathematics,3,4,35
2869,120,Physical Science,12,1,58
2870,120,Physical Science,12,2,45
2871,120,Physical Science,12,3,57
2872,120,Physical Science,12,4,44
2873,120,Life Science,14,1,74
2874,120,Life Science,14,2,72
2875,120,Life Science,14,3,62
2876,120,Life Science,14,4,69
2877,120,Accounting,27,1,68
2878,120,Accounting,27,2,69
2879,120,Accounting,27,3,76
2880,120,Accounting,27,4,69
2881,121,English,5,1,68
2882,121,English,5,2,55
2883,121,English,5,3,55
2884,121,English,5,4,59
2885,121,Afrikaans,9,1,83
2886,121,Afrikaans,9,2,77
2887,121,Afrikaans,9,3,77
2888,121,Afrikaans,9,4,87
2889,121,Mathematics,2,1,52
2890,121,Mathematics,2,2,60
2891,121,Mathematics,2,3,50
2892,121,Mathematics,2,4,58
2893,121,Geography,21,1,81
2894,121,Geography,21,2,71
2895,121,Geography,21,3,73
2896,121,Geography,21,4,73
2897,121,Physical Science,10,1,77
2898,121,Physical Science,10,2,81
2899,121,Physical Science,10,3,75
2900,121,Physical Science,10,4,70
2901,121,Life Science,13,1,86
2902,121,Life Science,13,2,83
2903,121,Life Science,13,3,82
2904,121,Life Science,13,4,82
2905,122,English,4,1,75
2906,122,English,4,2,75
2907,122,English,4,3,72
2908,122,English,4,4,69
2909,122,Afrikaans,7,1,79
2910,122,Afrikaans,7,2,85
2911,122,Afrikaans,7,3,81
2912,122,Afrikaans,7,4,84
2913,122,Mathematics,2,1,74
2914,122,Mathematics,2,2,72
2915,122,Mathematics,2,3,60
2916,122,Mathematics,2,4,61
2917,122,Geography,19,1,57
2918,122,Geography,19,2,73
2919,122,Geography,19,3,61
2920,122,Geography,19,4,66
2921,122,History,16,1,49
2922,122,History,16,2,47
2923,122,History,16,3,46
2924,122,History,16,4,50
2925,122,Information Technology,23,1,44
2926,122,Information Technology,23,2,52
2927,122,Information Technology,23,3,40
2928,122,Information Technology,23,4,39
2929,123,English,4,1,55
2930,123,English,4,2,52
2931,123,English,4,3,45
2932,123,English,4,4,45
2933,123,Afrikaans,9,1,64
2934,123,Afrikaans,9,2,60
2935,123,Afrikaans,9,3,60
2936,123,Afrikaans,9,4,61
2937,123,Mathematics,1,1,53
2938,123,Mathematics,1,2,63
2939,123,Mathematics,1,3,57
2940,123,Mathematics,1,4,53
2941,123,Geography,19,1,74
2942,123,Geography,19,2,64
2943,123,Geography,19,3,74
2944,123,Geography,19,4,62
2945,123,Accounting,27,1,81
2946,123,Accounting,27,2,73
2947,123,Accounting,27,3,84
2948,123,Accounting,27,4,74
2949,123,Information Technology,22,1,48
2950,123,Information Technology,22,2,49
2951,123,Information Technology,22,3,51
2952,123,Information Technology,22,4,51
2953,124,English,5,1,53
2954,124,English,5,2,46
2955,124,English,5,3,58
2956,124,English,5,4,47
2957,124,Afrikaans,9,1,72
2958,124,Afrikaans,9,2,57
2959,124,Afrikaans,9,3,66
2960,124,Afrikaans,9,4,60
2961,124,Mathematics,1,1,68
2962,124,Mathematics,1,2,59
2963,124,Mathematics,1,3,56
2964,124,Mathematics,1,4,53
2965,124,Life Science,14,1,77
2966,124,Life Science,14,2,79
2967,124,Life Science,14,3,65
2968,124,Life Science,14,4,70
2969,124,Geography,19,1,75
2970,124,Geography,19,2,78
2971,124,Geography,19,3,70
2972,124,Geography,19,4,70
2973,124,Accounting,25,1,57
2974,124,Accounting,25,2,70
2975,124,Accounting,25,3,56
2976,124,Accounting,25,4,67
2977,125,English,4,1,57
2978,125,English,4,2,67
2979,125,English,4,3,71
2980,125,English,4,4,68
2981,125,Afrikaans,8,1,49
2982,125,Afrikaans,8,2,60
2983,125,Afrikaans,8,3,51
2984,125,Afrikaans,8,4,60
2985,125,Mathematics,2,1,63
2986,125,Mathematics,2,2,73
2987,125,Mathematics,2,3,64
2988,125,Mathematics,2,4,64
2989,125,Geography,21,1,51
2990,125,Geography,21,2,56
2991,125,Geography,21,3,53
2992,125,Geography,21,4,45
2993,125,Life Science,13,1,58
2994,125,Life Science,13,2,58
2995,125,Life Science,13,3,56
2996,125,Life Science,13,4,56
2997,125,Information Technology,23,1,57
2998,125,Information Technology,23,2,58
2999,125,Information Technology,23,3,47
3000,125,Information Technology,23,4,56
3001,126,English,4,1,60
3002,126,English,4,2,63
3003,126,English,4,3,53
3004,126,English,4,4,63
3005,126,Afrikaans,8,1,46
3006,126,Afrikaans,8,2,45
3007,126,Afrikaans,8,3,50
3008,126,Afrikaans,8,4,43
3009,126,Mathematics,1,1,40
3010,126,Mathematics,1,2,38
3011,126,Mathematics,1,3,44
3012,126,Mathematics,1,4,41
3013,126,Physical Science,12,1,48
3014,126,Physical Science,12,2,58
3015,126,Physical Science,12,3,51
3016,126,Physical Science,12,4,57
3017,126,History,17,1,83
3018,126,History,17,2,68
3019,126,History,17,3,78
3020,126,History,17,4,74
3021,126,Geography,21,1,79
3022,126,Geography,21,2,79
3023,126,Geography,21,3,89
3024,126,Geography,21,4,81
3025,127,English,6,1,89
3026,127,English,6,2,78
3027,127,English,6,3,74
3028,127,English,6,4,86
3029,127,Afrikaans,8,1,90
3030,127,Afrikaans,8,2,75
3031,127,Afrikaans,8,3,82
3032,127,Afrikaans,8,4,79
3033,127,Mathematics,1,1,44
3034,127,Mathematics,1,2,41
3035,127,Mathematics,1,3,43
3036,127,Mathematics,1,4,36
3037,127,History,16,1,69
3038,127,History,16,2,71
3039,127,History,16,3,81
3040,127,History,16,4,77
3041,127,Information Technology,24,1,61
3042,127,Information Technology,24,2,58
3043,127,Information Technology,24,3,67
3044,127,Information Technology,24,4,70
3045,127,Accounting,26,1,60
3046,127,Accounting,26,2,64
3047,127,Accounting,26,3,51
3048,127,Accounting,26,4,58
3049,128,English,4,1,72
3050,128,English,4,2,75
3051,128,English,4,3,76
3052,128,English,4,4,86
3053,128,Afrikaans,7,1,66
3054,128,Afrikaans,7,2,67
3055,128,Afrikaans,7,3,73
3056,128,Afrikaans,7,4,82
3057,128,Mathematics,1,1,61
3058,128,Mathematics,1,2,66
3059,128,Mathematics,1,3,63
3060,128,Mathematics,1,4,56
3061,128,Physical Science,10,1,42
3062,128,Physical Science,10,2,42
3063,128,Physical Science,10,3,42
3064,128,Physical Science,10,4,40
3065,128,History,16,1,71
3066,128,History,16,2,63
3067,128,History,16,3,56
3068,128,History,16,4,63
3069,128,Information Technology,24,1,59
3070,128,Information Technology,24,2,67
3071,128,Information Technology,24,3,66
3072,128,Information Technology,24,4,63
3073,129,English,6,1,72
3074,129,English,6,2,64
3075,129,English,6,3,62
3076,129,English,6,4,72
3077,129,Afrikaans,7,1,77
3078,129,Afrikaans,7,2,83
3079,129,Afrikaans,7,3,77
3080,129,Afrikaans,7,4,74
3081,129,Mathematics,2,1,68
3082,129,Mathematics,2,2,69
3083,129,Mathematics,2,3,73
3084,129,Mathematics,2,4,63
3085,129,Information Technology,24,1,52
3086,129,Information Technology,24,2,54
3087,129,Information Technology,24,3,52
3088,129,Information Technology,24,4,57
3089,129,Accounting,27,1,71
3090,129,Accounting,27,2,80
3091,129,Accounting,27,3,71
3092,129,Accounting,27,4,72
3093,129,Geography,19,1,61
3094,129,Geography,19,2,62
3095,129,Geography,19,3,64
3096,129,Geography,19,4,69
3097,130,English,4,1,48
3098,130,English,4,2,58
3099,130,English,4,3,61
3100,130,English,4,4,61
3101,130,Afrikaans,8,1,70
3102,130,Afrikaans,8,2,64
3103,130,Afrikaans,8,3,60
3104,130,Afrikaans,8,4,62
3105,130,Mathematics,3,1,42
3106,130,Mathematics,3,2,43
3107,130,Mathematics,3,3,38
3108,130,Mathematics,3,4,46
3109,130,Life Science,14,1,83
3110,130,Life Science,14,2,83
3111,130,Life Science,14,3,83
3112,130,Life Science,14,4,76
3113,130,Geography,21,1,63
3114,130,Geography,21,2,76
3115,130,Geography,21,3,65
3116,130,Geography,21,4,77
3117,130,Information Technology,24,1,88
3118,130,Information Technology,24,2,84
3119,130,Information Technology,24,3,78
3120,130,Information Technology,24,4,85
3121,131,English,6,1,85
3122,131,English,6,2,74
3123,131,English,6,3,75
3124,131,English,6,4,76
3125,131,Afrikaans,8,1,52
3126,131,Afrikaans,8,2,64
3127,131,Afrikaans,8,3,51
3128,131,Afrikaans,8,4,59
3129,131,Mathematics,2,1,65
3130,131,Mathematics,2,2,64
3131,131,Mathematics,2,3,64
3132,131,Mathematics,2,4,60
3133,131,History,18,1,65
3134,131,History,18,2,66
3135,131,History,18,3,61
3136,131,History,18,4,65
3137,131,Accounting,26,1,62
3138,131,Accounting,26,2,61
3139,131,Accounting,26,3,50
3140,131,Accounting,26,4,61
3141,131,Geography,21,1,71
3142,131,Geography,21,2,75
3143,131,Geography,21,3,60
3144,131,Geography,21,4,75
3145,132,English,6,1,59
3146,132,English,6,2,59
3147,132,English,6,3,46
3148,132,English,6,4,52
3149,132,Afrikaans,7,1,82
3150,132,Afrikaans,7,2,71
3151,132,Afrikaans,7,3,82
3152,132,Afrikaans,7,4,86
3153,132,Mathematics,2,1,73
3154,132,Mathematics,2,2,78
3155,132,Mathematics,2,3,81
3156,132,Mathematics,2,4,86
3157,132,Geography,19,1,73
3158,132,Geography,19,2,73
3159,132,Geography,19,3,78
3160,132,Geography,19,4,69
3161,132,History,18,1,76
3162,132,History,18,2,68
3163,132,History,18,3,83
3164,132,History,18,4,71
3165,132,Life Science,14,1,81
3166,132,Life Science,14,2,69
3167,132,Life Science,14,3,83
3168,132,Life Science,14,4,70
3169,133,English,4,1,54
3170,133,English,4,2,62
3171,133,English,4,3,63
3172,133,English,4,4,60
3173,133,Afrikaans,9,1,65
3174,133,Afrikaans,9,2,70
3175,133,Afrikaans,9,3,79
3176,133,Afrikaans,9,4,71
3177,133,Mathematics,3,1,63
3178,133,Mathematics,3,2,69
3179,133,Mathematics,3,3,71
3180,133,Mathematics,3,4,66
3181,133,Accounting,27,1,43
3182,133,Accounting,27,2,44
3183,133,Accounting,27,3,55
3184,133,Accounting,27,4,52
3185,133,Life Science,15,1,59
3186,133,Life Science,15,2,55
3187,133,Life Science,15,3,59
3188,133,Life Science,15,4,48
3189,133,Geography,19,1,75
3190,133,Geography,19,2,64
3191,133,Geography,19,3,68
3192,133,Geography,19,4,73
3193,134,English,4,1,79
3194,134,English,4,2,80
3195,134,English,4,3,79
3196,134,English,4,4,80
3197,134,Afrikaans,7,1,53
3198,134,Afrikaans,7,2,49
3199,134,Afrikaans,7,3,49
3200,134,Afrikaans,7,4,54
3201,134,Mathematics,1,1,55
3202,134,Mathematics,1,2,53
3203,134,Mathematics,1,3,54
3204,134,Mathematics,1,4,56
3205,134,Life Science,13,1,46
3206,134,Life Science,13,2,38
3207,134,Life Science,13,3,52
3208,134,Life Science,13,4,53
3209,134,Geography,20,1,70
3210,134,Geography,20,2,85
3211,134,Geography,20,3,77
3212,134,Geography,20,4,76
3213,134,Physical Science,10,1,82
3214,134,Physical Science,10,2,81
3215,134,Physical Science,10,3,80
3216,134,Physical Science,10,4,81
3217,135,English,4,1,44
3218,135,English,4,2,51
3219,135,English,4,3,52
3220,135,English,4,4,50
3221,135,Afrikaans,8,1,45
3222,135,Afrikaans,8,2,44
3223,135,Afrikaans,8,3,41
3224,135,Afrikaans,8,4,51
3225,135,Mathematics,1,1,38
3226,135,Mathematics,1,2,35
3227,135,Mathematics,1,3,43
3228,135,Mathematics,1,4,44
3229,135,History,17,1,46
3230,135,History,17,2,48
3231,135,History,17,3,58
3232,135,History,17,4,50
3233,135,Geography,20,1,58
3234,135,Geography,20,2,54
3235,135,Geography,20,3,63
3236,135,Geography,20,4,60
3237,135,Information Technology,22,1,39
3238,135,Information Technology,22,2,46
3239,135,Information Technology,22,3,47
3240,135,Information Technology,22,4,48
3241,136,English,4,1,65
3242,136,English,4,2,76
3243,136,English,4,3,65
3244,136,English,4,4,72
3245,136,Afrikaans,9,1,71
3246,136,Afrikaans,9,2,70
3247,136,Afrikaans,9,3,75
3248,136,Afrikaans,9,4,77
3249,136,Mathematics,2,1,78
3250,136,Mathematics,2,2,81
3251,136,Mathematics,2,3,71
3252,136,Mathematics,2,4,71
3253,136,Geography,21,1,79
3254,136,Geography,21,2,81
3255,136,Geography,21,3,94
3256,136,Geography,21,4,80
3257,136,Life Science,15,1,77
3258,136,Life Science,15,2,81
3259,136,Life Science,15,3,78
3260,136,Life Science,15,4,76
3261,136,Accounting,25,1,78
3262,136,Accounting,25,2,71
3263,136,Accounting,25,3,82
3264,136,Accounting,25,4,83
3265,137,English,5,1,94
3266,137,English,5,2,94
3267,137,English,5,3,84
3268,137,English,5,4,86
3269,137,Afrikaans,7,1,61
3270,137,Afrikaans,7,2,55
3271,137,Afrikaans,7,3,58
3272,137,Afrikaans,7,4,55
3273,137,Mathematics,3,1,64
3274,137,Mathematics,3,2,67
3275,137,Mathematics,3,3,74
3276,137,Mathematics,3,4,74
3277,137,Physical Science,12,1,42
3278,137,Physical Science,12,2,43
3279,137,Physical Science,12,3,38
3280,137,Physical Science,12,4,32
3281,137,Life Science,13,1,84
3282,137,Life Science,13,2,87
3283,137,Life Science,13,3,86
3284,137,Life Science,13,4,80
3285,137,History,16,1,68
3286,137,History,16,2,75
3287,137,History,16,3,69
3288,137,History,16,4,59
3289,138,English,5,1,56
3290,138,English,5,2,56
3291,138,English,5,3,58
3292,138,English,5,4,46
3293,138,Afrikaans,7,1,54
3294,138,Afrikaans,7,2,58
3295,138,Afrikaans,7,3,58
3296,138,Afrikaans,7,4,63
3297,138,Mathematics,1,1,63
3298,138,Mathematics,1,2,66
3299,138,Mathematics,1,3,77
3300,138,Mathematics,1,4,66
3301,138,Physical Science,12,1,84
3302,138,Physical Science,12,2,80
3303,138,Physical Science,12,3,84
3304,138,Physical Science,12,4,83
3305,138,Geography,19,1,58
3306,138,Geography,19,2,51
3307,138,Geography,19,3,52
3308,138,Geography,19,4,42
3309,138,Accounting,26,1,57
3310,138,Accounting,26,2,58
3311,138,Accounting,26,3,49
3312,138,Accounting,26,4,51
3313,139,English,5,1,56
3314,139,English,5,2,66
3315,139,English,5,3,68
3316,139,English,5,4,61
3317,139,Afrikaans,7,1,85
3318,139,Afrikaans,7,2,78
3319,139,Afrikaans,7,3,76
3320,139,Afrikaans,7,4,82
3321,139,Mathematics,3,1,53
3322,139,Mathematics,3,2,60
3323,139,Mathematics,3,3,65
3324,139,Mathematics,3,4,54
3325,139,Information Technology,23,1,73
3326,139,Information Technology,23,2,77
3327,139,Information Technology,23,3,80
3328,139,Information Technology,23,4,75
3329,139,Geography,21,1,68
3330,139,Geography,21,2,61
3331,139,Geography,21,3,57
3332,139,Geography,21,4,55
3333,139,Physical Science,11,1,54
3334,139,Physical Science,11,2,59
3335,139,Physical Science,11,3,55
3336,139,Physical Science,11,4,67
3337,140,English,4,1,71
3338,140,English,4,2,86
3339,140,English,4,3,87
3340,140,English,4,4,75
3341,140,Afrikaans,9,1,59
3342,140,Afrikaans,9,2,64
3343,140,Afrikaans,9,3,65
3344,140,Afrikaans,9,4,58
3345,140,Mathematics,3,1,56
3346,140,Mathematics,3,2,55
3347,140,Mathematics,3,3,68
3348,140,Mathematics,3,4,56
3349,140,Accounting,26,1,48
3350,140,Accounting,26,2,61
3351,140,Accounting,26,3,59
3352,140,Accounting,26,4,63
3353,140,Life Science,15,1,45
3354,140,Life Science,15,2,54
3355,140,Life Science,15,3,46
3356,140,Life Science,15,4,47
3357,140,Geography,20,1,74
3358,140,Geography,20,2,61
3359,140,Geography,20,3,63
3360,140,Geography,20,4,76
3361,141,English,5,1,58
3362,141,English,5,2,67
3363,141,English,5,3,64
3364,141,English,5,4,68
3365,141,Afrikaans,7,1,55
3366,141,Afrikaans,7,2,58
3367,141,Afrikaans,7,3,57
3368,141,Afrikaans,7,4,59
3369,141,Mathematics,3,1,63
3370,141,Mathematics,3,2,68
3371,141,Mathematics,3,3,64
3372,141,Mathematics,3,4,65
3373,141,Accounting,26,1,54
3374,141,Accounting,26,2,51
3375,141,Accounting,26,3,67
3376,141,Accounting,26,4,54
3377,141,Life Science,15,1,62
3378,141,Life Science,15,2,61
3379,141,Life Science,15,3,59
3380,141,Life Science,15,4,55
3381,141,Physical Science,10,1,55
3382,141,Physical Science,10,2,53
3383,141,Physical Science,10,3,50
3384,141,Physical Science,10,4,57
3385,142,English,4,1,88
3386,142,English,4,2,92
3387,142,English,4,3,79
3388,142,English,4,4,82
3389,142,Afrikaans,9,1,53
3390,142,Afrikaans,9,2,39
3391,142,Afrikaans,9,3,41
3392,142,Afrikaans,9,4,50
3393,142,Mathematics,2,1,37
3394,142,Mathematics,2,2,48
3395,142,Mathematics,2,3,47
3396,142,Mathematics,2,4,40
3397,142,Geography,21,1,91
3398,142,Geography,21,2,88
3399,142,Geography,21,3,86
3400,142,Geography,21,4,87
3401,142,History,17,1,54
3402,142,History,17,2,66
3403,142,History,17,3,56
3404,142,History,17,4,54
3405,142,Information Technology,24,1,67
3406,142,Information Technology,24,2,78
3407,142,Information Technology,24,3,73
3408,142,Information Technology,24,4,78
3409,143,English,5,1,76
3410,143,English,5,2,76
3411,143,English,5,3,73
3412,143,English,5,4,77
3413,143,Afrikaans,9,1,72
3414,143,Afrikaans,9,2,65
3415,143,Afrikaans,9,3,70
3416,143,Afrikaans,9,4,70
3417,143,Mathematics,2,1,76
3418,143,Mathematics,2,2,61
3419,143,Mathematics,2,3,63
3420,143,Mathematics,2,4,76
3421,143,Information Technology,22,1,53
3422,143,Information Technology,22,2,57
3423,143,Information Technology,22,3,56
3424,143,Information Technology,22,4,47
3425,143,Geography,19,1,68
3426,143,Geography,19,2,61
3427,143,Geography,19,3,73
3428,143,Geography,19,4,60
3429,143,Physical Science,11,1,58
3430,143,Physical Science,11,2,65
3431,143,Physical Science,11,3,57
3432,143,Physical Science,11,4,64
3433,144,English,6,1,87
3434,144,English,6,2,85
3435,144,English,6,3,86
3436,144,English,6,4,80
3437,144,Afrikaans,9,1,83
3438,144,Afrikaans,9,2,81
3439,144,Afrikaans,9,3,91
3440,144,Afrikaans,9,4,88
3441,144,Mathematics,1,1,46
3442,144,Mathematics,1,2,42
3443,144,Mathematics,1,3,49
3444,144,Mathematics,1,4,49
3445,144,History,18,1,86
3446,144,History,18,2,83
3447,144,History,18,3,81
3448,144,History,18,4,78
3449,144,Information Technology,22,1,86
3450,144,Information Technology,22,2,74
3451,144,Information Technology,22,3,85
3452,144,Information Technology,22,4,81
3453,144,Geography,19,1,77
3454,144,Geography,19,2,88
3455,144,Geography,19,3,79
3456,144,Geography,19,4,83
3457,145,English,6,1,66
3458,145,English,6,2,67
3459,145,English,6,3,76
3460,145,English,6,4,74
3461,145,Afrikaans,9,1,69
3462,145,Afrikaans,9,2,70
3463,145,Afrikaans,9,3,74
3464,145,Afrikaans,9,4,72
3465,145,Mathematics,3,1,69
3466,145,Mathematics,3,2,73
3467,145,Mathematics,3,3,73
3468,145,Mathematics,3,4,83
3469,145,History,18,1,83
3470,145,History,18,2,86
3471,145,History,18,3,88
3472,145,History,18,4,80
3473,145,Geography,20,1,62
3474,145,Geography,20,2,61
3475,145,Geography,20,3,61
3476,145,Geography,20,4,65
3477,145,Physical Science,12,1,54
3478,145,Physical Science,12,2,52
3479,145,Physical Science,12,3,68
3480,145,Physical Science,12,4,64
3481,146,English,5,1,56
3482,146,English,5,2,48
3483,146,English,5,3,58
3484,146,English,5,4,48
3485,146,Afrikaans,8,1,48
3486,146,Afrikaans,8,2,40
3487,146,Afrikaans,8,3,46
3488,146,Afrikaans,8,4,37
3489,146,Mathematics,3,1,60
3490,146,Mathematics,3,2,59
3491,146,Mathematics,3,3,57
3492,146,Mathematics,3,4,59
3493,146,Information Technology,23,1,72
3494,146,Information Technology,23,2,73
3495,146,Information Technology,23,3,66
3496,146,Information Technology,23,4,65
3497,146,Physical Science,11,1,64
3498,146,Physical Science,11,2,66
3499,146,Physical Science,11,3,72
3500,146,Physical Science,11,4,71
3501,146,Life Science,13,1,68
3502,146,Life Science,13,2,73
3503,146,Life Science,13,3,68
3504,146,Life Science,13,4,68
3505,147,English,5,1,41
3506,147,English,5,2,39
3507,147,English,5,3,43
3508,147,English,5,4,54
3509,147,Afrikaans,7,1,68
3510,147,Afrikaans,7,2,66
3511,147,Afrikaans,7,3,68
3512,147,Afrikaans,7,4,77
3513,147,Mathematics,2,1,74
3514,147,Mathematics,2,2,66
3515,147,Mathematics,2,3,75
3516,147,Mathematics,2,4,77
3517,147,Accounting,26,1,75
3518,147,Accounting,26,2,73
3519,147,Accounting,26,3,72
3520,147,Accounting,26,4,68
3521,147,History,17,1,64
3522,147,History,17,2,51
3523,147,History,17,3,66
3524,147,History,17,4,58
3525,147,Life Science,14,1,78
3526,147,Life Science,14,2,83
3527,147,Life Science,14,3,81
3528,147,Life Science,14,4,71
3529,148,English,6,1,56
3530,148,English,6,2,52
3531,148,English,6,3,44
3532,148,English,6,4,56
3533,148,Afrikaans,9,1,46
3534,148,Afrikaans,9,2,58
3535,148,Afrikaans,9,3,50
3536,148,Afrikaans,9,4,56
3537,148,Mathematics,3,1,67
3538,148,Mathematics,3,2,81
3539,148,Mathematics,3,3,67
3540,148,Mathematics,3,4,72
3541,148,Accounting,26,1,66
3542,148,Accounting,26,2,73
3543,148,Accounting,26,3,65
3544,148,Accounting,26,4,74
3545,148,Physical Science,12,1,64
3546,148,Physical Science,12,2,79
3547,148,Physical Science,12,3,78
3548,148,Physical Science,12,4,80
3549,148,Geography,20,1,79
3550,148,Geography,20,2,82
3551,148,Geography,20,3,80
3552,148,Geography,20,4,78
3553,149,English,4,1,62
3554,149,English,4,2,58
3555,149,English,4,3,66
3556,149,English,4,4,65
3557,149,Afrikaans,8,1,55
3558,149,Afrikaans,8,2,45
3559,149,Afrikaans,8,3,41
3560,149,Afrikaans,8,4,49
3561,149,Mathematics,2,1,71
3562,149,Mathematics,2,2,80
3563,149,Mathematics,2,3,86
3564,149,Mathematics,2,4,73
3565,149,Physical Science,12,1,54
3566,149,Physical Science,12,2,40
3567,149,Physical Science,12,3,46
3568,149,Physical Science,12,4,46
3569,149,Accounting,27,1,50
3570,149,Accounting,27,2,50
3571,149,Accounting,27,3,50
3572,149,Accounting,27,4,42
3573,149,Geography,20,1,51
3574,149,Geography,20,2,50
3575,149,Geography,20,3,60
3576,149,Geography,20,4,57
3577,150,English,5,1,58
3578,150,English,5,2,57
3579,150,English,5,3,65
3580,150,English,5,4,55
3581,150,Afrikaans,8,1,71
3582,150,Afrikaans,8,2,80
3583,150,Afrikaans,8,3,72
3584,150,Afrikaans,8,4,74
3585,150,Mathematics,3,1,74
3586,150,Mathematics,3,2,85
3587,150,Mathematics,3,3,83
3588,150,Mathematics,3,4,82
3589,150,Life Science,14,1,67
3590,150,Life Science,14,2,58
3591,150,Life Science,14,3,59
3592,150,Life Science,14,4,64
3593,150,History,16,1,51
3594,150,History,16,2,46
3595,150,History,16,3,44
3596,150,History,16,4,48
3597,150,Physical Science,11,1,71
3598,150,Physical Science,11,2,74
3599,150,Physical Science,11,3,68
3600,150,Physical Science,11,4,74
3601,151,English,5,1,80
3602,151,English,5,2,85
3603,151,English,5,3,85
3604,151,English,5,4,88
3605,151,Afrikaans,8,1,57
3606,151,Afrikaans,8,2,69
3607,151,Afrikaans,8,3,66
3608,151,Afrikaans,8,4,53
3609,151,Mathematics,1,1,64
3610,151,Mathematics,1,2,62
3611,151,Mathematics,1,3,60
3612,151,Mathematics,1,4,66
3613,151,Physical Science,12,1,35
3614,151,Physical Science,12,2,43
3615,151,Physical Science,12,3,45
3616,151,Physical Science,12,4,40
3617,151,History,16,1,69
3618,151,History,16,2,69
3619,151,History,16,3,64
3620,151,History,16,4,69
3621,151,Accounting,26,1,83
3622,151,Accounting,26,2,85
3623,151,Accounting,26,3,78
3624,151,Accounting,26,4,77
3625,152,English,5,1,82
3626,152,English,5,2,77
3627,152,English,5,3,82
3628,152,English,5,4,72
3629,152,Afrikaans,8,1,39
3630,152,Afrikaans,8,2,37
3631,152,Afrikaans,8,3,50
3632,152,Afrikaans,8,4,40
3633,152,Mathematics,1,1,68
3634,152,Mathematics,1,2,79
3635,152,Mathematics,1,3,76
3636,152,Mathematics,1,4,72
3637,152,History,16,1,66
3638,152,History,16,2,64
3639,152,History,16,3,59
3640,152,History,16,4,58
3641,152,Accounting,25,1,75
3642,152,Accounting,25,2,74
3643,152,Accounting,25,3,79
3644,152,Accounting,25,4,76
3645,152,Information Technology,24,1,44
3646,152,Information Technology,24,2,46
3647,152,Information Technology,24,3,54
3648,152,Information Technology,24,4,47
3649,153,English,5,1,51
3650,153,English,5,2,54
3651,153,English,5,3,55
3652,153,English,5,4,60
3653,153,Afrikaans,9,1,55
3654,153,Afrikaans,9,2,49
3655,153,Afrikaans,9,3,54
3656,153,Afrikaans,9,4,51
3657,153,Mathematics,1,1,53
3658,153,Mathematics,1,2,50
3659,153,Mathematics,1,3,56
3660,153,Mathematics,1,4,49
3661,153,Geography,21,1,75
3662,153,Geography,21,2,73
3663,153,Geography,21,3,64
3664,153,Geography,21,4,71
3665,153,Life Science,14,1,59
3666,153,Life Science,14,2,68
3667,153,Life Science,14,3,56
3668,153,Life Science,14,4,69
3669,153,Information Technology,24,1,59
3670,153,Information Technology,24,2,52
3671,153,Information Technology,24,3,62
3672,153,Information Technology,24,4,50
3673,154,English,6,1,61
3674,154,English,6,2,54
3675,154,English,6,3,51
3676,154,English,6,4,62
3677,154,Afrikaans,8,1,56
3678,154,Afrikaans,8,2,54
3679,154,Afrikaans,8,3,55
3680,154,Afrikaans,8,4,55
3681,154,Mathematics,1,1,76
3682,154,Mathematics,1,2,82
3683,154,Mathematics,1,3,68
3684,154,Mathematics,1,4,83
3685,154,Information Technology,22,1,44
3686,154,Information Technology,22,2,45
3687,154,Information Technology,22,3,56
3688,154,Information Technology,22,4,52
3689,154,Geography,21,1,58
3690,154,Geography,21,2,60
3691,154,Geography,21,3,48
3692,154,Geography,21,4,64
3693,154,Life Science,13,1,84
3694,154,Life Science,13,2,82
3695,154,Life Science,13,3,81
3696,154,Life Science,13,4,71
3697,155,English,5,1,80
3698,155,English,5,2,73
3699,155,English,5,3,85
3700,155,English,5,4,88
3701,155,Afrikaans,9,1,55
3702,155,Afrikaans,9,2,54
3703,155,Afrikaans,9,3,53
3704,155,Afrikaans,9,4,56
3705,155,Mathematics,1,1,37
3706,155,Mathematics,1,2,46
3707,155,Mathematics,1,3,45
3708,155,Mathematics,1,4,37
3709,155,Life Science,13,1,76
3710,155,Life Science,13,2,73
3711,155,Life Science,13,3,72
3712,155,Life Science,13,4,68
3713,155,Accounting,27,1,64
3714,155,Accounting,27,2,67
3715,155,Accounting,27,3,70
3716,155,Accounting,27,4,61
3717,155,Physical Science,10,1,81
3718,155,Physical Science,10,2,85
3719,155,Physical Science,10,3,72
3720,155,Physical Science,10,4,84
3721,156,English,5,1,55
3722,156,English,5,2,52
3723,156,English,5,3,57
3724,156,English,5,4,51
3725,156,Afrikaans,8,1,81
3726,156,Afrikaans,8,2,89
3727,156,Afrikaans,8,3,86
3728,156,Afrikaans,8,4,76
3729,156,Mathematics,2,1,75
3730,156,Mathematics,2,2,81
3731,156,Mathematics,2,3,80
3732,156,Mathematics,2,4,66
3733,156,Information Technology,23,1,47
3734,156,Information Technology,23,2,38
3735,156,Information Technology,23,3,47
3736,156,Information Technology,23,4,38
3737,156,Geography,19,1,67
3738,156,Geography,19,2,70
3739,156,Geography,19,3,80
3740,156,Geography,19,4,78
3741,156,Life Science,14,1,76
3742,156,Life Science,14,2,79
3743,156,Life Science,14,3,74
3744,156,Life Science,14,4,73
3745,157,English,4,1,63
3746,157,English,4,2,48
3747,157,English,4,3,63
3748,157,English,4,4,49
3749,157,Afrikaans,7,1,56
3750,157,Afrikaans,7,2,52
3751,157,Afrikaans,7,3,57
3752,157,Afrikaans,7,4,53
3753,157,Mathematics,3,1,54
3754,157,Mathematics,3,2,65
3755,157,Mathematics,3,3,56
3756,157,Mathematics,3,4,53
3757,157,Geography,21,1,48
3758,157,Geography,21,2,60
3759,157,Geography,21,3,52
3760,157,Geography,21,4,47
3761,157,Information Technology,22,1,60
3762,157,Information Technology,22,2,57
3763,157,Information Technology,22,3,59
3764,157,Information Technology,22,4,57
3765,157,Life Science,14,1,49
3766,157,Life Science,14,2,55
3767,157,Life Science,14,3,51
3768,157,Life Science,14,4,46
3769,158,English,5,1,81
3770,158,English,5,2,86
3771,158,English,5,3,78
3772,158,English,5,4,79
3773,158,Afrikaans,7,1,58
3774,158,Afrikaans,7,2,67
3775,158,Afrikaans,7,3,59
3776,158,Afrikaans,7,4,65
3777,158,Mathematics,3,1,72
3778,158,Mathematics,3,2,81
3779,158,Mathematics,3,3,74
3780,158,Mathematics,3,4,68
3781,158,Life Science,13,1,49
3782,158,Life Science,13,2,58
3783,158,Life Science,13,3,51
3784,158,Life Science,13,4,46
3785,158,Geography,21,1,72
3786,158,Geography,21,2,70
3787,158,Geography,21,3,70
3788,158,Geography,21,4,75
3789,158,History,17,1,54
3790,158,History,17,2,58
3791,158,History,17,3,60
3792,158,History,17,4,49
3793,159,English,4,1,56
3794,159,English,4,2,60
3795,159,English,4,3,68
3796,159,English,4,4,66
3797,159,Afrikaans,7,1,70
3798,159,Afrikaans,7,2,68
3799,159,Afrikaans,7,3,64
3800,159,Afrikaans,7,4,68
3801,159,Mathematics,3,1,65
3802,159,Mathematics,3,2,72
3803,159,Mathematics,3,3,74
3804,159,Mathematics,3,4,76
3805,159,Geography,20,1,46
3806,159,Geography,20,2,45
3807,159,Geography,20,3,42
3808,159,Geography,20,4,55
3809,159,History,18,1,57
3810,159,History,18,2,62
3811,159,History,18,3,53
3812,159,History,18,4,60
3813,159,Physical Science,10,1,76
3814,159,Physical Science,10,2,78
3815,159,Physical Science,10,3,71
3816,159,Physical Science,10,4,76
3817,160,English,4,1,50
3818,160,English,4,2,61
3819,160,English,4,3,61
3820,160,English,4,4,51
3821,160,Afrikaans,9,1,48
3822,160,Afrikaans,9,2,48
3823,160,Afrikaans,9,3,58
3824,160,Afrikaans,9,4,56
3825,160,Mathematics,3,1,58
3826,160,Mathematics,3,2,53
3827,160,Mathematics,3,3,55
3828,160,Mathematics,3,4,59
3829,160,Geography,20,1,44
3830,160,Geography,20,2,42
3831,160,Geography,20,3,46
3832,160,Geography,20,4,46
3833,160,History,18,1,56
3834,160,History,18,2,57
3835,160,History,18,3,44
3836,160,History,18,4,43
3837,160,Life Science,14,1,67
3838,160,Life Science,14,2,63
3839,160,Life Science,14,3,66
3840,160,Life Science,14,4,59
3841,161,English,6,1,66
3842,161,English,6,2,62
3843,161,English,6,3,69
3844,161,English,6,4,66
3845,161,Afrikaans,7,1,50
3846,161,Afrikaans,7,2,56
3847,161,Afrikaans,7,3,49
3848,161,Afrikaans,7,4,55
3849,161,Mathematics,3,1,48
3850,161,Mathematics,3,2,61
3851,161,Mathematics,3,3,61
3852,161,Mathematics,3,4,47
3853,161,Physical Science,11,1,61
3854,161,Physical Science,11,2,63
3855,161,Physical Science,11,3,71
3856,161,Physical Science,11,4,62
3857,161,Geography,19,1,74
3858,161,Geography,19,2,67
3859,161,Geography,19,3,77
3860,161,Geography,19,4,69
3861,161,History,18,1,91
3862,161,History,18,2,88
3863,161,History,18,3,86
3864,161,History,18,4,90
3865,162,English,5,1,48
3866,162,English,5,2,48
3867,162,English,5,3,55
3868,162,English,5,4,51
3869,162,Afrikaans,9,1,58
3870,162,Afrikaans,9,2,58
3871,162,Afrikaans,9,3,57
3872,162,Afrikaans,9,4,49
3873,162,Mathematics,3,1,60
3874,162,Mathematics,3,2,62
3875,162,Mathematics,3,3,58
3876,162,Mathematics,3,4,58
3877,162,Information Technology,23,1,78
3878,162,Information Technology,23,2,73
3879,162,Information Technology,23,3,84
3880,162,Information Technology,23,4,87
3881,162,History,16,1,77
3882,162,History,16,2,86
3883,162,History,16,3,85
3884,162,History,16,4,79
3885,162,Geography,19,1,52
3886,162,Geography,19,2,46
3887,162,Geography,19,3,46
3888,162,Geography,19,4,49
3889,163,English,4,1,73
3890,163,English,4,2,70
3891,163,English,4,3,66
3892,163,English,4,4,79
3893,163,Afrikaans,9,1,40
3894,163,Afrikaans,9,2,54
3895,163,Afrikaans,9,3,55
3896,163,Afrikaans,9,4,40
3897,163,Mathematics,3,1,75
3898,163,Mathematics,3,2,71
3899,163,Mathematics,3,3,74
3900,163,Mathematics,3,4,62
3901,163,Accounting,25,1,77
3902,163,Accounting,25,2,69
3903,163,Accounting,25,3,64
3904,163,Accounting,25,4,62
3905,163,History,18,1,72
3906,163,History,18,2,70
3907,163,History,18,3,77
3908,163,History,18,4,75
3909,163,Geography,19,1,56
3910,163,Geography,19,2,54
3911,163,Geography,19,3,69
3912,163,Geography,19,4,63
3913,164,English,4,1,63
3914,164,English,4,2,49
3915,164,English,4,3,63
3916,164,English,4,4,63
3917,164,Afrikaans,9,1,57
3918,164,Afrikaans,9,2,50
3919,164,Afrikaans,9,3,56
3920,164,Afrikaans,9,4,59
3921,164,Mathematics,1,1,72
3922,164,Mathematics,1,2,74
3923,164,Mathematics,1,3,84
3924,164,Mathematics,1,4,82
3925,164,History,17,1,74
3926,164,History,17,2,82
3927,164,History,17,3,86
3928,164,History,17,4,81
3929,164,Life Science,14,1,83
3930,164,Life Science,14,2,79
3931,164,Life Science,14,3,87
3932,164,Life Science,14,4,78
3933,164,Geography,19,1,82
3934,164,Geography,19,2,72
3935,164,Geography,19,3,74
3936,164,Geography,19,4,83
3937,165,English,6,1,76
3938,165,English,6,2,63
3939,165,English,6,3,73
3940,165,English,6,4,73
3941,165,Afrikaans,7,1,50
3942,165,Afrikaans,7,2,54
3943,165,Afrikaans,7,3,52
3944,165,Afrikaans,7,4,58
3945,165,Mathematics,2,1,50
3946,165,Mathematics,2,2,62
3947,165,Mathematics,2,3,53
3948,165,Mathematics,2,4,54
3949,165,Geography,20,1,70
3950,165,Geography,20,2,67
3951,165,Geography,20,3,75
3952,165,Geography,20,4,72
3953,165,Physical Science,11,1,48
3954,165,Physical Science,11,2,49
3955,165,Physical Science,11,3,58
3956,165,Physical Science,11,4,58
3957,165,Life Science,15,1,81
3958,165,Life Science,15,2,82
3959,165,Life Science,15,3,82
3960,165,Life Science,15,4,69
3961,166,English,5,1,78
3962,166,English,5,2,83
3963,166,English,5,3,80
3964,166,English,5,4,71
3965,166,Afrikaans,8,1,63
3966,166,Afrikaans,8,2,51
3967,166,Afrikaans,8,3,51
3968,166,Afrikaans,8,4,61
3969,166,Mathematics,1,1,52
3970,166,Mathematics,1,2,45
3971,166,Mathematics,1,3,46
3972,166,Mathematics,1,4,48
3973,166,Geography,19,1,59
3974,166,Geography,19,2,60
3975,166,Geography,19,3,71
3976,166,Geography,19,4,60
3977,166,Information Technology,22,1,64
3978,166,Information Technology,22,2,48
3979,166,Information Technology,22,3,57
3980,166,Information Technology,22,4,61
3981,166,History,17,1,78
3982,166,History,17,2,89
3983,166,History,17,3,85
3984,166,History,17,4,87
3985,167,English,5,1,67
3986,167,English,5,2,76
3987,167,English,5,3,73
3988,167,English,5,4,69
3989,167,Afrikaans,7,1,45
3990,167,Afrikaans,7,2,54
3991,167,Afrikaans,7,3,48
3992,167,Afrikaans,7,4,51
3993,167,Mathematics,1,1,79
3994,167,Mathematics,1,2,79
3995,167,Mathematics,1,3,84
3996,167,Mathematics,1,4,85
3997,167,Information Technology,22,1,84
3998,167,Information Technology,22,2,84
3999,167,Information Technology,22,3,79
4000,167,Information Technology,22,4,74
4001,167,History,17,1,64
4002,167,History,17,2,67
4003,167,History,17,3,66
4004,167,History,17,4,74
4005,167,Accounting,26,1,66
4006,167,Accounting,26,2,58
4007,167,Accounting,26,3,61
4008,167,Accounting,26,4,68
4009,168,English,5,1,71
4010,168,English,5,2,62
4011,168,English,5,3,62
4012,168,English,5,4,66
4013,168,Afrikaans,9,1,53
4014,168,Afrikaans,9,2,52
4015,168,Afrikaans,9,3,53
4016,168,Afrikaans,9,4,55
4017,168,Mathematics,3,1,40
4018,168,Mathematics,3,2,49
4019,168,Mathematics,3,3,43
4020,168,Mathematics,3,4,53
4021,168,Physical Science,12,1,57
4022,168,Physical Science,12,2,51
4023,168,Physical Science,12,3,52
4024,168,Physical Science,12,4,47
4025,168,Geography,21,1,70
4026,168,Geography,21,2,63
4027,168,Geography,21,3,70
4028,168,Geography,21,4,73
4029,168,History,16,1,79
4030,168,History,16,2,83
4031,168,History,16,3,77
4032,168,History,16,4,74
4033,169,English,4,1,79
4034,169,English,4,2,68
4035,169,English,4,3,78
4036,169,English,4,4,74
4037,169,Afrikaans,7,1,46
4038,169,Afrikaans,7,2,62
4039,169,Afrikaans,7,3,56
4040,169,Afrikaans,7,4,55
4041,169,Mathematics,2,1,71
4042,169,Mathematics,2,2,66
4043,169,Mathematics,2,3,76
4044,169,Mathematics,2,4,72
4045,169,Physical Science,11,1,52
4046,169,Physical Science,11,2,38
4047,169,Physical Science,11,3,41
4048,169,Physical Science,11,4,40
4049,169,Information Technology,22,1,54
4050,169,Information Technology,22,2,66
4051,169,Information Technology,22,3,61
4052,169,Information Technology,22,4,68
4053,169,Accounting,26,1,58
4054,169,Accounting,26,2,66
4055,169,Accounting,26,3,57
4056,169,Accounting,26,4,62
4057,170,English,4,1,92
4058,170,English,4,2,83
4059,170,English,4,3,84
4060,170,English,4,4,82
4061,170,Afrikaans,8,1,40
4062,170,Afrikaans,8,2,52
4063,170,Afrikaans,8,3,40
4064,170,Afrikaans,8,4,54
4065,170,Mathematics,1,1,63
4066,170,Mathematics,1,2,72
4067,170,Mathematics,1,3,67
4068,170,Mathematics,1,4,73
4069,170,Information Technology,24,1,49
4070,170,Information Technology,24,2,50
4071,170,Information Technology,24,3,42
4072,170,Information Technology,24,4,51
4073,170,Geography,19,1,74
4074,170,Geography,19,2,73
4075,170,Geography,19,3,62
4076,170,Geography,19,4,71
4077,170,History,17,1,73
4078,170,History,17,2,71
4079,170,History,17,3,76
4080,170,History,17,4,64
4081,171,English,5,1,66
4082,171,English,5,2,65
4083,171,English,5,3,66
4084,171,English,5,4,61
4085,171,Afrikaans,9,1,60
4086,171,Afrikaans,9,2,60
4087,171,Afrikaans,9,3,51
4088,171,Afrikaans,9,4,49
4089,171,Mathematics,1,1,47
4090,171,Mathematics,1,2,50
4091,171,Mathematics,1,3,56
4092,171,Mathematics,1,4,57
4093,171,Life Science,15,1,61
4094,171,Life Science,15,2,71
4095,171,Life Science,15,3,61
4096,171,Life Science,15,4,59
4097,171,Information Technology,23,1,69
4098,171,Information Technology,23,2,74
4099,171,Information Technology,23,3,66
4100,171,Information Technology,23,4,75
4101,171,History,16,1,80
4102,171,History,16,2,82
4103,171,History,16,3,81
4104,171,History,16,4,88
4105,172,English,5,1,72
4106,172,English,5,2,58
4107,172,English,5,3,66
4108,172,English,5,4,66
4109,172,Afrikaans,9,1,82
4110,172,Afrikaans,9,2,75
4111,172,Afrikaans,9,3,68
4112,172,Afrikaans,9,4,68
4113,172,Mathematics,3,1,49
4114,172,Mathematics,3,2,50
4115,172,Mathematics,3,3,56
4116,172,Mathematics,3,4,44
4117,172,Life Science,14,1,69
4118,172,Life Science,14,2,61
4119,172,Life Science,14,3,71
4120,172,Life Science,14,4,63
4121,172,Accounting,25,1,38
4122,172,Accounting,25,2,43
4123,172,Accounting,25,3,50
4124,172,Accounting,25,4,37
4125,172,History,18,1,89
4126,172,History,18,2,93
4127,172,History,18,3,91
4128,172,History,18,4,86
4129,173,English,4,1,94
4130,173,English,4,2,82
4131,173,English,4,3,90
4132,173,English,4,4,95
4133,173,Afrikaans,9,1,73
4134,173,Afrikaans,9,2,81
4135,173,Afrikaans,9,3,78
4136,173,Afrikaans,9,4,74
4137,173,Mathematics,2,1,51
4138,173,Mathematics,2,2,55
4139,173,Mathematics,2,3,45
4140,173,Mathematics,2,4,52
4141,173,Accounting,27,1,45
4142,173,Accounting,27,2,52
4143,173,Accounting,27,3,55
4144,173,Accounting,27,4,57
4145,173,Life Science,13,1,89
4146,173,Life Science,13,2,79
4147,173,Life Science,13,3,87
4148,173,Life Science,13,4,87
4149,173,Physical Science,10,1,65
4150,173,Physical Science,10,2,79
4151,173,Physical Science,10,3,69
4152,173,Physical Science,10,4,68
4153,174,English,5,1,50
4154,174,English,5,2,55
4155,174,English,5,3,55
4156,174,English,5,4,54
4157,174,Afrikaans,9,1,65
4158,174,Afrikaans,9,2,57
4159,174,Afrikaans,9,3,65
4160,174,Afrikaans,9,4,58
4161,174,Mathematics,1,1,36
4162,174,Mathematics,1,2,48
4163,174,Mathematics,1,3,41
4164,174,Mathematics,1,4,43
4165,174,Accounting,25,1,78
4166,174,Accounting,25,2,75
4167,174,Accounting,25,3,70
4168,174,Accounting,25,4,68
4169,174,Physical Science,10,1,47
4170,174,Physical Science,10,2,59
4171,174,Physical Science,10,3,50
4172,174,Physical Science,10,4,49
4173,174,History,17,1,91
4174,174,History,17,2,78
4175,174,History,17,3,88
4176,174,History,17,4,89
4177,175,English,5,1,46
4178,175,English,5,2,47
4179,175,English,5,3,43
4180,175,English,5,4,58
4181,175,Afrikaans,8,1,68
4182,175,Afrikaans,8,2,70
4183,175,Afrikaans,8,3,63
4184,175,Afrikaans,8,4,73
4185,175,Mathematics,3,1,86
4186,175,Mathematics,3,2,80
4187,175,Mathematics,3,3,75
4188,175,Mathematics,3,4,79
4189,175,Geography,20,1,43
4190,175,Geography,20,2,47
4191,175,Geography,20,3,44
4192,175,Geography,20,4,44
4193,175,Physical Science,11,1,53
4194,175,Physical Science,11,2,48
4195,175,Physical Science,11,3,50
4196,175,Physical Science,11,4,48
4197,175,History,18,1,58
4198,175,History,18,2,48
4199,175,History,18,3,47
4200,175,History,18,4,45
4201,176,English,5,1,82
4202,176,English,5,2,70
4203,176,English,5,3,75
4204,176,English,5,4,72
4205,176,Afrikaans,8,1,55
4206,176,Afrikaans,8,2,40
4207,176,Afrikaans,8,3,54
4208,176,Afrikaans,8,4,42
4209,176,Mathematics,3,1,49
4210,176,Mathematics,3,2,50
4211,176,Mathematics,3,3,57
4212,176,Mathematics,3,4,48
4213,176,Accounting,25,1,43
4214,176,Accounting,25,2,46
4215,176,Accounting,25,3,46
4216,176,Accounting,25,4,45
4217,176,Life Science,15,1,60
4218,176,Life Science,15,2,62
4219,176,Life Science,15,3,64
4220,176,Life Science,15,4,68
4221,176,Physical Science,10,1,78
4222,176,Physical Science,10,2,78
4223,176,Physical Science,10,3,72
4224,176,Physical Science,10,4,83
4225,177,English,4,1,85
4226,177,English,4,2,94
4227,177,English,4,3,80
4228,177,English,4,4,81
4229,177,Afrikaans,9,1,74
4230,177,Afrikaans,9,2,90
4231,177,Afrikaans,9,3,80
4232,177,Afrikaans,9,4,80
4233,177,Mathematics,1,1,55
4234,177,Mathematics,1,2,50
4235,177,Mathematics,1,3,53
4236,177,Mathematics,1,4,56
4237,177,History,16,1,87
4238,177,History,16,2,83
4239,177,History,16,3,77
4240,177,History,16,4,86
4241,177,Accounting,26,1,45
4242,177,Accounting,26,2,51
4243,177,Accounting,26,3,52
4244,177,Accounting,26,4,53
4245,177,Geography,20,1,68
4246,177,Geography,20,2,59
4247,177,Geography,20,3,65
4248,177,Geography,20,4,55
4249,178,English,5,1,62
4250,178,English,5,2,73
4251,178,English,5,3,62
4252,178,English,5,4,75
4253,178,Afrikaans,7,1,60
4254,178,Afrikaans,7,2,56
4255,178,Afrikaans,7,3,54
4256,178,Afrikaans,7,4,46
4257,178,Mathematics,3,1,47
4258,178,Mathematics,3,2,52
4259,178,Mathematics,3,3,40
4260,178,Mathematics,3,4,49
4261,178,Life Science,15,1,70
4262,178,Life Science,15,2,65
4263,178,Life Science,15,3,70
4264,178,Life Science,15,4,63
4265,178,Accounting,26,1,82
4266,178,Accounting,26,2,78
4267,178,Accounting,26,3,82
4268,178,Accounting,26,4,75
4269,178,Information Technology,23,1,54
4270,178,Information Technology,23,2,50
4271,178,Information Technology,23,3,44
4272,178,Information Technology,23,4,39
4273,179,English,6,1,73
4274,179,English,6,2,82
4275,179,English,6,3,84
4276,179,English,6,4,86
4277,179,Afrikaans,7,1,45
4278,179,Afrikaans,7,2,46
4279,179,Afrikaans,7,3,54
4280,179,Afrikaans,7,4,54
4281,179,Mathematics,2,1,72
4282,179,Mathematics,2,2,74
4283,179,Mathematics,2,3,71
4284,179,Mathematics,2,4,80
4285,179,Information Technology,22,1,57
4286,179,Information Technology,22,2,53
4287,179,Information Technology,22,3,59
4288,179,Information Technology,22,4,50
4289,179,History,18,1,67
4290,179,History,18,2,69
4291,179,History,18,3,62
4292,179,History,18,4,62
4293,179,Accounting,26,1,70
4294,179,Accounting,26,2,74
4295,179,Accounting,26,3,71
4296,179,Accounting,26,4,74
4297,180,English,6,1,79
4298,180,English,6,2,75
4299,180,English,6,3,85
4300,180,English,6,4,74
4301,180,Afrikaans,7,1,52
4302,180,Afrikaans,7,2,59
4303,180,Afrikaans,7,3,59
4304,180,Afrikaans,7,4,51
4305,180,Mathematics,2,1,76
4306,180,Mathematics,2,2,72
4307,180,Mathematics,2,3,75
4308,180,Mathematics,2,4,73
4309,180,Life Science,13,1,57
4310,180,Life Science,13,2,42
4311,180,Life Science,13,3,47
4312,180,Life Science,13,4,54
4313,180,History,18,1,88
4314,180,History,18,2,82
4315,180,History,18,3,87
4316,180,History,18,4,81
4317,180,Geography,19,1,59
4318,180,Geography,19,2,58
4319,180,Geography,19,3,57
4320,180,Geography,19,4,49
4321,181,English,4,1,72
4322,181,English,4,2,72
4323,181,English,4,3,73
4324,181,English,4,4,65
4325,181,Afrikaans,9,1,81
4326,181,Afrikaans,9,2,71
4327,181,Afrikaans,9,3,72
4328,181,Afrikaans,9,4,84
4329,181,Mathematics,1,1,51
4330,181,Mathematics,1,2,53
4331,181,Mathematics,1,3,49
4332,181,Mathematics,1,4,51
4333,181,History,17,1,82
4334,181,History,17,2,69
4335,181,History,17,3,69
4336,181,History,17,4,73
4337,181,Accounting,25,1,78
4338,181,Accounting,25,2,74
4339,181,Accounting,25,3,84
4340,181,Accounting,25,4,82
4341,181,Physical Science,10,1,47
4342,181,Physical Science,10,2,50
4343,181,Physical Science,10,3,53
4344,181,Physical Science,10,4,41
4345,182,English,4,1,90
4346,182,English,4,2,90
4347,182,English,4,3,90
4348,182,English,4,4,80
4349,182,Afrikaans,7,1,70
4350,182,Afrikaans,7,2,81
4351,182,Afrikaans,7,3,77
4352,182,Afrikaans,7,4,84
4353,182,Mathematics,1,1,81
4354,182,Mathematics,1,2,80
4355,182,Mathematics,1,3,78
4356,182,Mathematics,1,4,79
4357,182,Geography,20,1,42
4358,182,Geography,20,2,43
4359,182,Geography,20,3,46
4360,182,Geography,20,4,53
4361,182,Physical Science,11,1,52
4362,182,Physical Science,11,2,62
4363,182,Physical Science,11,3,64
4364,182,Physical Science,11,4,55
4365,182,Life Science,14,1,76
4366,182,Life Science,14,2,76
4367,182,Life Science,14,3,78
4368,182,Life Science,14,4,76
4369,183,English,6,1,49
4370,183,English,6,2,49
4371,183,English,6,3,49
4372,183,English,6,4,51
4373,183,Afrikaans,7,1,76
4374,183,Afrikaans,7,2,76
4375,183,Afrikaans,7,3,83
4376,183,Afrikaans,7,4,77
4377,183,Mathematics,3,1,58
4378,183,Mathematics,3,2,53
4379,183,Mathematics,3,3,63
4380,183,Mathematics,3,4,54
4381,183,Life Science,15,1,80
4382,183,Life Science,15,2,83
4383,183,Life Science,15,3,80
4384,183,Life Science,15,4,75
4385,183,Geography,19,1,55
4386,183,Geography,19,2,40
4387,183,Geography,19,3,50
4388,183,Geography,19,4,52
4389,183,History,18,1,88
4390,183,History,18,2,86
4391,183,History,18,3,79
4392,183,History,18,4,91
4393,184,English,4,1,51
4394,184,English,4,2,55
4395,184,English,4,3,60
4396,184,English,4,4,61
4397,184,Afrikaans,9,1,63
4398,184,Afrikaans,9,2,67
4399,184,Afrikaans,9,3,69
4400,184,Afrikaans,9,4,71
4401,184,Mathematics,2,1,59
4402,184,Mathematics,2,2,46
4403,184,Mathematics,2,3,50
4404,184,Mathematics,2,4,53
4405,184,Physical Science,10,1,47
4406,184,Physical Science,10,2,55
4407,184,Physical Science,10,3,58
4408,184,Physical Science,10,4,53
4409,184,Geography,20,1,80
4410,184,Geography,20,2,81
4411,184,Geography,20,3,88
4412,184,Geography,20,4,86
4413,184,Accounting,27,1,54
4414,184,Accounting,27,2,53
4415,184,Accounting,27,3,51
4416,184,Accounting,27,4,44
4417,185,English,5,1,63
4418,185,English,5,2,70
4419,185,English,5,3,77
4420,185,English,5,4,70
4421,185,Afrikaans,8,1,74
4422,185,Afrikaans,8,2,70
4423,185,Afrikaans,8,3,77
4424,185,Afrikaans,8,4,76
4425,185,Mathematics,2,1,64
4426,185,Mathematics,2,2,62
4427,185,Mathematics,2,3,53
4428,185,Mathematics,2,4,48
4429,185,History,18,1,96
4430,185,History,18,2,85
4431,185,History,18,3,95
4432,185,History,18,4,86
4433,185,Information Technology,22,1,72
4434,185,Information Technology,22,2,77
4435,185,Information Technology,22,3,65
4436,185,Information Technology,22,4,80
4437,185,Physical Science,12,1,53
4438,185,Physical Science,12,2,56
4439,185,Physical Science,12,3,46
4440,185,Physical Science,12,4,49
4441,186,English,6,1,57
4442,186,English,6,2,61
4443,186,English,6,3,61
4444,186,English,6,4,58
4445,186,Afrikaans,8,1,47
4446,186,Afrikaans,8,2,54
4447,186,Afrikaans,8,3,49
4448,186,Afrikaans,8,4,50
4449,186,Mathematics,2,1,50
4450,186,Mathematics,2,2,49
4451,186,Mathematics,2,3,54
4452,186,Mathematics,2,4,49
4453,186,Geography,21,1,50
4454,186,Geography,21,2,52
4455,186,Geography,21,3,46
4456,186,Geography,21,4,53
4457,186,History,17,1,73
4458,186,History,17,2,74
4459,186,History,17,3,72
4460,186,History,17,4,72
4461,186,Information Technology,24,1,43
4462,186,Information Technology,24,2,42
4463,186,Information Technology,24,3,45
4464,186,Information Technology,24,4,41
4465,187,English,4,1,48
4466,187,English,4,2,48
4467,187,English,4,3,45
4468,187,English,4,4,41
4469,187,Afrikaans,8,1,68
4470,187,Afrikaans,8,2,69
4471,187,Afrikaans,8,3,70
4472,187,Afrikaans,8,4,78
4473,187,Mathematics,1,1,79
4474,187,Mathematics,1,2,72
4475,187,Mathematics,1,3,83
4476,187,Mathematics,1,4,81
4477,187,Information Technology,22,1,52
4478,187,Information Technology,22,2,44
4479,187,Information Technology,22,3,47
4480,187,Information Technology,22,4,43
4481,187,Geography,21,1,91
4482,187,Geography,21,2,78
4483,187,Geography,21,3,91
4484,187,Geography,21,4,91
4485,187,History,18,1,71
4486,187,History,18,2,58
4487,187,History,18,3,63
4488,187,History,18,4,59
4489,188,English,6,1,69
4490,188,English,6,2,71
4491,188,English,6,3,66
4492,188,English,6,4,72
4493,188,Afrikaans,8,1,54
4494,188,Afrikaans,8,2,53
4495,188,Afrikaans,8,3,55
4496,188,Afrikaans,8,4,56
4497,188,Mathematics,1,1,63
4498,188,Mathematics,1,2,62
4499,188,Mathematics,1,3,57
4500,188,Mathematics,1,4,50
4501,188,Physical Science,11,1,72
4502,188,Physical Science,11,2,64
4503,188,Physical Science,11,3,71
4504,188,Physical Science,11,4,74
4505,188,Life Science,14,1,75
4506,188,Life Science,14,2,76
4507,188,Life Science,14,3,72
4508,188,Life Science,14,4,79
4509,188,Geography,20,1,80
4510,188,Geography,20,2,78
4511,188,Geography,20,3,69
4512,188,Geography,20,4,70
4513,189,English,5,1,49
4514,189,English,5,2,50
4515,189,English,5,3,54
4516,189,English,5,4,51
4517,189,Afrikaans,7,1,88
4518,189,Afrikaans,7,2,80
4519,189,Afrikaans,7,3,84
4520,189,Afrikaans,7,4,91
4521,189,Mathematics,1,1,56
4522,189,Mathematics,1,2,68
4523,189,Mathematics,1,3,64
4524,189,Mathematics,1,4,65
4525,189,Physical Science,12,1,42
4526,189,Physical Science,12,2,44
4527,189,Physical Science,12,3,41
4528,189,Physical Science,12,4,40
4529,189,Information Technology,23,1,73
4530,189,Information Technology,23,2,76
4531,189,Information Technology,23,3,64
4532,189,Information Technology,23,4,71
4533,189,History,18,1,60
4534,189,History,18,2,60
4535,189,History,18,3,58
4536,189,History,18,4,55
4537,190,English,6,1,69
4538,190,English,6,2,71
4539,190,English,6,3,74
4540,190,English,6,4,82
4541,190,Afrikaans,9,1,52
4542,190,Afrikaans,9,2,54
4543,190,Afrikaans,9,3,51
4544,190,Afrikaans,9,4,55
4545,190,Mathematics,2,1,34
4546,190,Mathematics,2,2,38
4547,190,Mathematics,2,3,47
4548,190,Mathematics,2,4,37
4549,190,Information Technology,24,1,47
4550,190,Information Technology,24,2,41
4551,190,Information Technology,24,3,44
4552,190,Information Technology,24,4,45
4553,190,Life Science,15,1,76
4554,190,Life Science,15,2,77
4555,190,Life Science,15,3,79
4556,190,Life Science,15,4,81
4557,190,Physical Science,12,1,67
4558,190,Physical Science,12,2,76
4559,190,Physical Science,12,3,73
4560,190,Physical Science,12,4,77
4561,191,English,4,1,73
4562,191,English,4,2,77
4563,191,English,4,3,74
4564,191,English,4,4,79
4565,191,Afrikaans,9,1,61
4566,191,Afrikaans,9,2,57
4567,191,Afrikaans,9,3,68
4568,191,Afrikaans,9,4,66
4569,191,Mathematics,3,1,55
4570,191,Mathematics,3,2,55
4571,191,Mathematics,3,3,50
4572,191,Mathematics,3,4,43
4573,191,Accounting,26,1,42
4574,191,Accounting,26,2,37
4575,191,Accounting,26,3,49
4576,191,Accounting,26,4,41
4577,191,Geography,21,1,60
4578,191,Geography,21,2,56
4579,191,Geography,21,3,67
4580,191,Geography,21,4,68
4581,191,History,18,1,86
4582,191,History,18,2,82
4583,191,History,18,3,80
4584,191,History,18,4,89
4585,192,English,6,1,52
4586,192,English,6,2,49
4587,192,English,6,3,65
4588,192,English,6,4,62
4589,192,Afrikaans,7,1,81
4590,192,Afrikaans,7,2,69
4591,192,Afrikaans,7,3,73
4592,192,Afrikaans,7,4,72
4593,192,Mathematics,2,1,52
4594,192,Mathematics,2,2,53
4595,192,Mathematics,2,3,59
4596,192,Mathematics,2,4,56
4597,192,Accounting,27,1,55
4598,192,Accounting,27,2,48
4599,192,Accounting,27,3,48
4600,192,Accounting,27,4,51
4601,192,Geography,21,1,64
4602,192,Geography,21,2,56
4603,192,Geography,21,3,64
4604,192,Geography,21,4,55
4605,192,Physical Science,12,1,40
4606,192,Physical Science,12,2,39
4607,192,Physical Science,12,3,38
4608,192,Physical Science,12,4,45
4609,193,English,5,1,65
4610,193,English,5,2,68
4611,193,English,5,3,56
4612,193,English,5,4,54
4613,193,Afrikaans,8,1,71
4614,193,Afrikaans,8,2,77
4615,193,Afrikaans,8,3,79
4616,193,Afrikaans,8,4,73
4617,193,Mathematics,3,1,69
4618,193,Mathematics,3,2,64
4619,193,Mathematics,3,3,58
4620,193,Mathematics,3,4,59
4621,193,Life Science,15,1,74
4622,193,Life Science,15,2,74
4623,193,Life Science,15,3,83
4624,193,Life Science,15,4,80
4625,193,Physical Science,10,1,71
4626,193,Physical Science,10,2,61
4627,193,Physical Science,10,3,60
4628,193,Physical Science,10,4,68
4629,193,Information Technology,24,1,79
4630,193,Information Technology,24,2,76
4631,193,Information Technology,24,3,79
4632,193,Information Technology,24,4,78
4633,194,English,6,1,48
4634,194,English,6,2,52
4635,194,English,6,3,55
4636,194,English,6,4,52
4637,194,Afrikaans,7,1,84
4638,194,Afrikaans,7,2,79
4639,194,Afrikaans,7,3,83
4640,194,Afrikaans,7,4,73
4641,194,Mathematics,1,1,47
4642,194,Mathematics,1,2,53
4643,194,Mathematics,1,3,50
4644,194,Mathematics,1,4,41
4645,194,History,18,1,59
4646,194,History,18,2,66
4647,194,History,18,3,57
4648,194,History,18,4,60
4649,194,Geography,20,1,78
4650,194,Geography,20,2,81
4651,194,Geography,20,3,83
4652,194,Geography,20,4,79
4653,194,Physical Science,12,1,54
4654,194,Physical Science,12,2,62
4655,194,Physical Science,12,3,56
4656,194,Physical Science,12,4,59
4657,195,English,4,1,59
4658,195,English,4,2,64
4659,195,English,4,3,53
4660,195,English,4,4,63
4661,195,Afrikaans,7,1,46
4662,195,Afrikaans,7,2,44
4663,195,Afrikaans,7,3,41
4664,195,Afrikaans,7,4,47
4665,195,Mathematics,2,1,44
4666,195,Mathematics,2,2,58
4667,195,Mathematics,2,3,51
4668,195,Mathematics,2,4,48
4669,195,Physical Science,10,1,72
4670,195,Physical Science,10,2,62
4671,195,Physical Science,10,3,74
4672,195,Physical Science,10,4,60
4673,195,Life Science,15,1,77
4674,195,Life Science,15,2,81
4675,195,Life Science,15,3,80
4676,195,Life Science,15,4,81
4677,195,Information Technology,23,1,46
4678,195,Information Technology,23,2,45
4679,195,Information Technology,23,3,53
4680,195,Information Technology,23,4,44
4681,196,English,5,1,61
4682,196,English,5,2,57
4683,196,English,5,3,57
4684,196,English,5,4,68
4685,196,Afrikaans,8,1,60
4686,196,Afrikaans,8,2,54
4687,196,Afrikaans,8,3,70
4688,196,Afrikaans,8,4,59
4689,196,Mathematics,1,1,60
4690,196,Mathematics,1,2,65
4691,196,Mathematics,1,3,73
4692,196,Mathematics,1,4,61
4693,196,Geography,19,1,60
4694,196,Geography,19,2,69
4695,196,Geography,19,3,63
4696,196,Geography,19,4,72
4697,196,Accounting,27,1,60
4698,196,Accounting,27,2,67
4699,196,Accounting,27,3,61
4700,196,Accounting,27,4,57
4701,196,History,18,1,59
4702,196,History,18,2,60
4703,196,History,18,3,59
4704,196,History,18,4,53
4705,197,English,4,1,77
4706,197,English,4,2,87
4707,197,English,4,3,78
4708,197,English,4,4,91
4709,197,Afrikaans,7,1,61
4710,197,Afrikaans,7,2,63
4711,197,Afrikaans,7,3,58
4712,197,Afrikaans,7,4,66
4713,197,Mathematics,3,1,53
4714,197,Mathematics,3,2,54
4715,197,Mathematics,3,3,64
4716,197,Mathematics,3,4,54
4717,197,Accounting,26,1,67
4718,197,Accounting,26,2,64
4719,197,Accounting,26,3,66
4720,197,Accounting,26,4,71
4721,197,Information Technology,22,1,40
4722,197,Information Technology,22,2,46
4723,197,Information Technology,22,3,45
4724,197,Information Technology,22,4,52
4725,197,Geography,21,1,73
4726,197,Geography,21,2,68
4727,197,Geography,21,3,67
4728,197,Geography,21,4,73
4729,198,English,4,1,83
4730,198,English,4,2,79
4731,198,English,4,3,74
4732,198,English,4,4,81
4733,198,Afrikaans,8,1,54
4734,198,Afrikaans,8,2,59
4735,198,Afrikaans,8,3,49
4736,198,Afrikaans,8,4,58
4737,198,Mathematics,3,1,72
4738,198,Mathematics,3,2,75
4739,198,Mathematics,3,3,68
4740,198,Mathematics,3,4,73
4741,198,Information Technology,23,1,53
4742,198,Information Technology,23,2,51
4743,198,Information Technology,23,3,45
4744,198,Information Technology,23,4,53
4745,198,Life Science,13,1,91
4746,198,Life Science,13,2,80
4747,198,Life Science,13,3,79
4748,198,Life Science,13,4,94
4749,198,Geography,21,1,74
4750,198,Geography,21,2,67
4751,198,Geography,21,3,64
4752,198,Geography,21,4,75
4753,199,English,5,1,88
4754,199,English,5,2,74
4755,199,English,5,3,81
4756,199,English,5,4,86
4757,199,Afrikaans,9,1,66
4758,199,Afrikaans,9,2,79
4759,199,Afrikaans,9,3,73
4760,199,Afrikaans,9,4,68
4761,199,Mathematics,1,1,49
4762,199,Mathematics,1,2,47
4763,199,Mathematics,1,3,56
4764,199,Mathematics,1,4,53
4765,199,Accounting,27,1,53
4766,199,Accounting,27,2,54
4767,199,Accounting,27,3,53
4768,199,Accounting,27,4,68
4769,199,Physical Science,12,1,52
4770,199,Physical Science,12,2,49
4771,199,Physical Science,12,3,49
4772,199,Physical Science,12,4,39
4773,199,Geography,20,1,76
4774,199,Geography,20,2,79
4775,199,Geography,20,3,76
4776,199,Geography,20,4,70
4777,200,English,6,1,71
4778,200,English,6,2,74
4779,200,English,6,3,85
4780,200,English,6,4,76
4781,200,Afrikaans,8,1,60
4782,200,Afrikaans,8,2,49
4783,200,Afrikaans,8,3,50
4784,200,Afrikaans,8,4,61
4785,200,Mathematics,1,1,61
4786,200,Mathematics,1,2,65
4787,200,Mathematics,1,3,65
4788,200,Mathematics,1,4,59
4789,200,Information Technology,22,1,61
4790,200,Information Technology,22,2,62
4791,200,Information Technology,22,3,61
4792,200,Information Technology,22,4,58
4793,200,Geography,21,1,85
4794,200,Geography,21,2,80
4795,200,Geography,21,3,90
4796,200,Geography,21,4,77
4797,200,History,17,1,52
4798,200,History,17,2,43
4799,200,History,17,3,40
4800,200,History,17,4,45
4801,201,English,5,1,83
4802,201,English,5,2,81
4803,201,English,5,3,84
4804,201,English,5,4,78
4805,201,Afrikaans,8,1,87
4806,201,Afrikaans,8,2,88
4807,201,Afrikaans,8,3,85
4808,201,Afrikaans,8,4,78
4809,201,Mathematics,3,1,44
4810,201,Mathematics,3,2,40
4811,201,Mathematics,3,3,46
4812,201,Mathematics,3,4,43
4813,201,Physical Science,12,1,37
4814,201,Physical Science,12,2,31
4815,201,Physical Science,12,3,37
4816,201,Physical Science,12,4,46
4817,201,History,17,1,56
4818,201,History,17,2,62
4819,201,History,17,3,55
4820,201,History,17,4,51
4821,201,Life Science,13,1,71
4822,201,Life Science,13,2,61
4823,201,Life Science,13,3,72
4824,201,Life Science,13,4,70
4825,202,English,6,1,43
4826,202,English,6,2,45
4827,202,English,6,3,44
4828,202,English,6,4,54
4829,202,Afrikaans,7,1,83
4830,202,Afrikaans,7,2,68
4831,202,Afrikaans,7,3,82
4832,202,Afrikaans,7,4,75
4833,202,Mathematics,1,1,53
4834,202,Mathematics,1,2,56
4835,202,Mathematics,1,3,45
4836,202,Mathematics,1,4,54
4837,202,Geography,20,1,42
4838,202,Geography,20,2,52
4839,202,Geography,20,3,52
4840,202,Geography,20,4,54
4841,202,Accounting,26,1,80
4842,202,Accounting,26,2,72
4843,202,Accounting,26,3,86
4844,202,Accounting,26,4,83
4845,202,Life Science,14,1,85
4846,202,Life Science,14,2,84
4847,202,Life Science,14,3,76
4848,202,Life Science,14,4,70
4849,203,English,5,1,72
4850,203,English,5,2,85
4851,203,English,5,3,82
4852,203,English,5,4,74
4853,203,Afrikaans,8,1,67
4854,203,Afrikaans,8,2,69
4855,203,Afrikaans,8,3,57
4856,203,Afrikaans,8,4,69
4857,203,Mathematics,1,1,82
4858,203,Mathematics,1,2,85
4859,203,Mathematics,1,3,84
4860,203,Mathematics,1,4,71
4861,203,History,17,1,59
4862,203,History,17,2,56
4863,203,History,17,3,65
4864,203,History,17,4,61
4865,203,Physical Science,10,1,65
4866,203,Physical Science,10,2,74
4867,203,Physical Science,10,3,65
4868,203,Physical Science,10,4,68
4869,203,Accounting,25,1,86
4870,203,Accounting,25,2,76
4871,203,Accounting,25,3,81
4872,203,Accounting,25,4,84
4873,204,English,4,1,76
4874,204,English,4,2,80
4875,204,English,4,3,70
4876,204,English,4,4,71
4877,204,Afrikaans,7,1,57
4878,204,Afrikaans,7,2,70
4879,204,Afrikaans,7,3,59
4880,204,Afrikaans,7,4,60
4881,204,Mathematics,1,1,49
4882,204,Mathematics,1,2,59
4883,204,Mathematics,1,3,47
4884,204,Mathematics,1,4,57
4885,204,Information Technology,22,1,75
4886,204,Information Technology,22,2,73
4887,204,Information Technology,22,3,72
4888,204,Information Technology,22,4,67
4889,204,History,18,1,52
4890,204,History,18,2,49
4891,204,History,18,3,52
4892,204,History,18,4,46
4893,204,Physical Science,11,1,57
4894,204,Physical Science,11,2,42
4895,204,Physical Science,11,3,43
4896,204,Physical Science,11,4,51
4897,205,English,5,1,69
4898,205,English,5,2,73
4899,205,English,5,3,69
4900,205,English,5,4,73
4901,205,Afrikaans,9,1,76
4902,205,Afrikaans,9,2,78
4903,205,Afrikaans,9,3,79
4904,205,Afrikaans,9,4,69
4905,205,Mathematics,1,1,75
4906,205,Mathematics,1,2,71
4907,205,Mathematics,1,3,83
4908,205,Mathematics,1,4,70
4909,205,Geography,21,1,56
4910,205,Geography,21,2,56
4911,205,Geography,21,3,45
4912,205,Geography,21,4,45
4913,205,History,16,1,82
4914,205,History,16,2,80
4915,205,History,16,3,95
4916,205,History,16,4,82
4917,205,Life Science,15,1,51
4918,205,Life Science,15,2,54
4919,205,Life Science,15,3,59
4920,205,Life Science,15,4,53
4921,206,English,4,1,71
4922,206,English,4,2,73
4923,206,English,4,3,72
4924,206,English,4,4,60
4925,206,Afrikaans,7,1,57
4926,206,Afrikaans,7,2,56
4927,206,Afrikaans,7,3,50
4928,206,Afrikaans,7,4,49
4929,206,Mathematics,1,1,58
4930,206,Mathematics,1,2,57
4931,206,Mathematics,1,3,44
4932,206,Mathematics,1,4,51
4933,206,Physical Science,11,1,70
4934,206,Physical Science,11,2,69
4935,206,Physical Science,11,3,76
4936,206,Physical Science,11,4,65
4937,206,Geography,19,1,52
4938,206,Geography,19,2,55
4939,206,Geography,19,3,57
4940,206,Geography,19,4,55
4941,206,Accounting,26,1,81
4942,206,Accounting,26,2,78
4943,206,Accounting,26,3,90
4944,206,Accounting,26,4,87
4945,207,English,4,1,57
4946,207,English,4,2,66
4947,207,English,4,3,66
4948,207,English,4,4,66
4949,207,Afrikaans,8,1,82
4950,207,Afrikaans,8,2,77
4951,207,Afrikaans,8,3,66
4952,207,Afrikaans,8,4,80
4953,207,Mathematics,2,1,41
4954,207,Mathematics,2,2,57
4955,207,Mathematics,2,3,43
4956,207,Mathematics,2,4,43
4957,207,Accounting,27,1,65
4958,207,Accounting,27,2,67
4959,207,Accounting,27,3,60
4960,207,Accounting,27,4,68
4961,207,Life Science,15,1,53
4962,207,Life Science,15,2,42
4963,207,Life Science,15,3,45
4964,207,Life Science,15,4,42
4965,207,Physical Science,10,1,86
4966,207,Physical Science,10,2,79
4967,207,Physical Science,10,3,83
4968,207,Physical Science,10,4,82
4969,208,English,5,1,83
4970,208,English,5,2,84
4971,208,English,5,3,85
4972,208,English,5,4,74
4973,208,Afrikaans,9,1,70
4974,208,Afrikaans,9,2,58
4975,208,Afrikaans,9,3,66
4976,208,Afrikaans,9,4,68
4977,208,Mathematics,1,1,59
4978,208,Mathematics,1,2,56
4979,208,Mathematics,1,3,57
4980,208,Mathematics,1,4,51
4981,208,Physical Science,11,1,51
4982,208,Physical Science,11,2,50
4983,208,Physical Science,11,3,59
4984,208,Physical Science,11,4,61
4985,208,History,17,1,64
4986,208,History,17,2,57
4987,208,History,17,3,54
4988,208,History,17,4,50
4989,208,Life Science,14,1,79
4990,208,Life Science,14,2,86
4991,208,Life Science,14,3,80
4992,208,Life Science,14,4,75
4993,209,English,4,1,40
4994,209,English,4,2,48
4995,209,English,4,3,47
4996,209,English,4,4,49
4997,209,Afrikaans,8,1,80
4998,209,Afrikaans,8,2,67
4999,209,Afrikaans,8,3,65
5000,209,Afrikaans,8,4,75
5001,209,Mathematics,3,1,64
5002,209,Mathematics,3,2,59
5003,209,Mathematics,3,3,51
5004,209,Mathematics,3,4,49
5005,209,Life Science,14,1,59
5006,209,Life Science,14,2,54
5007,209,Life Science,14,3,45
5008,209,Life Science,14,4,59
5009,209,Information Technology,23,1,63
5010,209,Information Technology,23,2,63
5011,209,Information Technology,23,3,67
5012,209,Information Technology,23,4,65
5013,209,Accounting,25,1,56
5014,209,Accounting,25,2,64
5015,209,Accounting,25,3,68
5016,209,Accounting,25,4,59
5017,210,English,6,1,55
5018,210,English,6,2,61
5019,210,English,6,3,51
5020,210,English,6,4,56
5021,210,Afrikaans,7,1,69
5022,210,Afrikaans,7,2,70
5023,210,Afrikaans,7,3,79
5024,210,Afrikaans,7,4,79
5025,210,Mathematics,2,1,39
5026,210,Mathematics,2,2,38
5027,210,Mathematics,2,3,50
5028,210,Mathematics,2,4,41
5029,210,Physical Science,11,1,66
5030,210,Physical Science,11,2,74
5031,210,Physical Science,11,3,62
5032,210,Physical Science,11,4,71
5033,210,Information Technology,24,1,80
5034,210,Information Technology,24,2,84
5035,210,Information Technology,24,3,80
5036,210,Information Technology,24,4,76
5037,210,Life Science,14,1,90
5038,210,Life Science,14,2,88
5039,210,Life Science,14,3,89
5040,210,Life Science,14,4,90
5041,211,English,5,1,70
5042,211,English,5,2,69
5043,211,English,5,3,81
5044,211,English,5,4,69
5045,211,Afrikaans,8,1,82
5046,211,Afrikaans,8,2,72
5047,211,Afrikaans,8,3,84
5048,211,Afrikaans,8,4,84
5049,211,Mathematics,1,1,45
5050,211,Mathematics,1,2,53
5051,211,Mathematics,1,3,54
5052,211,Mathematics,1,4,40
5053,211,Information Technology,22,1,56
5054,211,Information Technology,22,2,48
5055,211,Information Technology,22,3,58
5056,211,Information Technology,22,4,48
5057,211,Life Science,14,1,56
5058,211,Life Science,14,2,54
5059,211,Life Science,14,3,46
5060,211,Life Science,14,4,61
5061,211,Accounting,25,1,46
5062,211,Accounting,25,2,54
5063,211,Accounting,25,3,52
5064,211,Accounting,25,4,54
5065,212,English,5,1,67
5066,212,English,5,2,73
5067,212,English,5,3,58
5068,212,English,5,4,62
5069,212,Afrikaans,9,1,59
5070,212,Afrikaans,9,2,47
5071,212,Afrikaans,9,3,55
5072,212,Afrikaans,9,4,55
5073,212,Mathematics,3,1,50
5074,212,Mathematics,3,2,60
5075,212,Mathematics,3,3,45
5076,212,Mathematics,3,4,48
5077,212,History,18,1,86
5078,212,History,18,2,77
5079,212,History,18,3,76
5080,212,History,18,4,88
5081,212,Life Science,14,1,77
5082,212,Life Science,14,2,82
5083,212,Life Science,14,3,78
5084,212,Life Science,14,4,80
5085,212,Physical Science,11,1,64
5086,212,Physical Science,11,2,64
5087,212,Physical Science,11,3,76
5088,212,Physical Science,11,4,74
5089,213,English,4,1,81
5090,213,English,4,2,71
5091,213,English,4,3,77
5092,213,English,4,4,69
5093,213,Afrikaans,7,1,89
5094,213,Afrikaans,7,2,88
5095,213,Afrikaans,7,3,83
5096,213,Afrikaans,7,4,88
5097,213,Mathematics,2,1,54
5098,213,Mathematics,2,2,67
5099,213,Mathematics,2,3,61
5100,213,Mathematics,2,4,55
5101,213,History,16,1,50
5102,213,History,16,2,59
5103,213,History,16,3,53
5104,213,History,16,4,52
5105,213,Life Science,15,1,51
5106,213,Life Science,15,2,66
5107,213,Life Science,15,3,56
5108,213,Life Science,15,4,65
5109,213,Information Technology,24,1,67
5110,213,Information Technology,24,2,70
5111,213,Information Technology,24,3,72
5112,213,Information Technology,24,4,67
5113,214,English,4,1,62
5114,214,English,4,2,63
5115,214,English,4,3,70
5116,214,English,4,4,58
5117,214,Afrikaans,8,1,81
5118,214,Afrikaans,8,2,83
5119,214,Afrikaans,8,3,72
5120,214,Afrikaans,8,4,86
5121,214,Mathematics,1,1,43
5122,214,Mathematics,1,2,46
5123,214,Mathematics,1,3,38
5124,214,Mathematics,1,4,46
5125,214,Information Technology,24,1,52
5126,214,Information Technology,24,2,46
5127,214,Information Technology,24,3,48
5128,214,Information Technology,24,4,44
5129,214,History,17,1,48
5130,214,History,17,2,48
5131,214,History,17,3,50
5132,214,History,17,4,54
5133,214,Life Science,14,1,52
5134,214,Life Science,14,2,55
5135,214,Life Science,14,3,49
5136,214,Life Science,14,4,51
5137,215,English,4,1,71
5138,215,English,4,2,63
5139,215,English,4,3,59
5140,215,English,4,4,68
5141,215,Afrikaans,8,1,48
5142,215,Afrikaans,8,2,49
5143,215,Afrikaans,8,3,57
5144,215,Afrikaans,8,4,60
5145,215,Mathematics,2,1,48
5146,215,Mathematics,2,2,42
5147,215,Mathematics,2,3,51
5148,215,Mathematics,2,4,48
5149,215,Physical Science,11,1,58
5150,215,Physical Science,11,2,49
5151,215,Physical Science,11,3,47
5152,215,Physical Science,11,4,52
5153,215,Accounting,25,1,56
5154,215,Accounting,25,2,64
5155,215,Accounting,25,3,65
5156,215,Accounting,25,4,65
5157,215,Life Science,13,1,65
5158,215,Life Science,13,2,70
5159,215,Life Science,13,3,63
5160,215,Life Science,13,4,72
5161,216,English,5,1,81
5162,216,English,5,2,70
5163,216,English,5,3,83
5164,216,English,5,4,68
5165,216,Afrikaans,8,1,70
5166,216,Afrikaans,8,2,63
5167,216,Afrikaans,8,3,71
5168,216,Afrikaans,8,4,66
5169,216,Mathematics,3,1,51
5170,216,Mathematics,3,2,56
5171,216,Mathematics,3,3,60
5172,216,Mathematics,3,4,61
5173,216,Physical Science,12,1,51
5174,216,Physical Science,12,2,41
5175,216,Physical Science,12,3,39
5176,216,Physical Science,12,4,46
5177,216,History,17,1,79
5178,216,History,17,2,81
5179,216,History,17,3,87
5180,216,History,17,4,88
5181,216,Life Science,14,1,40
5182,216,Life Science,14,2,54
5183,216,Life Science,14,3,49
5184,216,Life Science,14,4,45
5185,217,English,6,1,40
5186,217,English,6,2,54
5187,217,English,6,3,47
5188,217,English,6,4,47
5189,217,Afrikaans,7,1,72
5190,217,Afrikaans,7,2,67
5191,217,Afrikaans,7,3,77
5192,217,Afrikaans,7,4,70
5193,217,Mathematics,1,1,39
5194,217,Mathematics,1,2,36
5195,217,Mathematics,1,3,43
5196,217,Mathematics,1,4,36
5197,217,Information Technology,24,1,63
5198,217,Information Technology,24,2,64
5199,217,Information Technology,24,3,68
5200,217,Information Technology,24,4,73
5201,217,History,17,1,69
5202,217,History,17,2,63
5203,217,History,17,3,63
5204,217,History,17,4,61
5205,217,Physical Science,11,1,66
5206,217,Physical Science,11,2,65
5207,217,Physical Science,11,3,68
5208,217,Physical Science,11,4,68
5209,218,English,4,1,66
5210,218,English,4,2,62
5211,218,English,4,3,52
5212,218,English,4,4,56
5213,218,Afrikaans,7,1,52
5214,218,Afrikaans,7,2,37
5215,218,Afrikaans,7,3,37
5216,218,Afrikaans,7,4,42
5217,218,Mathematics,1,1,73
5218,218,Mathematics,1,2,70
5219,218,Mathematics,1,3,60
5220,218,Mathematics,1,4,60
5221,218,Life Science,13,1,72
5222,218,Life Science,13,2,86
5223,218,Life Science,13,3,75
5224,218,Life Science,13,4,83
5225,218,History,18,1,75
5226,218,History,18,2,76
5227,218,History,18,3,69
5228,218,History,18,4,64
5229,218,Physical Science,10,1,51
5230,218,Physical Science,10,2,48
5231,218,Physical Science,10,3,43
5232,218,Physical Science,10,4,51
5233,219,English,5,1,46
5234,219,English,5,2,39
5235,219,English,5,3,47
5236,219,English,5,4,50
5237,219,Afrikaans,9,1,51
5238,219,Afrikaans,9,2,58
5239,219,Afrikaans,9,3,56
5240,219,Afrikaans,9,4,56
5241,219,Mathematics,1,1,74
5242,219,Mathematics,1,2,64
5243,219,Mathematics,1,3,71
5244,219,Mathematics,1,4,78
5245,219,Life Science,14,1,82
5246,219,Life Science,14,2,76
5247,219,Life Science,14,3,82
5248,219,Life Science,14,4,88
5249,219,Geography,19,1,54
5250,219,Geography,19,2,62
5251,219,Geography,19,3,61
5252,219,Geography,19,4,51
5253,219,Physical Science,12,1,71
5254,219,Physical Science,12,2,70
5255,219,Physical Science,12,3,67
5256,219,Physical Science,12,4,69
5257,220,English,6,1,47
5258,220,English,6,2,51
5259,220,English,6,3,50
5260,220,English,6,4,59
5261,220,Afrikaans,8,1,60
5262,220,Afrikaans,8,2,54
5263,220,Afrikaans,8,3,62
5264,220,Afrikaans,8,4,68
5265,220,Mathematics,2,1,45
5266,220,Mathematics,2,2,33
5267,220,Mathematics,2,3,42
5268,220,Mathematics,2,4,45
5269,220,Accounting,25,1,68
5270,220,Accounting,25,2,63
5271,220,Accounting,25,3,76
5272,220,Accounting,25,4,74
5273,220,Physical Science,11,1,72
5274,220,Physical Science,11,2,77
5275,220,Physical Science,11,3,62
5276,220,Physical Science,11,4,68
5277,220,Geography,20,1,50
5278,220,Geography,20,2,55
5279,220,Geography,20,3,56
5280,220,Geography,20,4,52
5281,221,English,6,1,51
5282,221,English,6,2,45
5283,221,English,6,3,49
5284,221,English,6,4,41
5285,221,Afrikaans,8,1,73
5286,221,Afrikaans,8,2,80
5287,221,Afrikaans,8,3,86
5288,221,Afrikaans,8,4,75
5289,221,Mathematics,3,1,53
5290,221,Mathematics,3,2,52
5291,221,Mathematics,3,3,57
5292,221,Mathematics,3,4,56
5293,221,Geography,19,1,46
5294,221,Geography,19,2,43
5295,221,Geography,19,3,58
5296,221,Geography,19,4,56
5297,221,History,17,1,51
5298,221,History,17,2,49
5299,221,History,17,3,48
5300,221,History,17,4,44
5301,221,Physical Science,12,1,67
5302,221,Physical Science,12,2,70
5303,221,Physical Science,12,3,61
5304,221,Physical Science,12,4,70
5305,222,English,5,1,79
5306,222,English,5,2,74
5307,222,English,5,3,86
5308,222,English,5,4,75
5309,222,Afrikaans,7,1,91
5310,222,Afrikaans,7,2,80
5311,222,Afrikaans,7,3,79
5312,222,Afrikaans,7,4,78
5313,222,Mathematics,3,1,46
5314,222,Mathematics,3,2,44
5315,222,Mathematics,3,3,36
5316,222,Mathematics,3,4,38
5317,222,Geography,19,1,56
5318,222,Geography,19,2,43
5319,222,Geography,19,3,51
5320,222,Geography,19,4,55
5321,222,Information Technology,24,1,42
5322,222,Information Technology,24,2,40
5323,222,Information Technology,24,3,40
5324,222,Information Technology,24,4,48
5325,222,Life Science,14,1,74
5326,222,Life Science,14,2,65
5327,222,Life Science,14,3,75
5328,222,Life Science,14,4,69
5329,223,English,6,1,77
5330,223,English,6,2,91
5331,223,English,6,3,89
5332,223,English,6,4,91
5333,223,Afrikaans,9,1,67
5334,223,Afrikaans,9,2,74
5335,223,Afrikaans,9,3,64
5336,223,Afrikaans,9,4,78
5337,223,Mathematics,3,1,75
5338,223,Mathematics,3,2,71
5339,223,Mathematics,3,3,68
5340,223,Mathematics,3,4,68
5341,223,Information Technology,23,1,37
5342,223,Information Technology,23,2,41
5343,223,Information Technology,23,3,39
5344,223,Information Technology,23,4,51
5345,223,Physical Science,11,1,57
5346,223,Physical Science,11,2,59
5347,223,Physical Science,11,3,61
5348,223,Physical Science,11,4,60
5349,223,History,17,1,58
5350,223,History,17,2,55
5351,223,History,17,3,52
5352,223,History,17,4,52
5353,224,English,4,1,56
5354,224,English,4,2,60
5355,224,English,4,3,63
5356,224,English,4,4,58
5357,224,Afrikaans,8,1,60
5358,224,Afrikaans,8,2,60
5359,224,Afrikaans,8,3,71
5360,224,Afrikaans,8,4,65
5361,224,Mathematics,3,1,80
5362,224,Mathematics,3,2,79
5363,224,Mathematics,3,3,81
5364,224,Mathematics,3,4,70
5365,224,Geography,19,1,76
5366,224,Geography,19,2,73
5367,224,Geography,19,3,79
5368,224,Geography,19,4,88
5369,224,Physical Science,12,1,66
5370,224,Physical Science,12,2,78
5371,224,Physical Science,12,3,76
5372,224,Physical Science,12,4,71
5373,224,Information Technology,22,1,53
5374,224,Information Technology,22,2,49
5375,224,Information Technology,22,3,57
5376,224,Information Technology,22,4,53
5377,225,English,6,1,83
5378,225,English,6,2,79
5379,225,English,6,3,79
5380,225,English,6,4,78
5381,225,Afrikaans,9,1,73
5382,225,Afrikaans,9,2,68
5383,225,Afrikaans,9,3,66
5384,225,Afrikaans,9,4,77
5385,225,Mathematics,2,1,49
5386,225,Mathematics,2,2,41
5387,225,Mathematics,2,3,34
5388,225,Mathematics,2,4,41
5389,225,Geography,19,1,67
5390,225,Geography,19,2,59
5391,225,Geography,19,3,60
5392,225,Geography,19,4,68
5393,225,Accounting,25,1,67
5394,225,Accounting,25,2,61
5395,225,Accounting,25,3,67
5396,225,Accounting,25,4,60
5397,225,Information Technology,22,1,46
5398,225,Information Technology,22,2,35
5399,225,Information Technology,22,3,37
5400,225,Information Technology,22,4,46
5401,226,English,5,1,43
5402,226,English,5,2,44
5403,226,English,5,3,49
5404,226,English,5,4,54
5405,226,Afrikaans,7,1,60
5406,226,Afrikaans,7,2,50
5407,226,Afrikaans,7,3,49
5408,226,Afrikaans,7,4,55
5409,226,Mathematics,2,1,53
5410,226,Mathematics,2,2,49
5411,226,Mathematics,2,3,51
5412,226,Mathematics,2,4,52
5413,226,Accounting,25,1,55
5414,226,Accounting,25,2,52
5415,226,Accounting,25,3,50
5416,226,Accounting,25,4,51
5417,226,Physical Science,12,1,36
5418,226,Physical Science,12,2,39
5419,226,Physical Science,12,3,34
5420,226,Physical Science,12,4,31
5421,226,Geography,20,1,59
5422,226,Geography,20,2,50
5423,226,Geography,20,3,57
5424,226,Geography,20,4,53
5425,227,English,6,1,72
5426,227,English,6,2,65
5427,227,English,6,3,69
5428,227,English,6,4,69
5429,227,Afrikaans,9,1,63
5430,227,Afrikaans,9,2,60
5431,227,Afrikaans,9,3,49
5432,227,Afrikaans,9,4,50
5433,227,Mathematics,2,1,45
5434,227,Mathematics,2,2,47
5435,227,Mathematics,2,3,47
5436,227,Mathematics,2,4,53
5437,227,Accounting,27,1,67
5438,227,Accounting,27,2,70
5439,227,Accounting,27,3,64
5440,227,Accounting,27,4,58
5441,227,Geography,20,1,84
5442,227,Geography,20,2,87
5443,227,Geography,20,3,82
5444,227,Geography,20,4,88
5445,227,Physical Science,10,1,46
5446,227,Physical Science,10,2,53
5447,227,Physical Science,10,3,49
5448,227,Physical Science,10,4,61
5449,228,English,6,1,91
5450,228,English,6,2,82
5451,228,English,6,3,78
5452,228,English,6,4,91
5453,228,Afrikaans,9,1,78
5454,228,Afrikaans,9,2,81
5455,228,Afrikaans,9,3,92
5456,228,Afrikaans,9,4,88
5457,228,Mathematics,3,1,75
5458,228,Mathematics,3,2,79
5459,228,Mathematics,3,3,80
5460,228,Mathematics,3,4,78
5461,228,Physical Science,11,1,51
5462,228,Physical Science,11,2,52
5463,228,Physical Science,11,3,57
5464,228,Physical Science,11,4,56
5465,228,History,16,1,86
5466,228,History,16,2,79
5467,228,History,16,3,83
5468,228,History,16,4,72
5469,228,Life Science,14,1,58
5470,228,Life Science,14,2,57
5471,228,Life Science,14,3,65
5472,228,Life Science,14,4,58
5473,229,English,5,1,70
5474,229,English,5,2,73
5475,229,English,5,3,77
5476,229,English,5,4,76
5477,229,Afrikaans,8,1,78
5478,229,Afrikaans,8,2,84
5479,229,Afrikaans,8,3,81
5480,229,Afrikaans,8,4,75
5481,229,Mathematics,1,1,42
5482,229,Mathematics,1,2,49
5483,229,Mathematics,1,3,54
5484,229,Mathematics,1,4,56
5485,229,Physical Science,11,1,59
5486,229,Physical Science,11,2,53
5487,229,Physical Science,11,3,66
5488,229,Physical Science,11,4,68
5489,229,Life Science,14,1,87
5490,229,Life Science,14,2,90
5491,229,Life Science,14,3,91
5492,229,Life Science,14,4,91
5493,229,History,18,1,80
5494,229,History,18,2,78
5495,229,History,18,3,82
5496,229,History,18,4,77
5497,230,English,6,1,68
5498,230,English,6,2,56
5499,230,English,6,3,61
5500,230,English,6,4,70
5501,230,Afrikaans,9,1,59
5502,230,Afrikaans,9,2,53
5503,230,Afrikaans,9,3,62
5504,230,Afrikaans,9,4,53
5505,230,Mathematics,3,1,66
5506,230,Mathematics,3,2,66
5507,230,Mathematics,3,3,52
5508,230,Mathematics,3,4,58
5509,230,Information Technology,23,1,52
5510,230,Information Technology,23,2,52
5511,230,Information Technology,23,3,51
5512,230,Information Technology,23,4,60
5513,230,Accounting,26,1,42
5514,230,Accounting,26,2,46
5515,230,Accounting,26,3,42
5516,230,Accounting,26,4,46
5517,230,History,16,1,65
5518,230,History,16,2,64
5519,230,History,16,3,62
5520,230,History,16,4,60
5521,231,English,6,1,81
5522,231,English,6,2,73
5523,231,English,6,3,82
5524,231,English,6,4,82
5525,231,Afrikaans,8,1,71
5526,231,Afrikaans,8,2,71
5527,231,Afrikaans,8,3,59
5528,231,Afrikaans,8,4,74
5529,231,Mathematics,3,1,68
5530,231,Mathematics,3,2,76
5531,231,Mathematics,3,3,71
5532,231,Mathematics,3,4,71
5533,231,Geography,20,1,67
5534,231,Geography,20,2,59
5535,231,Geography,20,3,68
5536,231,Geography,20,4,66
5537,231,Information Technology,24,1,74
5538,231,Information Technology,24,2,66
5539,231,Information Technology,24,3,74
5540,231,Information Technology,24,4,70
5541,231,History,16,1,80
5542,231,History,16,2,73
5543,231,History,16,3,81
5544,231,History,16,4,81
5545,232,English,5,1,74
5546,232,English,5,2,85
5547,232,English,5,3,78
5548,232,English,5,4,78
5549,232,Afrikaans,9,1,56
5550,232,Afrikaans,9,2,71
5551,232,Afrikaans,9,3,67
5552,232,Afrikaans,9,4,66
5553,232,Mathematics,2,1,59
5554,232,Mathematics,2,2,59
5555,232,Mathematics,2,3,58
5556,232,Mathematics,2,4,55
5557,232,Geography,20,1,59
5558,232,Geography,20,2,60
5559,232,Geography,20,3,63
5560,232,Geography,20,4,63
5561,232,Information Technology,24,1,68
5562,232,Information Technology,24,2,68
5563,232,Information Technology,24,3,62
5564,232,Information Technology,24,4,68
5565,232,Accounting,27,1,50
5566,232,Accounting,27,2,44
5567,232,Accounting,27,3,53
5568,232,Accounting,27,4,41
5569,233,English,5,1,74
5570,233,English,5,2,69
5571,233,English,5,3,62
5572,233,English,5,4,65
5573,233,Afrikaans,7,1,48
5574,233,Afrikaans,7,2,44
5575,233,Afrikaans,7,3,58
5576,233,Afrikaans,7,4,43
5577,233,Mathematics,3,1,49
5578,233,Mathematics,3,2,45
5579,233,Mathematics,3,3,55
5580,233,Mathematics,3,4,52
5581,233,Physical Science,12,1,50
5582,233,Physical Science,12,2,52
5583,233,Physical Science,12,3,59
5584,233,Physical Science,12,4,45
5585,233,Accounting,26,1,64
5586,233,Accounting,26,2,74
5587,233,Accounting,26,3,79
5588,233,Accounting,26,4,63
5589,233,Life Science,15,1,58
5590,233,Life Science,15,2,61
5591,233,Life Science,15,3,60
5592,233,Life Science,15,4,53
5593,234,English,4,1,50
5594,234,English,4,2,59
5595,234,English,4,3,61
5596,234,English,4,4,48
5597,234,Afrikaans,8,1,67
5598,234,Afrikaans,8,2,65
5599,234,Afrikaans,8,3,67
5600,234,Afrikaans,8,4,70
5601,234,Mathematics,1,1,74
5602,234,Mathematics,1,2,64
5603,234,Mathematics,1,3,68
5604,234,Mathematics,1,4,65
5605,234,Geography,21,1,85
5606,234,Geography,21,2,79
5607,234,Geography,21,3,77
5608,234,Geography,21,4,71
5609,234,Accounting,25,1,57
5610,234,Accounting,25,2,45
5611,234,Accounting,25,3,55
5612,234,Accounting,25,4,50
5613,234,Life Science,13,1,81
5614,234,Life Science,13,2,86
5615,234,Life Science,13,3,85
5616,234,Life Science,13,4,85
5617,235,English,5,1,76
5618,235,English,5,2,77
5619,235,English,5,3,84
5620,235,English,5,4,89
5621,235,Afrikaans,8,1,68
5622,235,Afrikaans,8,2,71
5623,235,Afrikaans,8,3,64
5624,235,Afrikaans,8,4,72
5625,235,Mathematics,2,1,52
5626,235,Mathematics,2,2,60
5627,235,Mathematics,2,3,61
5628,235,Mathematics,2,4,59
5629,235,Geography,21,1,53
5630,235,Geography,21,2,62
5631,235,Geography,21,3,51
5632,235,Geography,21,4,57
5633,235,History,18,1,58
5634,235,History,18,2,59
5635,235,History,18,3,52
5636,235,History,18,4,56
5637,235,Accounting,25,1,78
5638,235,Accounting,25,2,68
5639,235,Accounting,25,3,76
5640,235,Accounting,25,4,67
5641,236,English,5,1,61
5642,236,English,5,2,55
5643,236,English,5,3,58
5644,236,English,5,4,59
5645,236,Afrikaans,9,1,55
5646,236,Afrikaans,9,2,53
5647,236,Afrikaans,9,3,63
5648,236,Afrikaans,9,4,48
5649,236,Mathematics,3,1,61
5650,236,Mathematics,3,2,63
5651,236,Mathematics,3,3,75
5652,236,Mathematics,3,4,73
5653,236,Geography,20,1,72
5654,236,Geography,20,2,66
5655,236,Geography,20,3,72
5656,236,Geography,20,4,61
5657,236,Accounting,26,1,42
5658,236,Accounting,26,2,37
5659,236,Accounting,26,3,38
5660,236,Accounting,26,4,44
5661,236,Physical Science,12,1,74
5662,236,Physical Science,12,2,73
5663,236,Physical Science,12,3,61
5664,236,Physical Science,12,4,61
5665,237,English,6,1,81
5666,237,English,6,2,88
5667,237,English,6,3,78
5668,237,English,6,4,89
5669,237,Afrikaans,9,1,59
5670,237,Afrikaans,9,2,59
5671,237,Afrikaans,9,3,54
5672,237,Afrikaans,9,4,57
5673,237,Mathematics,1,1,52
5674,237,Mathematics,1,2,46
5675,237,Mathematics,1,3,55
5676,237,Mathematics,1,4,48
5677,237,History,16,1,44
5678,237,History,16,2,52
5679,237,History,16,3,48
5680,237,History,16,4,58
5681,237,Geography,21,1,66
5682,237,Geography,21,2,67
5683,237,Geography,21,3,62
5684,237,Geography,21,4,67
5685,237,Accounting,26,1,63
5686,237,Accounting,26,2,78
5687,237,Accounting,26,3,65
5688,237,Accounting,26,4,74
5689,238,English,5,1,72
5690,238,English,5,2,59
5691,238,English,5,3,58
5692,238,English,5,4,59
5693,238,Afrikaans,9,1,67
5694,238,Afrikaans,9,2,68
5695,238,Afrikaans,9,3,72
5696,238,Afrikaans,9,4,68
5697,238,Mathematics,2,1,46
5698,238,Mathematics,2,2,44
5699,238,Mathematics,2,3,57
5700,238,Mathematics,2,4,44
5701,238,Accounting,27,1,44
5702,238,Accounting,27,2,40
5703,238,Accounting,27,3,36
5704,238,Accounting,27,4,41
5705,238,History,17,1,51
5706,238,History,17,2,51
5707,238,History,17,3,47
5708,238,History,17,4,59
5709,238,Information Technology,22,1,70
5710,238,Information Technology,22,2,77
5711,238,Information Technology,22,3,77
5712,238,Information Technology,22,4,73
5713,239,English,6,1,84
5714,239,English,6,2,90
5715,239,English,6,3,91
5716,239,English,6,4,81
5717,239,Afrikaans,7,1,57
5718,239,Afrikaans,7,2,54
5719,239,Afrikaans,7,3,62
5720,239,Afrikaans,7,4,61
5721,239,Mathematics,2,1,43
5722,239,Mathematics,2,2,55
5723,239,Mathematics,2,3,53
5724,239,Mathematics,2,4,43
5725,239,Life Science,15,1,68
5726,239,Life Science,15,2,76
5727,239,Life Science,15,3,69
5728,239,Life Science,15,4,64
5729,239,Geography,19,1,67
5730,239,Geography,19,2,57
5731,239,Geography,19,3,58
5732,239,Geography,19,4,62
5733,239,Physical Science,10,1,65
5734,239,Physical Science,10,2,71
5735,239,Physical Science,10,3,59
5736,239,Physical Science,10,4,61
5737,240,English,5,1,58
5738,240,English,5,2,65
5739,240,English,5,3,67
5740,240,English,5,4,59
5741,240,Afrikaans,8,1,63
5742,240,Afrikaans,8,2,68
5743,240,Afrikaans,8,3,73
5744,240,Afrikaans,8,4,60
5745,240,Mathematics,1,1,53
5746,240,Mathematics,1,2,67
5747,240,Mathematics,1,3,65
5748,240,Mathematics,1,4,69
5749,240,Physical Science,11,1,77
5750,240,Physical Science,11,2,86
5751,240,Physical Science,11,3,70
5752,240,Physical Science,11,4,77
5753,240,Accounting,25,1,38
5754,240,Accounting,25,2,44
5755,240,Accounting,25,3,42
5756,240,Accounting,25,4,48
5757,240,Information Technology,22,1,52
5758,240,Information Technology,22,2,51
5759,240,Information Technology,22,3,54
5760,240,Information Technology,22,4,61
5761,241,English,5,1,79
5762,241,English,5,2,76
5763,241,English,5,3,74
5764,241,English,5,4,82
5765,241,Afrikaans,7,1,51
5766,241,Afrikaans,7,2,57
5767,241,Afrikaans,7,3,64
5768,241,Afrikaans,7,4,60
5769,241,Mathematics,3,1,48
5770,241,Mathematics,3,2,50
5771,241,Mathematics,3,3,41
5772,241,Mathematics,3,4,56
5773,241,Geography,20,1,74
5774,241,Geography,20,2,65
5775,241,Geography,20,3,72
5776,241,Geography,20,4,75
5777,241,Physical Science,12,1,58
5778,241,Physical Science,12,2,57
5779,241,Physical Science,12,3,52
5780,241,Physical Science,12,4,58
5781,241,History,17,1,66
5782,241,History,17,2,70
5783,241,History,17,3,64
5784,241,History,17,4,59
5785,242,English,4,1,67
5786,242,English,4,2,69
5787,242,English,4,3,82
5788,242,English,4,4,69
5789,242,Afrikaans,9,1,50
5790,242,Afrikaans,9,2,53
5791,242,Afrikaans,9,3,55
5792,242,Afrikaans,9,4,53
5793,242,Mathematics,2,1,42
5794,242,Mathematics,2,2,43
5795,242,Mathematics,2,3,44
5796,242,Mathematics,2,4,53
5797,242,Life Science,15,1,56
5798,242,Life Science,15,2,57
5799,242,Life Science,15,3,52
5800,242,Life Science,15,4,48
5801,242,Information Technology,23,1,54
5802,242,Information Technology,23,2,60
5803,242,Information Technology,23,3,52
5804,242,Information Technology,23,4,54
5805,242,Physical Science,11,1,58
5806,242,Physical Science,11,2,63
5807,242,Physical Science,11,3,55
5808,242,Physical Science,11,4,57
5809,243,English,4,1,71
5810,243,English,4,2,80
5811,243,English,4,3,81
5812,243,English,4,4,81
5813,243,Afrikaans,9,1,62
5814,243,Afrikaans,9,2,61
5815,243,Afrikaans,9,3,60
5816,243,Afrikaans,9,4,63
5817,243,Mathematics,1,1,84
5818,243,Mathematics,1,2,75
5819,243,Mathematics,1,3,86
5820,243,Mathematics,1,4,71
5821,243,Information Technology,24,1,72
5822,243,Information Technology,24,2,61
5823,243,Information Technology,24,3,68
5824,243,Information Technology,24,4,63
5825,243,Accounting,27,1,74
5826,243,Accounting,27,2,77
5827,243,Accounting,27,3,81
5828,243,Accounting,27,4,83
5829,243,History,18,1,73
5830,243,History,18,2,68
5831,243,History,18,3,71
5832,243,History,18,4,74
5833,244,English,4,1,53
5834,244,English,4,2,47
5835,244,English,4,3,58
5836,244,English,4,4,49
5837,244,Afrikaans,7,1,52
5838,244,Afrikaans,7,2,46
5839,244,Afrikaans,7,3,46
5840,244,Afrikaans,7,4,62
5841,244,Mathematics,3,1,70
5842,244,Mathematics,3,2,67
5843,244,Mathematics,3,3,68
5844,244,Mathematics,3,4,67
5845,244,Accounting,27,1,69
5846,244,Accounting,27,2,72
5847,244,Accounting,27,3,66
5848,244,Accounting,27,4,59
5849,244,Physical Science,12,1,57
5850,244,Physical Science,12,2,59
5851,244,Physical Science,12,3,68
5852,244,Physical Science,12,4,61
5853,244,Geography,21,1,64
5854,244,Geography,21,2,59
5855,244,Geography,21,3,62
5856,244,Geography,21,4,67
5857,245,English,5,1,81
5858,245,English,5,2,71
5859,245,English,5,3,82
5860,245,English,5,4,83
5861,245,Afrikaans,9,1,59
5862,245,Afrikaans,9,2,67
5863,245,Afrikaans,9,3,53
5864,245,Afrikaans,9,4,63
5865,245,Mathematics,3,1,72
5866,245,Mathematics,3,2,76
5867,245,Mathematics,3,3,80
5868,245,Mathematics,3,4,86
5869,245,History,17,1,57
5870,245,History,17,2,56
5871,245,History,17,3,54
5872,245,History,17,4,49
5873,245,Geography,20,1,48
5874,245,Geography,20,2,58
5875,245,Geography,20,3,58
5876,245,Geography,20,4,48
5877,245,Physical Science,11,1,69
5878,245,Physical Science,11,2,76
5879,245,Physical Science,11,3,68
5880,245,Physical Science,11,4,76
5881,246,English,4,1,64
5882,246,English,4,2,71
5883,246,English,4,3,67
5884,246,English,4,4,64
5885,246,Afrikaans,9,1,65
5886,246,Afrikaans,9,2,66
5887,246,Afrikaans,9,3,74
5888,246,Afrikaans,9,4,67
5889,246,Mathematics,1,1,55
5890,246,Mathematics,1,2,61
5891,246,Mathematics,1,3,58
5892,246,Mathematics,1,4,49
5893,246,History,18,1,65
5894,246,History,18,2,50
5895,246,History,18,3,53
5896,246,History,18,4,52
5897,246,Information Technology,22,1,77
5898,246,Information Technology,22,2,74
5899,246,Information Technology,22,3,70
5900,246,Information Technology,22,4,74
5901,246,Accounting,25,1,49
5902,246,Accounting,25,2,55
5903,246,Accounting,25,3,49
5904,246,Accounting,25,4,48
5905,247,English,5,1,66
5906,247,English,5,2,56
5907,247,English,5,3,67
5908,247,English,5,4,54
5909,247,Afrikaans,7,1,71
5910,247,Afrikaans,7,2,70
5911,247,Afrikaans,7,3,71
5912,247,Afrikaans,7,4,66
5913,247,Mathematics,3,1,49
5914,247,Mathematics,3,2,51
5915,247,Mathematics,3,3,56
5916,247,Mathematics,3,4,57
5917,247,History,17,1,83
5918,247,History,17,2,85
5919,247,History,17,3,82
5920,247,History,17,4,89
5921,247,Physical Science,10,1,47
5922,247,Physical Science,10,2,38
5923,247,Physical Science,10,3,43
5924,247,Physical Science,10,4,37
5925,247,Life Science,14,1,59
5926,247,Life Science,14,2,66
5927,247,Life Science,14,3,74
5928,247,Life Science,14,4,74
5929,248,English,6,1,45
5930,248,English,6,2,46
5931,248,English,6,3,53
5932,248,English,6,4,45
5933,248,Afrikaans,7,1,75
5934,248,Afrikaans,7,2,77
5935,248,Afrikaans,7,3,80
5936,248,Afrikaans,7,4,90
5937,248,Mathematics,1,1,44
5938,248,Mathematics,1,2,48
5939,248,Mathematics,1,3,40
5940,248,Mathematics,1,4,47
5941,248,Life Science,15,1,78
5942,248,Life Science,15,2,81
5943,248,Life Science,15,3,78
5944,248,Life Science,15,4,79
5945,248,Geography,19,1,70
5946,248,Geography,19,2,67
5947,248,Geography,19,3,71
5948,248,Geography,19,4,72
5949,248,Accounting,26,1,59
5950,248,Accounting,26,2,69
5951,248,Accounting,26,3,68
5952,248,Accounting,26,4,61
5953,249,English,4,1,53
5954,249,English,4,2,51
5955,249,English,4,3,43
5956,249,English,4,4,39
5957,249,Afrikaans,8,1,78
5958,249,Afrikaans,8,2,91
5959,249,Afrikaans,8,3,83
5960,249,Afrikaans,8,4,82
5961,249,Mathematics,2,1,69
5962,249,Mathematics,2,2,70
5963,249,Mathematics,2,3,71
5964,249,Mathematics,2,4,68
5965,249,Physical Science,10,1,42
5966,249,Physical Science,10,2,52
5967,249,Physical Science,10,3,42
5968,249,Physical Science,10,4,53
5969,249,History,16,1,52
5970,249,History,16,2,56
5971,249,History,16,3,49
5972,249,History,16,4,57
5973,249,Information Technology,24,1,62
5974,249,Information Technology,24,2,71
5975,249,Information Technology,24,3,73
5976,249,Information Technology,24,4,75
5977,250,English,5,1,57
5978,250,English,5,2,54
5979,250,English,5,3,51
5980,250,English,5,4,49
5981,250,Afrikaans,7,1,86
5982,250,Afrikaans,7,2,71
5983,250,Afrikaans,7,3,74
5984,250,Afrikaans,7,4,85
5985,250,Mathematics,3,1,46
5986,250,Mathematics,3,2,51
5987,250,Mathematics,3,3,42
5988,250,Mathematics,3,4,51
5989,250,Physical Science,10,1,52
5990,250,Physical Science,10,2,44
5991,250,Physical Science,10,3,44
5992,250,Physical Science,10,4,43
5993,250,History,16,1,52
5994,250,History,16,2,53
5995,250,History,16,3,63
5996,250,History,16,4,50
5997,250,Life Science,14,1,58
5998,250,Life Science,14,2,60
5999,250,Life Science,14,3,56
6000,250,Life Science,14,4,55
6001,251,English,6,1,70
6002,251,English,6,2,58
6003,251,English,6,3,59
6004,251,English,6,4,70
6005,251,Afrikaans,7,1,52
6006,251,Afrikaans,7,2,49
6007,251,Afrikaans,7,3,44
6008,251,Afrikaans,7,4,52
6009,251,Mathematics,3,1,68
6010,251,Mathematics,3,2,69
6011,251,Mathematics,3,3,63
6012,251,Mathematics,3,4,63
6013,251,Geography,19,1,58
6014,251,Geography,19,2,64
6015,251,Geography,19,3,57
6016,251,Geography,19,4,58
6017,251,Information Technology,24,1,50
6018,251,Information Technology,24,2,46
6019,251,Information Technology,24,3,43
6020,251,Information Technology,24,4,51
6021,251,Physical Science,11,1,48
6022,251,Physical Science,11,2,50
6023,251,Physical Science,11,3,38
6024,251,Physical Science,11,4,47
6025,252,English,4,1,48
6026,252,English,4,2,54
6027,252,English,4,3,55
6028,252,English,4,4,52
6029,252,Afrikaans,8,1,64
6030,252,Afrikaans,8,2,76
6031,252,Afrikaans,8,3,67
6032,252,Afrikaans,8,4,63
6033,252,Mathematics,2,1,57
6034,252,Mathematics,2,2,71
6035,252,Mathematics,2,3,67
6036,252,Mathematics,2,4,61
6037,252,Information Technology,23,1,60
6038,252,Information Technology,23,2,68
6039,252,Information Technology,23,3,67
6040,252,Information Technology,23,4,57
6041,252,History,16,1,87
6042,252,History,16,2,82
6043,252,History,16,3,79
6044,252,History,16,4,88
6045,252,Physical Science,12,1,65
6046,252,Physical Science,12,2,52
6047,252,Physical Science,12,3,57
6048,252,Physical Science,12,4,64
6049,253,English,5,1,85
6050,253,English,5,2,94
6051,253,English,5,3,88
6052,253,English,5,4,91
6053,253,Afrikaans,8,1,50
6054,253,Afrikaans,8,2,44
6055,253,Afrikaans,8,3,46
6056,253,Afrikaans,8,4,47
6057,253,Mathematics,3,1,40
6058,253,Mathematics,3,2,50
6059,253,Mathematics,3,3,47
6060,253,Mathematics,3,4,44
6061,253,Life Science,15,1,48
6062,253,Life Science,15,2,60
6063,253,Life Science,15,3,58
6064,253,Life Science,15,4,61
6065,253,History,17,1,81
6066,253,History,17,2,82
6067,253,History,17,3,82
6068,253,History,17,4,72
6069,253,Information Technology,23,1,77
6070,253,Information Technology,23,2,77
6071,253,Information Technology,23,3,74
6072,253,Information Technology,23,4,80
6073,254,English,6,1,49
6074,254,English,6,2,55
6075,254,English,6,3,46
6076,254,English,6,4,54
6077,254,Afrikaans,8,1,71
6078,254,Afrikaans,8,2,70
6079,254,Afrikaans,8,3,80
6080,254,Afrikaans,8,4,81
6081,254,Mathematics,1,1,54
6082,254,Mathematics,1,2,56
6083,254,Mathematics,1,3,56
6084,254,Mathematics,1,4,56
6085,254,History,17,1,51
6086,254,History,17,2,43
6087,254,History,17,3,44
6088,254,History,17,4,52
6089,254,Accounting,25,1,66
6090,254,Accounting,25,2,62
6091,254,Accounting,25,3,64
6092,254,Accounting,25,4,72
6093,254,Physical Science,11,1,65
6094,254,Physical Science,11,2,61
6095,254,Physical Science,11,3,63
6096,254,Physical Science,11,4,76
6097,255,English,4,1,73
6098,255,English,4,2,64
6099,255,English,4,3,72
6100,255,English,4,4,67
6101,255,Afrikaans,8,1,42
6102,255,Afrikaans,8,2,46
6103,255,Afrikaans,8,3,51
6104,255,Afrikaans,8,4,54
6105,255,Mathematics,2,1,56
6106,255,Mathematics,2,2,63
6107,255,Mathematics,2,3,53
6108,255,Mathematics,2,4,65
6109,255,Life Science,15,1,70
6110,255,Life Science,15,2,76
6111,255,Life Science,15,3,73
6112,255,Life Science,15,4,62
6113,255,Accounting,25,1,44
6114,255,Accounting,25,2,43
6115,255,Accounting,25,3,44
6116,255,Accounting,25,4,56
6117,255,Geography,19,1,78
6118,255,Geography,19,2,71
6119,255,Geography,19,3,86
6120,255,Geography,19,4,79
6121,256,English,5,1,50
6122,256,English,5,2,57
6123,256,English,5,3,60
6124,256,English,5,4,58
6125,256,Afrikaans,8,1,60
6126,256,Afrikaans,8,2,59
6127,256,Afrikaans,8,3,66
6128,256,Afrikaans,8,4,58
6129,256,Mathematics,1,1,71
6130,256,Mathematics,1,2,78
6131,256,Mathematics,1,3,66
6132,256,Mathematics,1,4,78
6133,256,Physical Science,12,1,81
6134,256,Physical Science,12,2,80
6135,256,Physical Science,12,3,67
6136,256,Physical Science,12,4,81
6137,256,Life Science,15,1,78
6138,256,Life Science,15,2,81
6139,256,Life Science,15,3,78
6140,256,Life Science,15,4,80
6141,256,Accounting,26,1,77
6142,256,Accounting,26,2,72
6143,256,Accounting,26,3,86
6144,256,Accounting,26,4,82
6145,257,English,5,1,47
6146,257,English,5,2,50
6147,257,English,5,3,52
6148,257,English,5,4,51
6149,257,Afrikaans,8,1,50
6150,257,Afrikaans,8,2,43
6151,257,Afrikaans,8,3,44
6152,257,Afrikaans,8,4,45
6153,257,Mathematics,3,1,73
6154,257,Mathematics,3,2,75
6155,257,Mathematics,3,3,69
6156,257,Mathematics,3,4,77
6157,257,Physical Science,12,1,37
6158,257,Physical Science,12,2,39
6159,257,Physical Science,12,3,31
6160,257,Physical Science,12,4,46
6161,257,Information Technology,24,1,67
6162,257,Information Technology,24,2,57
6163,257,Information Technology,24,3,68
6164,257,Information Technology,24,4,63
6165,257,Life Science,14,1,82
6166,257,Life Science,14,2,87
6167,257,Life Science,14,3,77
6168,257,Life Science,14,4,74
6169,258,English,6,1,48
6170,258,English,6,2,42
6171,258,English,6,3,47
6172,258,English,6,4,45
6173,258,Afrikaans,8,1,62
6174,258,Afrikaans,8,2,60
6175,258,Afrikaans,8,3,62
6176,258,Afrikaans,8,4,67
6177,258,Mathematics,2,1,53
6178,258,Mathematics,2,2,62
6179,258,Mathematics,2,3,51
6180,258,Mathematics,2,4,57
6181,258,Geography,20,1,67
6182,258,Geography,20,2,60
6183,258,Geography,20,3,67
6184,258,Geography,20,4,69
6185,258,Accounting,26,1,47
6186,258,Accounting,26,2,52
6187,258,Accounting,26,3,43
6188,258,Accounting,26,4,45
6189,258,Information Technology,23,1,47
6190,258,Information Technology,23,2,45
6191,258,Information Technology,23,3,50
6192,258,Information Technology,23,4,55
6193,259,English,6,1,82
6194,259,English,6,2,90
6195,259,English,6,3,81
6196,259,English,6,4,87
6197,259,Afrikaans,8,1,76
6198,259,Afrikaans,8,2,64
6199,259,Afrikaans,8,3,71
6200,259,Afrikaans,8,4,66
6201,259,Mathematics,1,1,52
6202,259,Mathematics,1,2,52
6203,259,Mathematics,1,3,62
6204,259,Mathematics,1,4,51
6205,259,History,16,1,63
6206,259,History,16,2,72
6207,259,History,16,3,71
6208,259,History,16,4,69
6209,259,Life Science,13,1,54
6210,259,Life Science,13,2,55
6211,259,Life Science,13,3,47
6212,259,Life Science,13,4,50
6213,259,Accounting,25,1,65
6214,259,Accounting,25,2,70
6215,259,Accounting,25,3,61
6216,259,Accounting,25,4,61
6217,260,English,5,1,66
6218,260,English,5,2,59
6219,260,English,5,3,65
6220,260,English,5,4,53
6221,260,Afrikaans,7,1,81
6222,260,Afrikaans,7,2,79
6223,260,Afrikaans,7,3,78
6224,260,Afrikaans,7,4,73
6225,260,Mathematics,2,1,40
6226,260,Mathematics,2,2,45
6227,260,Mathematics,2,3,47
6228,260,Mathematics,2,4,40
6229,260,History,16,1,74
6230,260,History,16,2,77
6231,260,History,16,3,66
6232,260,History,16,4,70
6233,260,Accounting,27,1,50
6234,260,Accounting,27,2,38
6235,260,Accounting,27,3,38
6236,260,Accounting,27,4,38
6237,260,Physical Science,12,1,62
6238,260,Physical Science,12,2,55
6239,260,Physical Science,12,3,65
6240,260,Physical Science,12,4,61
6241,261,English,6,1,90
6242,261,English,6,2,91
6243,261,English,6,3,82
6244,261,English,6,4,91
6245,261,Afrikaans,8,1,73
6246,261,Afrikaans,8,2,75
6247,261,Afrikaans,8,3,68
6248,261,Afrikaans,8,4,67
6249,261,Mathematics,3,1,75
6250,261,Mathematics,3,2,66
6251,261,Mathematics,3,3,68
6252,261,Mathematics,3,4,61
6253,261,Physical Science,10,1,62
6254,261,Physical Science,10,2,59
6255,261,Physical Science,10,3,51
6256,261,Physical Science,10,4,51
6257,261,Life Science,15,1,49
6258,261,Life Science,15,2,44
6259,261,Life Science,15,3,47
6260,261,Life Science,15,4,43
6261,261,Information Technology,22,1,49
6262,261,Information Technology,22,2,55
6263,261,Information Technology,22,3,40
6264,261,Information Technology,22,4,53
6265,262,English,5,1,75
6266,262,English,5,2,86
6267,262,English,5,3,86
6268,262,English,5,4,87
6269,262,Afrikaans,7,1,74
6270,262,Afrikaans,7,2,83
6271,262,Afrikaans,7,3,71
6272,262,Afrikaans,7,4,77
6273,262,Mathematics,3,1,45
6274,262,Mathematics,3,2,43
6275,262,Mathematics,3,3,39
6276,262,Mathematics,3,4,48
6277,262,Information Technology,22,1,74
6278,262,Information Technology,22,2,87
6279,262,Information Technology,22,3,78
6280,262,Information Technology,22,4,89
6281,262,Physical Science,12,1,49
6282,262,Physical Science,12,2,46
6283,262,Physical Science,12,3,55
6284,262,Physical Science,12,4,48
6285,262,Accounting,27,1,77
6286,262,Accounting,27,2,67
6287,262,Accounting,27,3,79
6288,262,Accounting,27,4,81
6289,263,English,5,1,68
6290,263,English,5,2,74
6291,263,English,5,3,66
6292,263,English,5,4,73
6293,263,Afrikaans,7,1,55
6294,263,Afrikaans,7,2,61
6295,263,Afrikaans,7,3,61
6296,263,Afrikaans,7,4,67
6297,263,Mathematics,3,1,58
6298,263,Mathematics,3,2,56
6299,263,Mathematics,3,3,50
6300,263,Mathematics,3,4,62
6301,263,History,17,1,62
6302,263,History,17,2,69
6303,263,History,17,3,54
6304,263,History,17,4,67
6305,263,Geography,19,1,93
6306,263,Geography,19,2,79
6307,263,Geography,19,3,89
6308,263,Geography,19,4,78
6309,263,Information Technology,23,1,88
6310,263,Information Technology,23,2,84
6311,263,Information Technology,23,3,83
6312,263,Information Technology,23,4,85
6313,264,English,6,1,45
6314,264,English,6,2,56
6315,264,English,6,3,50
6316,264,English,6,4,57
6317,264,Afrikaans,7,1,59
6318,264,Afrikaans,7,2,62
6319,264,Afrikaans,7,3,72
6320,264,Afrikaans,7,4,74
6321,264,Mathematics,3,1,46
6322,264,Mathematics,3,2,60
6323,264,Mathematics,3,3,60
6324,264,Mathematics,3,4,48
6325,264,Geography,20,1,68
6326,264,Geography,20,2,80
6327,264,Geography,20,3,65
6328,264,Geography,20,4,69
6329,264,Information Technology,23,1,58
6330,264,Information Technology,23,2,66
6331,264,Information Technology,23,3,63
6332,264,Information Technology,23,4,62
6333,264,Accounting,25,1,64
6334,264,Accounting,25,2,66
6335,264,Accounting,25,3,58
6336,264,Accounting,25,4,61
6337,265,English,6,1,59
6338,265,English,6,2,59
6339,265,English,6,3,50
6340,265,English,6,4,49
6341,265,Afrikaans,8,1,72
6342,265,Afrikaans,8,2,59
6343,265,Afrikaans,8,3,70
6344,265,Afrikaans,8,4,65
6345,265,Mathematics,1,1,45
6346,265,Mathematics,1,2,48
6347,265,Mathematics,1,3,40
6348,265,Mathematics,1,4,43
6349,265,Geography,20,1,77
6350,265,Geography,20,2,74
6351,265,Geography,20,3,65
6352,265,Geography,20,4,69
6353,265,History,17,1,67
6354,265,History,17,2,60
6355,265,History,17,3,55
6356,265,History,17,4,65
6357,265,Life Science,14,1,84
6358,265,Life Science,14,2,73
6359,265,Life Science,14,3,79
6360,265,Life Science,14,4,81
6361,266,English,5,1,83
6362,266,English,5,2,75
6363,266,English,5,3,74
6364,266,English,5,4,74
6365,266,Afrikaans,9,1,42
6366,266,Afrikaans,9,2,42
6367,266,Afrikaans,9,3,49
6368,266,Afrikaans,9,4,54
6369,266,Mathematics,2,1,39
6370,266,Mathematics,2,2,33
6371,266,Mathematics,2,3,42
6372,266,Mathematics,2,4,45
6373,266,Information Technology,24,1,73
6374,266,Information Technology,24,2,86
6375,266,Information Technology,24,3,88
6376,266,Information Technology,24,4,82
6377,266,Physical Science,12,1,63
6378,266,Physical Science,12,2,50
6379,266,Physical Science,12,3,61
6380,266,Physical Science,12,4,55
6381,266,History,17,1,83
6382,266,History,17,2,95
6383,266,History,17,3,84
6384,266,History,17,4,86
6385,267,English,5,1,59
6386,267,English,5,2,64
6387,267,English,5,3,63
6388,267,English,5,4,69
6389,267,Afrikaans,7,1,64
6390,267,Afrikaans,7,2,52
6391,267,Afrikaans,7,3,65
6392,267,Afrikaans,7,4,54
6393,267,Mathematics,3,1,48
6394,267,Mathematics,3,2,51
6395,267,Mathematics,3,3,47
6396,267,Mathematics,3,4,48
6397,267,Geography,19,1,65
6398,267,Geography,19,2,72
6399,267,Geography,19,3,70
6400,267,Geography,19,4,68
6401,267,Physical Science,10,1,57
6402,267,Physical Science,10,2,63
6403,267,Physical Science,10,3,59
6404,267,Physical Science,10,4,58
6405,267,History,18,1,77
6406,267,History,18,2,80
6407,267,History,18,3,73
6408,267,History,18,4,71
6409,268,English,4,1,63
6410,268,English,4,2,66
6411,268,English,4,3,68
6412,268,English,4,4,54
6413,268,Afrikaans,9,1,82
6414,268,Afrikaans,9,2,70
6415,268,Afrikaans,9,3,78
6416,268,Afrikaans,9,4,72
6417,268,Mathematics,1,1,60
6418,268,Mathematics,1,2,57
6419,268,Mathematics,1,3,60
6420,268,Mathematics,1,4,62
6421,268,Accounting,27,1,59
6422,268,Accounting,27,2,50
6423,268,Accounting,27,3,54
6424,268,Accounting,27,4,50
6425,268,Information Technology,23,1,36
6426,268,Information Technology,23,2,45
6427,268,Information Technology,23,3,41
6428,268,Information Technology,23,4,44
6429,268,Geography,21,1,77
6430,268,Geography,21,2,72
6431,268,Geography,21,3,82
6432,268,Geography,21,4,74
6433,269,English,5,1,70
6434,269,English,5,2,66
6435,269,English,5,3,65
6436,269,English,5,4,64
6437,269,Afrikaans,8,1,47
6438,269,Afrikaans,8,2,44
6439,269,Afrikaans,8,3,48
6440,269,Afrikaans,8,4,54
6441,269,Mathematics,2,1,66
6442,269,Mathematics,2,2,71
6443,269,Mathematics,2,3,66
6444,269,Mathematics,2,4,62
6445,269,Information Technology,23,1,58
6446,269,Information Technology,23,2,64
6447,269,Information Technology,23,3,54
6448,269,Information Technology,23,4,55
6449,269,History,17,1,51
6450,269,History,17,2,49
6451,269,History,17,3,54
6452,269,History,17,4,54
6453,269,Physical Science,12,1,61
6454,269,Physical Science,12,2,60
6455,269,Physical Science,12,3,68
6456,269,Physical Science,12,4,67
6457,270,English,6,1,75
6458,270,English,6,2,73
6459,270,English,6,3,70
6460,270,English,6,4,73
6461,270,Afrikaans,8,1,62
6462,270,Afrikaans,8,2,57
6463,270,Afrikaans,8,3,60
6464,270,Afrikaans,8,4,60
6465,270,Mathematics,1,1,63
6466,270,Mathematics,1,2,73
6467,270,Mathematics,1,3,62
6468,270,Mathematics,1,4,75
6469,270,Life Science,15,1,80
6470,270,Life Science,15,2,80
6471,270,Life Science,15,3,64
6472,270,Life Science,15,4,69
6473,270,Geography,19,1,85
6474,270,Geography,19,2,81
6475,270,Geography,19,3,86
6476,270,Geography,19,4,78
6477,270,Physical Science,12,1,67
6478,270,Physical Science,12,2,72
6479,270,Physical Science,12,3,78
6480,270,Physical Science,12,4,81
6481,271,English,5,1,89
6482,271,English,5,2,75
6483,271,English,5,3,78
6484,271,English,5,4,87
6485,271,Afrikaans,7,1,81
6486,271,Afrikaans,7,2,81
6487,271,Afrikaans,7,3,81
6488,271,Afrikaans,7,4,77
6489,271,Mathematics,2,1,50
6490,271,Mathematics,2,2,45
6491,271,Mathematics,2,3,50
6492,271,Mathematics,2,4,51
6493,271,Physical Science,12,1,67
6494,271,Physical Science,12,2,83
6495,271,Physical Science,12,3,81
6496,271,Physical Science,12,4,83
6497,271,Life Science,15,1,79
6498,271,Life Science,15,2,80
6499,271,Life Science,15,3,78
6500,271,Life Science,15,4,80
6501,271,History,18,1,60
6502,271,History,18,2,62
6503,271,History,18,3,64
6504,271,History,18,4,58
6505,272,English,6,1,80
6506,272,English,6,2,82
6507,272,English,6,3,74
6508,272,English,6,4,77
6509,272,Afrikaans,8,1,58
6510,272,Afrikaans,8,2,62
6511,272,Afrikaans,8,3,55
6512,272,Afrikaans,8,4,61
6513,272,Mathematics,2,1,48
6514,272,Mathematics,2,2,45
6515,272,Mathematics,2,3,56
6516,272,Mathematics,2,4,56
6517,272,Life Science,13,1,60
6518,272,Life Science,13,2,66
6519,272,Life Science,13,3,62
6520,272,Life Science,13,4,71
6521,272,Accounting,26,1,82
6522,272,Accounting,26,2,83
6523,272,Accounting,26,3,74
6524,272,Accounting,26,4,73
6525,272,History,16,1,69
6526,272,History,16,2,70
6527,272,History,16,3,67
6528,272,History,16,4,70
6529,273,English,6,1,43
6530,273,English,6,2,52
6531,273,English,6,3,48
6532,273,English,6,4,46
6533,273,Afrikaans,7,1,72
6534,273,Afrikaans,7,2,75
6535,273,Afrikaans,7,3,73
6536,273,Afrikaans,7,4,71
6537,273,Mathematics,2,1,81
6538,273,Mathematics,2,2,73
6539,273,Mathematics,2,3,83
6540,273,Mathematics,2,4,76
6541,273,History,18,1,78
6542,273,History,18,2,71
6543,273,History,18,3,82
6544,273,History,18,4,69
6545,273,Accounting,27,1,70
6546,273,Accounting,27,2,79
6547,273,Accounting,27,3,70
6548,273,Accounting,27,4,70
6549,273,Physical Science,10,1,57
6550,273,Physical Science,10,2,47
6551,273,Physical Science,10,3,51
6552,273,Physical Science,10,4,42
6553,274,English,4,1,63
6554,274,English,4,2,63
6555,274,English,4,3,70
6556,274,English,4,4,64
6557,274,Afrikaans,7,1,45
6558,274,Afrikaans,7,2,43
6559,274,Afrikaans,7,3,54
6560,274,Afrikaans,7,4,48
6561,274,Mathematics,1,1,73
6562,274,Mathematics,1,2,64
6563,274,Mathematics,1,3,77
6564,274,Mathematics,1,4,65
6565,274,Physical Science,11,1,33
6566,274,Physical Science,11,2,42
6567,274,Physical Science,11,3,42
6568,274,Physical Science,11,4,30
6569,274,Geography,21,1,46
6570,274,Geography,21,2,47
6571,274,Geography,21,3,50
6572,274,Geography,21,4,53
6573,274,Information Technology,23,1,48
6574,274,Information Technology,23,2,44
6575,274,Information Technology,23,3,40
6576,274,Information Technology,23,4,40
6577,275,English,6,1,55
6578,275,English,6,2,47
6579,275,English,6,3,51
6580,275,English,6,4,49
6581,275,Afrikaans,7,1,81
6582,275,Afrikaans,7,2,72
6583,275,Afrikaans,7,3,76
6584,275,Afrikaans,7,4,77
6585,275,Mathematics,3,1,66
6586,275,Mathematics,3,2,69
6587,275,Mathematics,3,3,63
6588,275,Mathematics,3,4,70
6589,275,Life Science,13,1,81
6590,275,Life Science,13,2,78
6591,275,Life Science,13,3,79
6592,275,Life Science,13,4,81
6593,275,Accounting,27,1,77
6594,275,Accounting,27,2,71
6595,275,Accounting,27,3,84
6596,275,Accounting,27,4,81
6597,275,Geography,21,1,48
6598,275,Geography,21,2,55
6599,275,Geography,21,3,48
6600,275,Geography,21,4,55
6601,276,English,6,1,78
6602,276,English,6,2,70
6603,276,English,6,3,77
6604,276,English,6,4,75
6605,276,Afrikaans,7,1,63
6606,276,Afrikaans,7,2,54
6607,276,Afrikaans,7,3,66
6608,276,Afrikaans,7,4,56
6609,276,Mathematics,2,1,46
6610,276,Mathematics,2,2,42
6611,276,Mathematics,2,3,48
6612,276,Mathematics,2,4,50
6613,276,Information Technology,23,1,49
6614,276,Information Technology,23,2,42
6615,276,Information Technology,23,3,50
6616,276,Information Technology,23,4,41
6617,276,Life Science,13,1,44
6618,276,Life Science,13,2,45
6619,276,Life Science,13,3,53
6620,276,Life Science,13,4,56
6621,276,History,16,1,66
6622,276,History,16,2,74
6623,276,History,16,3,65
6624,276,History,16,4,70
6625,277,English,5,1,87
6626,277,English,5,2,89
6627,277,English,5,3,81
6628,277,English,5,4,86
6629,277,Afrikaans,7,1,79
6630,277,Afrikaans,7,2,76
6631,277,Afrikaans,7,3,70
6632,277,Afrikaans,7,4,68
6633,277,Mathematics,2,1,45
6634,277,Mathematics,2,2,51
6635,277,Mathematics,2,3,45
6636,277,Mathematics,2,4,53
6637,277,Physical Science,10,1,73
6638,277,Physical Science,10,2,60
6639,277,Physical Science,10,3,61
6640,277,Physical Science,10,4,71
6641,277,Geography,21,1,60
6642,277,Geography,21,2,58
6643,277,Geography,21,3,66
6644,277,Geography,21,4,60
6645,277,Accounting,27,1,57
6646,277,Accounting,27,2,56
6647,277,Accounting,27,3,55
6648,277,Accounting,27,4,60
6649,278,English,4,1,81
6650,278,English,4,2,79
6651,278,English,4,3,76
6652,278,English,4,4,70
6653,278,Afrikaans,7,1,64
6654,278,Afrikaans,7,2,65
6655,278,Afrikaans,7,3,67
6656,278,Afrikaans,7,4,67
6657,278,Mathematics,2,1,73
6658,278,Mathematics,2,2,78
6659,278,Mathematics,2,3,68
6660,278,Mathematics,2,4,79
6661,278,Geography,20,1,79
6662,278,Geography,20,2,74
6663,278,Geography,20,3,79
6664,278,Geography,20,4,83
6665,278,Physical Science,12,1,36
6666,278,Physical Science,12,2,30
6667,278,Physical Science,12,3,41
6668,278,Physical Science,12,4,45
6669,278,Accounting,26,1,45
6670,278,Accounting,26,2,43
6671,278,Accounting,26,3,53
6672,278,Accounting,26,4,53
6673,279,English,5,1,56
6674,279,English,5,2,61
6675,279,English,5,3,51
6676,279,English,5,4,60
6677,279,Afrikaans,9,1,58
6678,279,Afrikaans,9,2,59
6679,279,Afrikaans,9,3,53
6680,279,Afrikaans,9,4,56
6681,279,Mathematics,1,1,43
6682,279,Mathematics,1,2,51
6683,279,Mathematics,1,3,39
6684,279,Mathematics,1,4,52
6685,279,Physical Science,11,1,54
6686,279,Physical Science,11,2,56
6687,279,Physical Science,11,3,55
6688,279,Physical Science,11,4,68
6689,279,History,17,1,83
6690,279,History,17,2,78
6691,279,History,17,3,82
6692,279,History,17,4,89
6693,279,Geography,20,1,50
6694,279,Geography,20,2,55
6695,279,Geography,20,3,50
6696,279,Geography,20,4,48
6697,280,English,4,1,88
6698,280,English,4,2,79
6699,280,English,4,3,80
6700,280,English,4,4,90
6701,280,Afrikaans,7,1,61
6702,280,Afrikaans,7,2,54
6703,280,Afrikaans,7,3,60
6704,280,Afrikaans,7,4,58
6705,280,Mathematics,2,1,67
6706,280,Mathematics,2,2,53
6707,280,Mathematics,2,3,62
6708,280,Mathematics,2,4,56
6709,280,Information Technology,24,1,45
6710,280,Information Technology,24,2,45
6711,280,Information Technology,24,3,49
6712,280,Information Technology,24,4,60
6713,280,Geography,20,1,49
6714,280,Geography,20,2,61
6715,280,Geography,20,3,62
6716,280,Geography,20,4,63
6717,280,Accounting,26,1,77
6718,280,Accounting,26,2,85
6719,280,Accounting,26,3,78
6720,280,Accounting,26,4,76
6721,281,English,5,1,71
6722,281,English,5,2,74
6723,281,English,5,3,68
6724,281,English,5,4,82
6725,281,Afrikaans,8,1,65
6726,281,Afrikaans,8,2,67
6727,281,Afrikaans,8,3,73
6728,281,Afrikaans,8,4,62
6729,281,Mathematics,3,1,58
6730,281,Mathematics,3,2,51
6731,281,Mathematics,3,3,48
6732,281,Mathematics,3,4,60
6733,281,History,16,1,80
6734,281,History,16,2,82
6735,281,History,16,3,82
6736,281,History,16,4,75
6737,281,Physical Science,12,1,44
6738,281,Physical Science,12,2,46
6739,281,Physical Science,12,3,39
6740,281,Physical Science,12,4,41
6741,281,Geography,20,1,48
6742,281,Geography,20,2,47
6743,281,Geography,20,3,56
6744,281,Geography,20,4,55
6745,282,English,5,1,47
6746,282,English,5,2,49
6747,282,English,5,3,45
6748,282,English,5,4,43
6749,282,Afrikaans,8,1,47
6750,282,Afrikaans,8,2,41
6751,282,Afrikaans,8,3,50
6752,282,Afrikaans,8,4,47
6753,282,Mathematics,3,1,73
6754,282,Mathematics,3,2,68
6755,282,Mathematics,3,3,74
6756,282,Mathematics,3,4,75
6757,282,Physical Science,12,1,36
6758,282,Physical Science,12,2,50
6759,282,Physical Science,12,3,36
6760,282,Physical Science,12,4,36
6761,282,History,17,1,62
6762,282,History,17,2,69
6763,282,History,17,3,60
6764,282,History,17,4,71
6765,282,Life Science,14,1,68
6766,282,Life Science,14,2,72
6767,282,Life Science,14,3,62
6768,282,Life Science,14,4,66
6769,283,English,4,1,75
6770,283,English,4,2,68
6771,283,English,4,3,67
6772,283,English,4,4,74
6773,283,Afrikaans,9,1,79
6774,283,Afrikaans,9,2,66
6775,283,Afrikaans,9,3,79
6776,283,Afrikaans,9,4,67
6777,283,Mathematics,1,1,45
6778,283,Mathematics,1,2,48
6779,283,Mathematics,1,3,34
6780,283,Mathematics,1,4,42
6781,283,Information Technology,24,1,49
6782,283,Information Technology,24,2,59
6783,283,Information Technology,24,3,47
6784,283,Information Technology,24,4,47
6785,283,Geography,19,1,59
6786,283,Geography,19,2,57
6787,283,Geography,19,3,58
6788,283,Geography,19,4,69
6789,283,History,17,1,89
6790,283,History,17,2,83
6791,283,History,17,3,87
6792,283,History,17,4,77
6793,284,English,5,1,69
6794,284,English,5,2,71
6795,284,English,5,3,73
6796,284,English,5,4,61
6797,284,Afrikaans,8,1,68
6798,284,Afrikaans,8,2,67
6799,284,Afrikaans,8,3,63
6800,284,Afrikaans,8,4,65
6801,284,Mathematics,1,1,83
6802,284,Mathematics,1,2,71
6803,284,Mathematics,1,3,68
6804,284,Mathematics,1,4,72
6805,284,Physical Science,10,1,51
6806,284,Physical Science,10,2,64
6807,284,Physical Science,10,3,52
6808,284,Physical Science,10,4,63
6809,284,Geography,19,1,64
6810,284,Geography,19,2,68
6811,284,Geography,19,3,64
6812,284,Geography,19,4,61
6813,284,Accounting,27,1,62
6814,284,Accounting,27,2,62
6815,284,Accounting,27,3,53
6816,284,Accounting,27,4,53
6817,285,English,4,1,64
6818,285,English,4,2,58
6819,285,English,4,3,65
6820,285,English,4,4,58
6821,285,Afrikaans,7,1,69
6822,285,Afrikaans,7,2,68
6823,285,Afrikaans,7,3,80
6824,285,Afrikaans,7,4,66
6825,285,Mathematics,3,1,64
6826,285,Mathematics,3,2,67
6827,285,Mathematics,3,3,68
6828,285,Mathematics,3,4,59
6829,285,Life Science,14,1,77
6830,285,Life Science,14,2,82
6831,285,Life Science,14,3,76
6832,285,Life Science,14,4,77
6833,285,Geography,21,1,57
6834,285,Geography,21,2,60
6835,285,Geography,21,3,58
6836,285,Geography,21,4,52
6837,285,Information Technology,24,1,38
6838,285,Information Technology,24,2,44
6839,285,Information Technology,24,3,37
6840,285,Information Technology,24,4,41
6841,286,English,6,1,54
6842,286,English,6,2,57
6843,286,English,6,3,50
6844,286,English,6,4,57
6845,286,Afrikaans,8,1,48
6846,286,Afrikaans,8,2,53
6847,286,Afrikaans,8,3,55
6848,286,Afrikaans,8,4,43
6849,286,Mathematics,3,1,68
6850,286,Mathematics,3,2,68
6851,286,Mathematics,3,3,68
6852,286,Mathematics,3,4,57
6853,286,Information Technology,23,1,45
6854,286,Information Technology,23,2,43
6855,286,Information Technology,23,3,52
6856,286,Information Technology,23,4,53
6857,286,Physical Science,10,1,54
6858,286,Physical Science,10,2,52
6859,286,Physical Science,10,3,44
6860,286,Physical Science,10,4,52
6861,286,Geography,20,1,75
6862,286,Geography,20,2,66
6863,286,Geography,20,3,75
6864,286,Geography,20,4,63
6865,287,English,4,1,70
6866,287,English,4,2,57
6867,287,English,4,3,60
6868,287,English,4,4,71
6869,287,Afrikaans,9,1,52
6870,287,Afrikaans,9,2,56
6871,287,Afrikaans,9,3,47
6872,287,Afrikaans,9,4,58
6873,287,Mathematics,3,1,46
6874,287,Mathematics,3,2,48
6875,287,Mathematics,3,3,50
6876,287,Mathematics,3,4,41
6877,287,History,17,1,49
6878,287,History,17,2,43
6879,287,History,17,3,56
6880,287,History,17,4,51
6881,287,Accounting,26,1,55
6882,287,Accounting,26,2,52
6883,287,Accounting,26,3,54
6884,287,Accounting,26,4,52
6885,287,Life Science,15,1,67
6886,287,Life Science,15,2,57
6887,287,Life Science,15,3,64
6888,287,Life Science,15,4,69
6889,288,English,4,1,81
6890,288,English,4,2,71
6891,288,English,4,3,73
6892,288,English,4,4,70
6893,288,Afrikaans,9,1,42
6894,288,Afrikaans,9,2,53
6895,288,Afrikaans,9,3,50
6896,288,Afrikaans,9,4,49
6897,288,Mathematics,1,1,48
6898,288,Mathematics,1,2,53
6899,288,Mathematics,1,3,55
6900,288,Mathematics,1,4,57
6901,288,History,17,1,75
6902,288,History,17,2,83
6903,288,History,17,3,81
6904,288,History,17,4,82
6905,288,Life Science,14,1,44
6906,288,Life Science,14,2,40
6907,288,Life Science,14,3,42
6908,288,Life Science,14,4,48
6909,288,Physical Science,12,1,50
6910,288,Physical Science,12,2,54
6911,288,Physical Science,12,3,64
6912,288,Physical Science,12,4,54
6913,289,English,4,1,80
6914,289,English,4,2,73
6915,289,English,4,3,83
6916,289,English,4,4,78
6917,289,Afrikaans,9,1,70
6918,289,Afrikaans,9,2,84
6919,289,Afrikaans,9,3,74
6920,289,Afrikaans,9,4,84
6921,289,Mathematics,3,1,75
6922,289,Mathematics,3,2,73
6923,289,Mathematics,3,3,78
6924,289,Mathematics,3,4,78
6925,289,Information Technology,23,1,66
6926,289,Information Technology,23,2,73
6927,289,Information Technology,23,3,67
6928,289,Information Technology,23,4,72
6929,289,Physical Science,11,1,49
6930,289,Physical Science,11,2,43
6931,289,Physical Science,11,3,54
6932,289,Physical Science,11,4,54
6933,289,Life Science,13,1,48
6934,289,Life Science,13,2,48
6935,289,Life Science,13,3,55
6936,289,Life Science,13,4,42
6937,290,English,4,1,84
6938,290,English,4,2,83
6939,290,English,4,3,83
6940,290,English,4,4,81
6941,290,Afrikaans,9,1,72
6942,290,Afrikaans,9,2,75
6943,290,Afrikaans,9,3,69
6944,290,Afrikaans,9,4,62
6945,290,Mathematics,2,1,57
6946,290,Mathematics,2,2,56
6947,290,Mathematics,2,3,54
6948,290,Mathematics,2,4,48
6949,290,History,16,1,80
6950,290,History,16,2,88
6951,290,History,16,3,87
6952,290,History,16,4,84
6953,290,Accounting,26,1,70
6954,290,Accounting,26,2,64
6955,290,Accounting,26,3,63
6956,290,Accounting,26,4,64
6957,290,Life Science,14,1,43
6958,290,Life Science,14,2,56
6959,290,Life Science,14,3,46
6960,290,Life Science,14,4,58
6961,291,English,6,1,81
6962,291,English,6,2,92
6963,291,English,6,3,94
6964,291,English,6,4,79
6965,291,Afrikaans,9,1,68
6966,291,Afrikaans,9,2,61
6967,291,Afrikaans,9,3,62
6968,291,Afrikaans,9,4,69
6969,291,Mathematics,3,1,79
6970,291,Mathematics,3,2,70
6971,291,Mathematics,3,3,73
6972,291,Mathematics,3,4,82
6973,291,Life Science,13,1,56
6974,291,Life Science,13,2,59
6975,291,Life Science,13,3,58
6976,291,Life Science,13,4,57
6977,291,Physical Science,10,1,41
6978,291,Physical Science,10,2,37
6979,291,Physical Science,10,3,46
6980,291,Physical Science,10,4,39
6981,291,Accounting,25,1,59
6982,291,Accounting,25,2,60
6983,291,Accounting,25,3,64
6984,291,Accounting,25,4,58
6985,292,English,4,1,52
6986,292,English,4,2,40
6987,292,English,4,3,39
6988,292,English,4,4,39
6989,292,Afrikaans,8,1,57
6990,292,Afrikaans,8,2,62
6991,292,Afrikaans,8,3,56
6992,292,Afrikaans,8,4,56
6993,292,Mathematics,2,1,55
6994,292,Mathematics,2,2,49
6995,292,Mathematics,2,3,54
6996,292,Mathematics,2,4,48
6997,292,History,18,1,91
6998,292,History,18,2,80
6999,292,History,18,3,92
7000,292,History,18,4,83
7001,292,Life Science,15,1,90
7002,292,Life Science,15,2,83
7003,292,Life Science,15,3,90
7004,292,Life Science,15,4,88
7005,292,Information Technology,23,1,73
7006,292,Information Technology,23,2,81
7007,292,Information Technology,23,3,75
7008,292,Information Technology,23,4,71
7009,293,English,6,1,63
7010,293,English,6,2,50
7011,293,English,6,3,59
7012,293,English,6,4,55
7013,293,Afrikaans,8,1,77
7014,293,Afrikaans,8,2,82
7015,293,Afrikaans,8,3,78
7016,293,Afrikaans,8,4,74
7017,293,Mathematics,1,1,37
7018,293,Mathematics,1,2,50
7019,293,Mathematics,1,3,37
7020,293,Mathematics,1,4,41
7021,293,Information Technology,22,1,38
7022,293,Information Technology,22,2,48
7023,293,Information Technology,22,3,36
7024,293,Information Technology,22,4,40
7025,293,Life Science,13,1,78
7026,293,Life Science,13,2,72
7027,293,Life Science,13,3,74
7028,293,Life Science,13,4,74
7029,293,Physical Science,11,1,55
7030,293,Physical Science,11,2,56
7031,293,Physical Science,11,3,61
7032,293,Physical Science,11,4,57
7033,294,English,6,1,50
7034,294,English,6,2,44
7035,294,English,6,3,46
7036,294,English,6,4,42
7037,294,Afrikaans,8,1,80
7038,294,Afrikaans,8,2,80
7039,294,Afrikaans,8,3,91
7040,294,Afrikaans,8,4,80
7041,294,Mathematics,3,1,42
7042,294,Mathematics,3,2,47
7043,294,Mathematics,3,3,46
7044,294,Mathematics,3,4,43
7045,294,Life Science,15,1,45
7046,294,Life Science,15,2,58
7047,294,Life Science,15,3,54
7048,294,Life Science,15,4,49
7049,294,Geography,20,1,67
7050,294,Geography,20,2,79
7051,294,Geography,20,3,64
7052,294,Geography,20,4,77
7053,294,Information Technology,22,1,54
7054,294,Information Technology,22,2,41
7055,294,Information Technology,22,3,45
7056,294,Information Technology,22,4,52
7057,295,English,6,1,73
7058,295,English,6,2,77
7059,295,English,6,3,68
7060,295,English,6,4,68
7061,295,Afrikaans,7,1,56
7062,295,Afrikaans,7,2,61
7063,295,Afrikaans,7,3,57
7064,295,Afrikaans,7,4,59
7065,295,Mathematics,1,1,64
7066,295,Mathematics,1,2,68
7067,295,Mathematics,1,3,53
7068,295,Mathematics,1,4,58
7069,295,Information Technology,22,1,76
7070,295,Information Technology,22,2,71
7071,295,Information Technology,22,3,74
7072,295,Information Technology,22,4,68
7073,295,Accounting,26,1,68
7074,295,Accounting,26,2,84
7075,295,Accounting,26,3,84
7076,295,Accounting,26,4,72
7077,295,Geography,20,1,63
7078,295,Geography,20,2,55
7079,295,Geography,20,3,58
7080,295,Geography,20,4,52
7081,296,English,6,1,63
7082,296,English,6,2,66
7083,296,English,6,3,61
7084,296,English,6,4,63
7085,296,Afrikaans,8,1,62
7086,296,Afrikaans,8,2,69
7087,296,Afrikaans,8,3,60
7088,296,Afrikaans,8,4,56
7089,296,Mathematics,3,1,63
7090,296,Mathematics,3,2,68
7091,296,Mathematics,3,3,69
7092,296,Mathematics,3,4,67
7093,296,Accounting,27,1,78
7094,296,Accounting,27,2,72
7095,296,Accounting,27,3,74
7096,296,Accounting,27,4,71
7097,296,Information Technology,23,1,55
7098,296,Information Technology,23,2,59
7099,296,Information Technology,23,3,50
7100,296,Information Technology,23,4,56
7101,296,History,16,1,56
7102,296,History,16,2,65
7103,296,History,16,3,63
7104,296,History,16,4,64
7105,297,English,4,1,74
7106,297,English,4,2,76
7107,297,English,4,3,69
7108,297,English,4,4,78
7109,297,Afrikaans,7,1,70
7110,297,Afrikaans,7,2,75
7111,297,Afrikaans,7,3,75
7112,297,Afrikaans,7,4,66
7113,297,Mathematics,3,1,65
7114,297,Mathematics,3,2,61
7115,297,Mathematics,3,3,76
7116,297,Mathematics,3,4,68
7117,297,Accounting,26,1,84
7118,297,Accounting,26,2,80
7119,297,Accounting,26,3,87
7120,297,Accounting,26,4,82
7121,297,History,18,1,65
7122,297,History,18,2,68
7123,297,History,18,3,70
7124,297,History,18,4,75
7125,297,Life Science,15,1,70
7126,297,Life Science,15,2,76
7127,297,Life Science,15,3,72
7128,297,Life Science,15,4,67
7129,298,English,5,1,63
7130,298,English,5,2,63
7131,298,English,5,3,56
7132,298,English,5,4,62
7133,298,Afrikaans,9,1,44
7134,298,Afrikaans,9,2,54
7135,298,Afrikaans,9,3,44
7136,298,Afrikaans,9,4,54
7137,298,Mathematics,2,1,59
7138,298,Mathematics,2,2,55
7139,298,Mathematics,2,3,52
7140,298,Mathematics,2,4,47
7141,298,Geography,21,1,72
7142,298,Geography,21,2,69
7143,298,Geography,21,3,79
7144,298,Geography,21,4,69
7145,298,Physical Science,10,1,44
7146,298,Physical Science,10,2,38
7147,298,Physical Science,10,3,49
7148,298,Physical Science,10,4,49
7149,298,Accounting,27,1,64
7150,298,Accounting,27,2,60
7151,298,Accounting,27,3,60
7152,298,Accounting,27,4,55
7153,299,English,5,1,85
7154,299,English,5,2,71
7155,299,English,5,3,78
7156,299,English,5,4,83
7157,299,Afrikaans,7,1,47
7158,299,Afrikaans,7,2,58
7159,299,Afrikaans,7,3,49
7160,299,Afrikaans,7,4,54
7161,299,Mathematics,1,1,81
7162,299,Mathematics,1,2,76
7163,299,Mathematics,1,3,69
7164,299,Mathematics,1,4,78
7165,299,Geography,20,1,40
7166,299,Geography,20,2,54
7167,299,Geography,20,3,49
7168,299,Geography,20,4,44
7169,299,History,16,1,66
7170,299,History,16,2,81
7171,299,History,16,3,66
7172,299,History,16,4,75
7173,299,Information Technology,22,1,38
7174,299,Information Technology,22,2,51
7175,299,Information Technology,22,3,39
7176,299,Information Technology,22,4,49
7177,300,English,4,1,66
7178,300,English,4,2,68
7179,300,English,4,3,69
7180,300,English,4,4,70
7181,300,Afrikaans,9,1,52
7182,300,Afrikaans,9,2,57
7183,300,Afrikaans,9,3,43
7184,300,Afrikaans,9,4,54
7185,300,Mathematics,1,1,65
7186,300,Mathematics,1,2,66
7187,300,Mathematics,1,3,54
7188,300,Mathematics,1,4,62
7189,300,Information Technology,23,1,77
7190,300,Information Technology,23,2,74
7191,300,Information Technology,23,3,81
7192,300,Information Technology,23,4,75
7193,300,Physical Science,11,1,34
7194,300,Physical Science,11,2,33
7195,300,Physical Science,11,3,40
7196,300,Physical Science,11,4,43
7197,300,History,16,1,59
7198,300,History,16,2,56
7199,300,History,16,3,60
7200,300,History,16,4,65
